CVEGEO,ENTIDAD,MUN,LOC,AGEB,NOM_MUN,POBTOT,POB0_14,POB15_64,POB65_MAS,P_18A24,P_12YMAS,PEA,POCUPADA,PDESOCUP,PE_INAC,VIVTOT,TVIVHAB,GRAPROES
0900200010010,09,002,0001,0010,Azcapotzalco,3183,388,2124,671,303,2879,1582,1532,50,1293,894,867,11.52
0900200010025,09,002,0001,0025,Azcapotzalco,5593,822,3745,1025,521,4964,2854,2810,44,2099,1851,1760,10.73
090020001003A,09,002,0001,003A,Azcapotzalco,4235,645,2841,749,425,3747,2152,2080,72,1587,1249,1190,10.55
0900200010044,09,002,0001,0044,Azcapotzalco,4768,692,3171,905,487,4242,2432,2356,76,1798,1440,1389,11.07
0900200010097,09,002,0001,0097,Azcapotzalco,2176,278,1428,470,204,1977,1091,1058,33,882,616,597,11.74
090020001010A,09,002,0001,010A,Azcapotzalco,3346,425,2212,709,329,3037,1635,1574,61,1397,943,912,11.8
0900200010114,09,002,0001,0114,Azcapotzalco,9866,1804,7130,932,1150,8454,5460,5349,111,2983,3357,3027,11.21
0900200010129,09,002,0001,0129,Azcapotzalco,5703,1003,4292,408,637,4898,3268,3161,107,1626,2091,1831,12.43
0900200010133,09,002,0001,0133,Azcapotzalco,7288,1391,5130,766,868,6212,3825,3708,117,2381,2114,1991,10.9
0900200010148,09,002,0001,0148,Azcapotzalco,2513,366,1740,407,248,2246,1309,1270,39,935,822,751,13.26
0900200010167,09,002,0001,0167,Azcapotzalco,3049,542,2182,325,298,2626,1642,1609,33,970,986,915,11.18
0900200010171,09,002,0001,0171,Azcapotzalco,2313,304,1622,387,234,2089,1267,1238,29,820,734,695,11.82
0900200010186,09,002,0001,0186,Azcapotzalco,11139,1991,8114,1034,1108,9580,6399,6252,147,3170,3717,3501,12.43
0900200010190,09,002,0001,0190,Azcapotzalco,8920,1575,6439,906,897,7646,5109,4975,134,2525,3014,2829,11.55
0900200010203,09,002,0001,0203,Azcapotzalco,5495,961,3897,637,576,4750,2893,2779,114,1850,1539,1466,10.88
0900200010218,09,002,0001,0218,Azcapotzalco,4162,636,2957,569,434,3682,2324,2270,54,1347,1365,1276,11.67
0900200010222,09,002,0001,0222,Azcapotzalco,7064,1190,5190,680,875,6093,3913,3840,73,2179,2137,2001,11.59
0900200010237,09,002,0001,0237,Azcapotzalco,7093,1298,5064,731,785,6074,3962,3847,115,2102,2282,2047,11.13
0900200010256,09,002,0001,0256,Azcapotzalco,4894,868,3470,554,482,4236,2563,2508,55,1669,1548,1425,11.67
0900200010260,09,002,0001,0260,Azcapotzalco,5027,754,3567,700,471,4437,2740,2658,82,1691,1479,1370,11.38
0900200010275,09,002,0001,0275,Azcapotzalco,7063,1180,5132,751,760,6150,3833,3714,119,2305,1993,1877,10.81
090020001028A,09,002,0001,028A,Azcapotzalco,3133,380,2226,525,277,2840,1769,1710,59,1060,1071,1004,12.72
0900200010294,09,002,0001,0294,Azcapotzalco,6122,953,4356,813,575,5361,3585,3495,90,1772,2192,1984,11.95
0900200010307,09,002,0001,0307,Azcapotzalco,5718,909,4083,726,621,5013,3176,3097,79,1832,1734,1663,11.28
0900200010311,09,002,0001,0311,Azcapotzalco,3817,599,2679,539,382,3354,2185,2115,70,1163,1307,1205,11.9
0900200010326,09,002,0001,0326,Azcapotzalco,8373,1407,6288,678,891,7273,4935,4772,163,2333,3080,2775,12.65
0900200010330,09,002,0001,0330,Azcapotzalco,2352,489,1595,268,275,1967,1232,1198,34,731,672,607,10.83
0900200010345,09,002,0001,0345,Azcapotzalco,4283,671,2878,733,403,3778,2203,2165,38,1571,1365,1260,11.57
090020001035A,09,002,0001,035A,Azcapotzalco,6325,1122,4670,533,729,5466,3555,3462,93,1908,2149,1891,11.85
0900200010364,09,002,0001,0364,Azcapotzalco,3407,506,2370,531,359,3029,1822,1758,64,1202,1004,914,11.41
0900200010379,09,002,0001,0379,Azcapotzalco,4525,695,3005,689,423,3865,2289,2207,82,1571,1490,1337,11.54
0900200010383,09,002,0001,0383,Azcapotzalco,4040,637,2804,599,416,3538,2259,2168,91,1276,1349,1228,11.68
0900200010398,09,002,0001,0398,Azcapotzalco,4230,692,2939,599,387,3691,2417,2331,86,1272,1552,1352,11.6
0900200010400,09,002,0001,0400,Azcapotzalco,3953,586,2820,545,368,3503,2236,2183,53,1263,1382,1231,11.79
0900200010415,09,002,0001,0415,Azcapotzalco,4165,614,2889,662,350,3700,2281,2228,53,1407,1493,1297,12.36
0900200010434,09,002,0001,0434,Azcapotzalco,2831,339,1909,583,259,2571,1460,1433,27,1106,1038,965,12.73
0900200010449,09,002,0001,0449,Azcapotzalco,2939,455,1990,494,270,2577,1433,1372,61,1138,905,819,12.27
0900200010468,09,002,0001,0468,Azcapotzalco,4552,646,3352,554,412,4050,2808,2759,49,1231,1847,1656,12.6
0900200010472,09,002,0001,0472,Azcapotzalco,6574,982,4776,816,583,5831,3735,3677,58,2093,2712,2345,13.06
0900200010487,09,002,0001,0487,Azcapotzalco,4207,650,2975,582,437,3709,2338,2281,57,1366,1423,1313,11.62
0900200010491,09,002,0001,0491,Azcapotzalco,6312,918,4489,905,673,5604,3520,3419,101,2081,2080,1914,12.19
0900200010504,09,002,0001,0504,Azcapotzalco,4754,614,3399,741,413,4257,2666,2575,91,1584,1670,1532,13.56
0900200010519,09,002,0001,0519,Azcapotzalco,2409,385,1665,359,230,2115,1249,1215,34,861,904,793,12.64
0900200010542,09,002,0001,0542,Azcapotzalco,6915,1339,5004,572,564,5821,4026,3952,74,1792,2626,2318,13.24
0900200010557,09,002,0001,0557,Azcapotzalco,4475,736,3095,644,430,3903,2550,2463,87,1352,1606,1396,11.51
0900200010561,09,002,0001,0561,Azcapotzalco,3454,617,2382,455,340,2971,1870,1831,39,1098,1238,1044,11.47
0900200010576,09,002,0001,0576,Azcapotzalco,3168,522,2239,407,305,2762,1823,1789,34,936,1090,946,11.36
0900200010580,09,002,0001,0580,Azcapotzalco,4220,722,2975,523,427,3650,2344,2291,53,1299,1443,1223,11.29
0900200010595,09,002,0001,0595,Azcapotzalco,5116,1045,3549,522,543,4290,2833,2763,70,1449,1592,1480,10.59
0900200010608,09,002,0001,0608,Azcapotzalco,5135,1021,3637,477,636,4347,2948,2901,47,1396,1837,1500,10.35
0900200010612,09,002,0001,0612,Azcapotzalco,4333,856,3052,425,506,3678,2415,2365,50,1251,1481,1253,10.65
0900200010627,09,002,0001,0627,Azcapotzalco,4912,940,3485,487,595,4168,2710,2654,56,1454,1750,1545,10.01
0900200010631,09,002,0001,0631,Azcapotzalco,5263,888,3616,758,507,4580,2681,2598,83,1896,1519,1449,11.75
0900200010650,09,002,0001,0650,Azcapotzalco,6499,1121,4482,794,663,5514,3351,3239,112,2159,1953,1815,10.65
0900200010665,09,002,0001,0665,Azcapotzalco,7747,1348,5532,867,827,6726,4420,4307,113,2300,2692,2408,11.39
090020001067A,09,002,0001,067A,Azcapotzalco,6226,940,4584,702,559,5485,3595,3516,79,1886,2450,2089,12.98
0900200010684,09,002,0001,0684,Azcapotzalco,3991,538,2818,635,340,3575,2118,2066,52,1453,1634,1394,13.34
0900200010699,09,002,0001,0699,Azcapotzalco,2696,315,1890,491,236,2460,1476,1425,51,980,1063,900,14.07
0900200010701,09,002,0001,0701,Azcapotzalco,2400,281,1683,436,196,2200,1380,1340,40,815,980,825,13.93
0900200010716,09,002,0001,0716,Azcapotzalco,3775,523,2661,589,365,3370,2151,2107,44,1214,1501,1256,12.39
0900200010720,09,002,0001,0720,Azcapotzalco,2653,310,1777,566,214,2439,1406,1377,29,1030,1111,929,14.01
090020001074A,09,002,0001,074A,Azcapotzalco,2850,444,1961,433,276,2487,1530,1468,62,956,1054,934,12.31
0900200010754,09,002,0001,0754,Azcapotzalco,2282,367,1540,375,207,2002,1285,1252,33,714,851,733,11.84
0900200010769,09,002,0001,0769,Azcapotzalco,9195,1644,6744,807,816,7893,5573,5430,143,2302,3750,3178,12.82
0900200010773,09,002,0001,0773,Azcapotzalco,2314,360,1592,362,246,2034,1199,1150,49,834,782,693,11.12
0900200010788,09,002,0001,0788,Azcapotzalco,2450,365,1706,373,221,2144,1390,1341,49,754,1085,775,11.88
0900200010792,09,002,0001,0792,Azcapotzalco,4954,728,3493,733,476,4379,2823,2749,74,1552,1866,1651,11.92
0900200010805,09,002,0001,0805,Azcapotzalco,1996,232,1404,360,156,1816,1208,1174,34,605,884,741,13.5
090020001081A,09,002,0001,081A,Azcapotzalco,3761,505,2652,604,272,3366,2148,2102,46,1213,1684,1408,13.04
0900200010824,09,002,0001,0824,Azcapotzalco,3028,465,2140,423,283,2670,1702,1655,47,966,1118,981,12.32
0900200010839,09,002,0001,0839,Azcapotzalco,3004,325,2062,608,231,2753,1680,1646,34,1072,1254,1072,13.94
0900200010843,09,002,0001,0843,Azcapotzalco,3643,414,2555,674,285,3331,2088,1999,89,1240,1414,1245,13.54
0900200010858,09,002,0001,0858,Azcapotzalco,4395,691,3097,587,419,3849,2368,2294,74,1479,1603,1412,11.95
0900200010877,09,002,0001,0877,Azcapotzalco,821,162,571,88,81,703,444,438,6,259,226,213,10.0
0900200010881,09,002,0001,0881,Azcapotzalco,5207,968,3687,516,589,4410,2701,2648,53,1694,1590,1464,10.25
0900200010896,09,002,0001,0896,Azcapotzalco,1532,212,1066,254,145,1365,846,837,9,515,666,568,12.96
0900200010909,09,002,0001,0909,Azcapotzalco,1810,246,1200,364,149,1609,939,920,19,670,751,645,12.97
0900200010913,09,002,0001,0913,Azcapotzalco,3311,493,2299,519,292,2938,1705,1644,61,1230,1048,976,11.45
0900200010928,09,002,0001,0928,Azcapotzalco,1841,405,1322,114,212,1504,1040,1014,26,464,541,518,10.13
0900200010932,09,002,0001,0932,Azcapotzalco,408,75,288,45,37,352,216,214,,134,131,126,11.74
0900200010947,09,002,0001,0947,Azcapotzalco,4456,740,3276,440,475,3891,2451,2373,78,1433,1439,1309,11.18
0900200010966,09,002,0001,0966,Azcapotzalco,2047,230,1229,588,139,1878,968,936,32,871,675,645,13.36
0900200010970,09,002,0001,0970,Azcapotzalco,2953,412,2098,443,309,2647,1497,1449,48,1149,935,885,12.58
0900200010985,09,002,0001,0985,Azcapotzalco,2334,328,1603,403,199,2091,1282,1246,36,806,736,694,11.96
090020001099A,09,002,0001,099A,Azcapotzalco,1337,246,950,141,125,1147,738,730,8,408,469,418,12.59
0900200011004,09,002,0001,1004,Azcapotzalco,7559,1405,5557,597,845,6449,4423,4304,119,2021,2525,2286,11.84
0900200011019,09,002,0001,1019,Azcapotzalco,1689,305,1192,191,166,1450,968,934,34,482,595,536,11.79
0900200011023,09,002,0001,1023,Azcapotzalco,7644,1076,5739,829,701,6800,4695,4560,135,2099,3050,2731,12.65
0900200011038,09,002,0001,1038,Azcapotzalco,7053,1482,4923,628,783,5868,3816,3716,100,2049,2499,2138,10.74
0900200011042,09,002,0001,1042,Azcapotzalco,5802,1096,4137,569,635,4961,3159,3075,84,1797,1786,1617,10.56
0900200011057,09,002,0001,1057,Azcapotzalco,2418,296,1649,473,181,2198,1280,1266,14,916,1061,862,14.06
0900200011061,09,002,0001,1061,Azcapotzalco,1719,229,1159,331,147,1543,871,840,31,672,786,673,12.32
0900200011076,09,002,0001,1076,Azcapotzalco,1,,,,,,,,,,1,1,
0900200011080,09,002,0001,1080,Azcapotzalco,5000,1057,3670,273,398,4149,2851,2784,67,1292,1891,1783,13.91
0900200011095,09,002,0001,1095,Azcapotzalco,7035,1237,5177,620,751,6068,4001,3898,103,2063,2361,2145,12.09
0900200011112,09,002,0001,1112,Azcapotzalco,4239,662,3216,361,402,3731,2445,2381,64,1281,1390,1300,12.21
0900200011127,09,002,0001,1127,Azcapotzalco,2837,427,2168,242,285,2513,1656,1626,30,856,947,875,12.2
0900200011131,09,002,0001,1131,Azcapotzalco,2543,291,1793,459,285,2316,1351,1313,38,964,994,889,12.93
0900200011146,09,002,0001,1146,Azcapotzalco,927,110,633,184,85,838,501,486,15,335,393,342,13.12
0900200011150,09,002,0001,1150,Azcapotzalco,3486,708,2588,190,382,2905,1969,1929,40,930,1187,1055,12.55
0900200011165,09,002,0001,1165,Azcapotzalco,400,90,278,32,50,324,221,215,6,103,117,107,9.67
090020001117A,09,002,0001,117A,Azcapotzalco,1602,234,1101,267,128,1418,810,792,18,608,573,537,12.88
0900200011184,09,002,0001,1184,Azcapotzalco,1433,180,1031,222,146,1303,727,698,29,576,517,471,12.68
0900300010018,09,003,0001,0018,Coyoacán,1658,165,1062,431,107,1524,925,904,21,594,732,658,14.93
0900300010022,09,003,0001,0022,Coyoacán,1569,134,1091,344,136,1466,897,883,14,566,652,583,14.97
0900300010037,09,003,0001,0037,Coyoacán,1428,180,923,325,101,1286,769,759,10,504,534,479,14.6
0900300010041,09,003,0001,0041,Coyoacán,3006,237,2094,662,241,2810,1840,1815,25,966,1450,1308,14.81
0900300010056,09,003,0001,0056,Coyoacán,3895,454,2732,709,360,3527,2252,2184,68,1264,1635,1385,14.18
0900300010060,09,003,0001,0060,Coyoacán,4299,568,2951,780,413,3880,2397,2314,83,1473,1565,1423,13.42
0900300010075,09,003,0001,0075,Coyoacán,2825,258,2013,554,274,2632,1700,1658,42,908,1178,1055,14.44
090030001008A,09,003,0001,008A,Coyoacán,2297,204,1562,531,231,2145,1179,1149,30,953,766,712,14.6
0900300010094,09,003,0001,0094,Coyoacán,3531,324,2463,733,295,3271,1888,1806,82,1365,1269,1170,14.12
0900300010107,09,003,0001,0107,Coyoacán,6992,836,4868,1288,646,6342,3881,3790,91,2450,2522,2341,13.41
0900300010111,09,003,0001,0111,Coyoacán,1380,165,791,424,93,1275,794,788,6,474,403,383,14.26
0900300010126,09,003,0001,0126,Coyoacán,1803,202,1183,416,141,1655,1070,1061,9,583,683,609,14.88
0900300010130,09,003,0001,0130,Coyoacán,2171,220,1418,533,154,1996,1207,1180,27,777,833,745,14.15
0900300010145,09,003,0001,0145,Coyoacán,2090,224,1418,448,171,1912,1233,1207,26,675,932,780,14.53
090030001015A,09,003,0001,015A,Coyoacán,5065,549,3559,957,444,4643,2942,2849,93,1677,2013,1829,14.21
0900300010164,09,003,0001,0164,Coyoacán,2900,358,1999,543,218,2647,1721,1684,37,908,1203,1074,14.46
0900300010179,09,003,0001,0179,Coyoacán,2198,200,1547,450,195,2050,1269,1228,41,777,819,754,14.49
0900300010183,09,003,0001,0183,Coyoacán,2789,288,1997,504,202,2564,1706,1663,43,857,1180,1069,14.79
0900300010198,09,003,0001,0198,Coyoacán,1649,188,1117,344,117,1509,870,852,18,633,525,495,14.25
0900300010200,09,003,0001,0200,Coyoacán,5523,682,3994,847,523,4983,3345,3247,98,1635,2241,1997,14.17
0900300010215,09,003,0001,0215,Coyoacán,6100,877,4483,740,536,5419,3608,3542,66,1807,2607,2261,14.52
090030001022A,09,003,0001,022A,Coyoacán,8705,1643,6184,878,902,7413,4879,4766,113,2512,2602,2464,11.45
0900300010234,09,003,0001,0234,Coyoacán,710,91,466,153,56,641,432,415,17,208,260,245,15.5
0900300010249,09,003,0001,0249,Coyoacán,740,77,536,127,75,685,424,412,12,261,291,265,15.01
0900300010268,09,003,0001,0268,Coyoacán,1305,98,868,339,119,1234,775,752,23,457,523,472,14.51
0900300010272,09,003,0001,0272,Coyoacán,3327,385,2184,758,297,3034,1847,1797,50,1172,1234,1118,15.38
0900300010287,09,003,0001,0287,Coyoacán,8213,1212,5782,1219,769,7286,4609,4524,85,2668,2726,2522,13.06
0900300010291,09,003,0001,0291,Coyoacán,4212,549,3064,599,350,3786,2527,2455,72,1258,1618,1508,13.46
0900300010304,09,003,0001,0304,Coyoacán,1968,204,1413,351,215,1806,1126,1094,32,680,783,665,13.92
0900300010319,09,003,0001,0319,Coyoacán,2494,286,1749,458,210,2284,1422,1389,33,861,1031,914,14.53
0900300010323,09,003,0001,0323,Coyoacán,2398,231,1678,489,239,2221,1233,1155,78,986,1148,802,14.1
0900300010342,09,003,0001,0342,Coyoacán,3376,351,2260,765,318,3120,1811,1750,61,1290,1224,1120,14.28
0900300010357,09,003,0001,0357,Coyoacán,4074,695,2951,428,477,3527,2309,2268,41,1212,1247,1207,10.48
0900300010361,09,003,0001,0361,Coyoacán,1977,183,1426,368,227,1836,1078,1067,11,756,728,671,13.67
0900300010376,09,003,0001,0376,Coyoacán,1268,94,896,278,148,1201,769,759,10,432,558,513,15.0
0900300010380,09,003,0001,0380,Coyoacán,2851,220,2122,509,324,2683,1709,1648,61,973,1313,1234,15.53
0900300010395,09,003,0001,0395,Coyoacán,2301,117,1813,370,401,2204,1371,1333,38,832,1107,989,15.57
0900300010408,09,003,0001,0408,Coyoacán,1576,99,1169,308,232,1493,867,843,24,624,721,641,15.6
0900300010412,09,003,0001,0412,Coyoacán,3853,321,2703,829,526,3620,2089,2001,88,1510,1506,1433,14.92
0900300010427,09,003,0001,0427,Coyoacán,2116,251,1390,473,222,1915,1173,1157,16,735,659,621,13.74
0900300010431,09,003,0001,0431,Coyoacán,5344,845,3809,689,683,4672,2810,2764,46,1855,1614,1501,11.58
0900300010446,09,003,0001,0446,Coyoacán,5501,812,4010,679,615,4886,3207,3073,134,1675,1968,1812,13.32
0900300010450,09,003,0001,0450,Coyoacán,6576,890,4721,963,718,5908,3762,3661,101,2129,2354,2136,13.21
0900300010465,09,003,0001,0465,Coyoacán,1476,161,977,338,113,1340,785,770,15,553,538,485,14.78
0900300010484,09,003,0001,0484,Coyoacán,1003,92,713,198,74,934,563,543,20,371,426,356,14.6
0900300010499,09,003,0001,0499,Coyoacán,2502,224,1688,590,217,2347,1279,1250,29,1065,859,806,14.47
0900300010501,09,003,0001,0501,Coyoacán,3477,377,2372,728,294,3196,1862,1823,39,1330,1102,1060,14.12
0900300010516,09,003,0001,0516,Coyoacán,1436,203,968,265,134,1281,776,754,22,504,465,433,13.27
0900300010520,09,003,0001,0520,Coyoacán,2615,414,1762,439,253,2286,1522,1475,47,757,760,708,12.4
0900300010535,09,003,0001,0535,Coyoacán,7676,1550,5455,671,849,6457,4317,4231,86,2118,2306,2247,10.49
090030001054A,09,003,0001,054A,Coyoacán,784,52,560,170,95,744,456,442,14,281,650,311,15.35
0900300010554,09,003,0001,0554,Coyoacán,4591,633,3466,492,555,4096,2729,2670,59,1357,1652,1543,12.79
0900300010573,09,003,0001,0573,Coyoacán,12827,2261,9446,1120,1447,11119,7610,7469,141,3502,4206,3689,11.69
0900300010588,09,003,0001,0588,Coyoacán,1779,212,1208,359,194,1632,1024,1010,14,605,586,525,13.36
0900300010605,09,003,0001,0605,Coyoacán,3621,825,2514,282,397,2949,1955,1918,37,990,1071,1033,9.65
090030001061A,09,003,0001,061A,Coyoacán,10554,1939,7538,1074,1327,9063,5887,5752,135,3165,3202,2987,10.63
0900300010624,09,003,0001,0624,Coyoacán,9838,1923,7043,869,1253,8364,5330,5210,120,3020,2891,2743,10.35
0900300010639,09,003,0001,0639,Coyoacán,12525,2563,8753,1206,1505,10555,6849,6658,191,3695,3217,3100,10.14
0900300010643,09,003,0001,0643,Coyoacán,8559,1538,6112,906,966,7360,4937,4833,104,2393,2378,2298,10.69
0900300010658,09,003,0001,0658,Coyoacán,10461,1929,7377,1154,1139,9002,5607,5485,122,3348,2969,2848,10.97
0900300010662,09,003,0001,0662,Coyoacán,5469,921,3891,657,598,4739,3252,3186,66,1477,1710,1605,10.84
0900300010677,09,003,0001,0677,Coyoacán,8113,1204,5833,1076,872,7178,4671,4557,114,2489,2710,2537,12.52
0900300010681,09,003,0001,0681,Coyoacán,4561,704,3299,556,438,4002,2590,2549,41,1409,1598,1462,13.01
0900300010696,09,003,0001,0696,Coyoacán,2382,226,1684,472,189,2207,1435,1402,33,759,994,873,14.71
0900300010709,09,003,0001,0709,Coyoacán,3117,409,2141,567,281,2804,1731,1682,49,1072,1193,1085,13.23
0900300010713,09,003,0001,0713,Coyoacán,4685,505,3101,1079,374,4291,2031,1954,77,2257,1568,1449,14.08
0900300010728,09,003,0001,0728,Coyoacán,3836,371,2570,895,314,3552,1938,1895,43,1607,1336,1250,14.18
0900300010770,09,003,0001,0770,Coyoacán,326,35,238,53,32,299,213,210,3,86,188,144,14.9
0900300010785,09,003,0001,0785,Coyoacán,11640,2240,8383,1010,1593,9852,6814,6705,109,3023,3645,3351,10.53
090030001079A,09,003,0001,079A,Coyoacán,9058,1862,6358,837,1130,7612,4970,4861,109,2627,2599,2405,10.07
0900300010802,09,003,0001,0802,Coyoacán,13042,2641,9272,1129,1685,10975,7200,7092,108,3757,3892,3624,10.17
0900300010817,09,003,0001,0817,Coyoacán,10152,1680,7444,1027,1137,8872,5633,5505,128,3209,3145,3012,11.1
0900300010821,09,003,0001,0821,Coyoacán,5221,935,3762,524,573,4489,2899,2848,51,1585,1616,1501,11.06
0900300010836,09,003,0001,0836,Coyoacán,6381,1124,4534,723,704,5511,3468,3361,107,2039,1895,1836,11.14
0900300010840,09,003,0001,0840,Coyoacán,6633,1105,4708,820,702,5767,3664,3549,115,2098,2028,1894,11.39
0900300010855,09,003,0001,0855,Coyoacán,2696,366,1876,454,214,2414,1473,1444,29,935,851,807,12.62
090030001086A,09,003,0001,086A,Coyoacán,2670,252,1825,593,242,2475,1472,1423,49,1003,1002,928,13.64
0900300010889,09,003,0001,0889,Coyoacán,2647,249,1716,682,229,2454,1262,1216,46,1192,982,916,14.44
0900300010893,09,003,0001,0893,Coyoacán,1749,175,1086,488,153,1631,876,849,27,748,645,583,14.85
0900300010906,09,003,0001,0906,Coyoacán,3324,412,2258,654,329,3027,1709,1679,30,1318,1214,1130,13.64
090030001093A,09,003,0001,093A,Coyoacán,1211,120,777,314,89,1120,651,637,14,467,449,407,14.92
0900300010959,09,003,0001,0959,Coyoacán,4224,820,2930,474,480,3590,2206,2135,71,1379,1181,1153,10.16
0900300010963,09,003,0001,0963,Coyoacán,6516,1053,4687,776,727,5691,3952,3884,68,1723,1939,1842,11.26
0900300010978,09,003,0001,0978,Coyoacán,8080,1547,5781,752,882,6892,4470,4365,105,2392,2339,2245,11.0
0900300010982,09,003,0001,0982,Coyoacán,6525,1037,4816,670,826,5712,3789,3689,100,1919,1990,1884,11.27
0900300010997,09,003,0001,0997,Coyoacán,9422,1677,6772,970,1033,8108,5341,5173,168,2748,2754,2623,11.13
0900300011001,09,003,0001,1001,Coyoacán,6521,1210,4667,644,766,5596,3598,3491,107,1990,1777,1751,10.98
0900300011016,09,003,0001,1016,Coyoacán,6606,1243,4744,615,742,5631,3609,3513,96,2013,1825,1763,10.26
0900300011020,09,003,0001,1020,Coyoacán,4471,627,3212,632,475,4001,2455,2392,63,1536,1597,1518,13.75
0900300011069,09,003,0001,1069,Coyoacán,1633,155,1065,413,135,1521,779,732,47,741,603,536,14.8
0900300011073,09,003,0001,1073,Coyoacán,1616,191,1046,379,131,1478,802,775,27,676,573,516,14.65
0900300011092,09,003,0001,1092,Coyoacán,5787,666,4138,983,507,5292,2839,2767,72,2447,2049,1823,13.64
0900300011105,09,003,0001,1105,Coyoacán,2795,341,1906,548,303,2532,1580,1546,34,944,916,841,15.02
0900300011124,09,003,0001,1124,Coyoacán,5743,952,4151,638,654,5012,3284,3228,56,1710,2084,1798,12.28
0900300011139,09,003,0001,1139,Coyoacán,691,68,486,137,68,641,394,387,7,247,254,231,14.54
0900300011143,09,003,0001,1143,Coyoacán,540,70,348,122,34,486,275,269,6,211,192,178,14.92
0900300011158,09,003,0001,1158,Coyoacán,8986,1606,6506,874,1060,7754,5111,4968,143,2634,2618,2455,11.23
0900300011162,09,003,0001,1162,Coyoacán,14061,2462,10118,1481,1733,12164,7884,7648,236,4257,4028,3787,10.84
0900300011181,09,003,0001,1181,Coyoacán,4132,544,2857,731,383,3722,2204,2138,66,1515,1405,1270,12.69
0900300011213,09,003,0001,1213,Coyoacán,5772,783,3901,1088,570,5157,2880,2801,79,2269,1992,1832,13.19
0900300011228,09,003,0001,1228,Coyoacán,2280,505,1555,220,267,1888,1221,1179,42,661,560,538,10.77
0900300011232,09,003,0001,1232,Coyoacán,3022,411,2058,553,306,2704,1573,1545,28,1127,909,878,13.17
0900300011247,09,003,0001,1247,Coyoacán,5019,735,3329,954,449,4479,2646,2556,90,1829,1634,1527,12.19
0900300011251,09,003,0001,1251,Coyoacán,2321,281,1541,499,218,2116,1231,1177,54,877,719,699,12.13
0900300011266,09,003,0001,1266,Coyoacán,2811,394,1878,539,271,2487,1655,1608,47,830,833,799,11.61
0900300011270,09,003,0001,1270,Coyoacán,4167,552,2758,853,342,3766,2170,2094,76,1591,1406,1333,12.32
0900300011285,09,003,0001,1285,Coyoacán,3625,518,2368,739,295,3248,1886,1804,82,1356,1162,1106,12.05
090030001129A,09,003,0001,129A,Coyoacán,3454,451,2381,622,332,3118,1824,1761,63,1294,1109,1045,12.75
0900300011302,09,003,0001,1302,Coyoacán,1973,273,1287,413,177,1766,1028,996,32,738,661,620,12.27
0900300011317,09,003,0001,1317,Coyoacán,2754,420,1797,537,235,2451,1397,1344,53,1048,821,786,11.92
0900300011321,09,003,0001,1321,Coyoacán,3755,488,2398,869,335,3380,1908,1838,70,1467,1248,1186,12.13
0900300011336,09,003,0001,1336,Coyoacán,2908,412,1901,595,257,2592,1539,1478,61,1053,971,919,11.64
0900300011340,09,003,0001,1340,Coyoacán,2546,308,1756,482,224,2312,1315,1282,33,995,922,865,13.75
0900300011355,09,003,0001,1355,Coyoacán,2461,290,1608,563,199,2248,1237,1187,50,1010,918,844,13.68
090030001136A,09,003,0001,136A,Coyoacán,2243,269,1474,500,209,2047,1156,1118,38,889,856,784,13.54
0900300011374,09,003,0001,1374,Coyoacán,2494,281,1624,589,223,2284,1218,1175,43,1064,920,843,13.32
0900300011389,09,003,0001,1389,Coyoacán,3600,778,2482,340,410,2993,1860,1804,56,1129,1111,1065,9.92
0900300011393,09,003,0001,1393,Coyoacán,2828,549,1951,294,300,2379,1581,1536,45,795,836,792,10.4
0900300011406,09,003,0001,1406,Coyoacán,3216,639,2167,410,344,2714,1734,1698,36,974,914,867,10.47
0900300011410,09,003,0001,1410,Coyoacán,4242,621,3055,566,428,3758,2326,2236,90,1420,1594,1462,13.68
0900300011425,09,003,0001,1425,Coyoacán,6786,1131,4768,872,730,5885,3705,3582,123,2169,1935,1832,11.51
090030001143A,09,003,0001,143A,Coyoacán,2877,294,1959,624,254,2656,1486,1421,65,1168,1010,937,14.42
0900300011444,09,003,0001,1444,Coyoacán,2651,302,1817,532,273,2417,1448,1411,37,967,1157,967,14.66
0900300011459,09,003,0001,1459,Coyoacán,2436,355,1770,311,194,2160,1378,1345,33,781,990,910,13.69
0900300011463,09,003,0001,1463,Coyoacán,2844,421,2161,262,310,2506,1574,1534,40,928,1170,1033,12.89
0900300011478,09,003,0001,1478,Coyoacán,3845,540,2568,737,302,3437,1967,1897,70,1466,1257,1199,12.1
0900300011482,09,003,0001,1482,Coyoacán,4758,656,3290,812,439,4273,2474,2388,86,1787,1540,1488,12.01
0900300011497,09,003,0001,1497,Coyoacán,5249,761,3514,974,441,4658,2839,2745,94,1812,1731,1597,12.24
090030001150A,09,003,0001,150A,Coyoacán,4541,547,3198,796,470,4125,2473,2405,68,1651,1600,1447,13.17
0900300011514,09,003,0001,1514,Coyoacán,5908,882,4046,979,625,5246,2959,2881,78,2283,1834,1731,11.67
0900300011529,09,003,0001,1529,Coyoacán,5698,600,4250,848,580,5247,3318,3245,73,1917,2722,2258,14.98
0900300011533,09,003,0001,1533,Coyoacán,22,,18,,3,20,14,14,0,6,9,9,9.6
0900300011548,09,003,0001,1548,Coyoacán,1494,125,1228,141,147,1390,980,960,20,410,785,685,15.91
0900300011552,09,003,0001,1552,Coyoacán,1688,179,1277,232,170,1550,974,944,30,574,687,637,14.17
0900300011567,09,003,0001,1567,Coyoacán,1682,197,1192,293,154,1526,932,911,21,594,662,626,13.28
0900300011571,09,003,0001,1571,Coyoacán,2055,234,1481,340,219,1872,1153,1118,35,715,814,770,13.51
0900300011586,09,003,0001,1586,Coyoacán,386,41,273,72,38,354,222,218,4,132,164,152,13.68
0900300011590,09,003,0001,1590,Coyoacán,1941,223,1366,352,176,1777,1055,1038,17,717,729,678,13.23
0900300011618,09,003,0001,1618,Coyoacán,1151,97,796,258,105,1071,772,770,,299,424,388,15.02
0900300011622,09,003,0001,1622,Coyoacán,2498,297,1727,474,253,2267,1338,1299,39,922,897,842,13.37
0900300011637,09,003,0001,1637,Coyoacán,2821,335,1971,515,284,2554,1556,1482,74,995,1133,1067,13.8
0900300011641,09,003,0001,1641,Coyoacán,2483,333,1748,402,202,2200,1432,1403,29,762,1177,925,14.16
0900300011656,09,003,0001,1656,Coyoacán,3244,442,2356,446,385,2903,1787,1749,38,1116,1125,1024,13.38
0900300011660,09,003,0001,1660,Coyoacán,3328,483,2444,401,337,2947,1918,1859,59,998,1065,936,13.09
0900300011675,09,003,0001,1675,Coyoacán,3996,560,2738,698,392,3571,2162,2084,78,1402,1290,1176,13.55
090030001168A,09,003,0001,168A,Coyoacán,1544,153,1196,195,159,1416,930,906,24,485,737,609,14.55
0900300011694,09,003,0001,1694,Coyoacán,1542,193,1171,178,157,1391,924,903,21,466,658,591,14.76
0900300011707,09,003,0001,1707,Coyoacán,5005,600,3654,751,482,4569,2713,2611,102,1851,1707,1593,14.05
0900300011726,09,003,0001,1726,Coyoacán,2983,357,2079,547,285,2720,1627,1554,73,1084,1042,941,13.84
0900300011730,09,003,0001,1730,Coyoacán,645,71,389,185,41,594,310,298,12,283,257,236,15.23
0900300011745,09,003,0001,1745,Coyoacán,3535,581,2556,398,328,3078,1931,1889,42,1145,1325,1171,12.8
090030001175A,09,003,0001,175A,Coyoacán,3635,497,2521,617,332,3257,1985,1908,77,1272,1084,1066,12.4
0900300011764,09,003,0001,1764,Coyoacán,2890,409,2178,301,264,2548,1706,1650,56,838,1003,961,12.15
0900300011779,09,003,0001,1779,Coyoacán,1832,306,1312,214,189,1585,1015,984,31,569,675,635,12.55
0900300011783,09,003,0001,1783,Coyoacán,3170,372,2324,474,285,2870,1918,1856,62,951,1592,1277,14.88
0900300011798,09,003,0001,1798,Coyoacán,754,125,542,87,71,653,433,427,6,218,322,314,15.65
090040001002A,09,004,0001,002A,Cuajimalpa de Morelos,4726,904,3380,442,541,4023,2559,2508,51,1455,1357,1299,10.31
0900400010049,09,004,0001,0049,Cuajimalpa de Morelos,4304,726,3069,508,560,3730,2455,2431,24,1267,1374,1237,13.95
0900400010053,09,004,0001,0053,Cuajimalpa de Morelos,6459,1297,4580,582,636,5446,3662,3587,75,1764,2041,1948,11.2
0900400010072,09,004,0001,0072,Cuajimalpa de Morelos,2849,595,1921,274,288,2319,1450,1445,5,863,834,787,10.38
0900400010091,09,004,0001,0091,Cuajimalpa de Morelos,11767,2377,8381,1007,1332,9895,6362,6196,166,3491,3278,3099,11.05
0900400010104,09,004,0001,0104,Cuajimalpa de Morelos,7179,1228,5315,636,758,6219,4645,4577,68,1569,2674,2343,12.85
0900400010119,09,004,0001,0119,Cuajimalpa de Morelos,6497,1178,4686,633,672,5572,3595,3511,84,1955,2017,1847,11.47
0900400010123,09,004,0001,0123,Cuajimalpa de Morelos,6200,1061,4605,534,739,5398,3376,3265,111,2007,2004,1785,11.92
0900400010138,09,004,0001,0138,Cuajimalpa de Morelos,7681,1793,5257,631,846,6274,3952,3875,77,2310,2056,1970,10.58
0900400010176,09,004,0001,0176,Cuajimalpa de Morelos,9292,1846,6608,818,1075,7769,5295,5239,56,2338,2570,2438,12.2
0900400010180,09,004,0001,0180,Cuajimalpa de Morelos,6474,1199,4683,583,834,5491,3746,3696,50,1705,1860,1718,12.6
0900400010195,09,004,0001,0195,Cuajimalpa de Morelos,10984,2014,7838,1119,1301,9357,6192,6024,168,3068,2845,2638,11.76
0900400010208,09,004,0001,0208,Cuajimalpa de Morelos,7474,1787,5193,494,894,6089,3984,3916,68,2092,2117,1939,10.5
0900400010212,09,004,0001,0212,Cuajimalpa de Morelos,4941,943,3586,412,572,4213,2840,2768,72,1363,1648,1405,11.94
0900400010227,09,004,0001,0227,Cuajimalpa de Morelos,8867,2209,6095,562,1065,7124,4557,4485,72,2553,2379,2161,9.54
0900400010231,09,004,0001,0231,Cuajimalpa de Morelos,7804,1873,5455,476,990,6328,3884,3826,58,2434,2042,1926,9.98
0900400010250,09,004,0001,0250,Cuajimalpa de Morelos,4220,952,2973,295,513,3494,2258,2208,50,1234,1298,1087,10.38
090040001027A,09,004,0001,027A,Cuajimalpa de Morelos,4578,832,3297,449,465,3914,2499,2445,54,1405,1473,1379,11.69
0900400010299,09,004,0001,0299,Cuajimalpa de Morelos,10533,2031,7620,880,1144,8976,5841,5711,130,3123,3387,3079,11.98
0900400010301,09,004,0001,0301,Cuajimalpa de Morelos,4195,807,3021,367,481,3572,2208,2155,53,1363,1350,1195,11.7
0900400010320,09,004,0001,0320,Cuajimalpa de Morelos,2945,812,2016,117,352,2285,1508,1477,31,774,764,731,9.63
090040001034A,09,004,0001,034A,Cuajimalpa de Morelos,3494,795,2437,262,373,2853,1795,1763,32,1053,937,900,10.58
0900400010354,09,004,0001,0354,Cuajimalpa de Morelos,6409,1124,4547,736,717,5540,3467,3434,33,2067,1989,1915,11.89
0900400010369,09,004,0001,0369,Cuajimalpa de Morelos,14609,2496,11484,629,1408,12519,9512,9443,69,2901,6546,6018,15.73
0900400010373,09,004,0001,0373,Cuajimalpa de Morelos,14170,3342,10046,782,1831,11555,7492,7410,82,4024,3827,3531,11.11
0900400010392,09,004,0001,0392,Cuajimalpa de Morelos,599,164,404,31,66,469,284,284,0,185,159,149,9.74
0900400010405,09,004,0001,0405,Cuajimalpa de Morelos,4253,788,3015,450,587,3613,2209,2186,23,1400,1201,1155,10.58
090040001041A,09,004,0001,041A,Cuajimalpa de Morelos,3190,648,2329,213,363,2671,1802,1764,38,868,959,851,11.79
0900400200246,09,004,0020,0246,Cuajimalpa de Morelos,9541,2117,6642,778,1100,7882,5000,4894,106,2860,2774,2485,10.33
0900400200316,09,004,0020,0316,Cuajimalpa de Morelos,15087,3701,10592,794,1885,12082,7724,7535,189,4315,4184,3784,9.72
0900400200388,09,004,0020,0388,Cuajimalpa de Morelos,1414,377,960,77,152,1113,732,717,15,380,399,358,9.97
0900500010012,09,005,0001,0012,Gustavo A. Madero,4355,938,3048,369,524,3634,2135,2104,31,1495,1314,1258,9.26
0900500010027,09,005,0001,0027,Gustavo A. Madero,5631,1268,3813,550,631,4654,2702,2654,48,1948,1676,1591,9.77
0900500010050,09,005,0001,0050,Gustavo A. Madero,10026,2203,6916,907,1179,8276,4944,4870,74,3324,3009,2819,10.19
0900500010084,09,005,0001,0084,Gustavo A. Madero,3396,720,2289,382,401,2824,1559,1505,54,1262,981,928,9.83
0900500010099,09,005,0001,0099,Gustavo A. Madero,4342,912,2966,463,514,3638,2069,2022,47,1564,1237,1195,9.76
0900500010101,09,005,0001,0101,Gustavo A. Madero,5213,1148,3591,474,616,4298,2651,2611,40,1641,1582,1500,9.63
0900500010135,09,005,0001,0135,Gustavo A. Madero,4716,1002,3256,458,538,3954,2288,2227,61,1662,1398,1326,10.13
090050001014A,09,005,0001,014A,Gustavo A. Madero,4456,1032,3038,386,508,3666,2151,2102,49,1509,1340,1282,9.56
0900500010154,09,005,0001,0154,Gustavo A. Madero,8184,0,8097,87,556,8184,3278,3278,0,4906,4,4,0.0
0900500010169,09,005,0001,0169,Gustavo A. Madero,7933,1822,5490,621,929,6499,3998,3886,112,2500,2174,2034,9.8
0900500010173,09,005,0001,0173,Gustavo A. Madero,4482,890,3043,549,518,3785,2291,2241,50,1493,1328,1249,10.7
0900500010188,09,005,0001,0188,Gustavo A. Madero,4422,816,3006,600,510,3773,2317,2261,56,1452,1362,1297,10.66
0900500010192,09,005,0001,0192,Gustavo A. Madero,5552,1055,3803,694,610,4739,2940,2872,68,1795,1660,1533,10.51
0900500010205,09,005,0001,0205,Gustavo A. Madero,6337,1368,4407,562,760,5274,3239,3147,92,2029,1835,1728,9.99
0900500010224,09,005,0001,0224,Gustavo A. Madero,3017,569,2040,408,350,2564,1537,1505,32,1018,864,826,10.81
0900500010243,09,005,0001,0243,Gustavo A. Madero,7379,1669,5104,606,867,6098,3784,3668,116,2305,2001,1918,9.45
0900500010258,09,005,0001,0258,Gustavo A. Madero,4738,1032,3212,492,514,3899,2299,2248,51,1594,1390,1323,9.52
0900500010262,09,005,0001,0262,Gustavo A. Madero,4022,870,2738,414,469,3333,1974,1957,17,1357,1217,1145,9.82
0900500010277,09,005,0001,0277,Gustavo A. Madero,3195,454,2228,513,347,2847,1706,1649,57,1139,1228,1075,12.93
0900500010281,09,005,0001,0281,Gustavo A. Madero,2782,389,1921,472,294,2493,1432,1387,45,1059,1127,988,12.87
0900500010296,09,005,0001,0296,Gustavo A. Madero,2757,379,1887,491,261,2453,1406,1376,30,1046,1171,1020,13.21
0900500010309,09,005,0001,0309,Gustavo A. Madero,2212,298,1510,403,224,1998,1154,1113,41,844,908,797,13.2
0900500010313,09,005,0001,0313,Gustavo A. Madero,3640,739,2606,295,433,3108,1861,1827,34,1244,1181,1049,11.6
0900500010328,09,005,0001,0328,Gustavo A. Madero,1639,298,1130,211,220,1416,832,799,33,582,513,481,10.68
0900500010332,09,005,0001,0332,Gustavo A. Madero,5616,1177,3978,461,622,4684,2754,2687,67,1917,1662,1593,9.46
0900500010351,09,005,0001,0351,Gustavo A. Madero,4655,1030,3281,344,600,3851,2482,2435,47,1364,1299,1253,9.31
0900500010366,09,005,0001,0366,Gustavo A. Madero,11779,2139,8750,886,1125,10096,6940,6814,126,3149,4705,4250,13.18
0900500010370,09,005,0001,0370,Gustavo A. Madero,3064,483,2162,419,340,2681,1657,1612,45,1020,1021,923,11.46
0900500010385,09,005,0001,0385,Gustavo A. Madero,6250,1206,4338,702,608,5302,3265,3193,72,2028,1929,1843,10.4
090050001039A,09,005,0001,039A,Gustavo A. Madero,5682,707,3808,1166,498,5143,3133,3090,43,2003,2038,1863,14.32
0900500010402,09,005,0001,0402,Gustavo A. Madero,5809,1048,4096,665,633,5008,3107,3029,78,1893,1802,1695,10.91
0900500010417,09,005,0001,0417,Gustavo A. Madero,5194,1017,3691,486,667,4401,2648,2592,56,1742,1654,1500,10.56
0900500010421,09,005,0001,0421,Gustavo A. Madero,3669,512,2603,528,367,3250,1958,1902,56,1283,1237,1158,11.43
0900500010436,09,005,0001,0436,Gustavo A. Madero,4302,689,2965,648,425,3772,2352,2293,59,1416,1395,1299,11.41
0900500010440,09,005,0001,0440,Gustavo A. Madero,5028,860,3501,665,530,4355,2817,2727,90,1529,1602,1486,11.01
0900500010455,09,005,0001,0455,Gustavo A. Madero,4073,714,2831,528,407,3527,2141,2091,50,1383,1355,1280,10.93
0900500010474,09,005,0001,0474,Gustavo A. Madero,4984,801,3526,655,489,4356,2637,2591,46,1718,1607,1478,11.47
0900500010489,09,005,0001,0489,Gustavo A. Madero,4331,572,3427,332,485,3875,2465,2412,53,1410,1876,1663,13.74
0900500010493,09,005,0001,0493,Gustavo A. Madero,2523,318,1747,458,251,2282,1409,1378,31,871,964,869,13.28
0900500010506,09,005,0001,0506,Gustavo A. Madero,3021,459,2197,365,299,2632,1738,1696,42,892,1283,1134,13.82
0900500010510,09,005,0001,0510,Gustavo A. Madero,812,93,538,181,78,742,415,405,10,327,345,301,13.85
0900500010525,09,005,0001,0525,Gustavo A. Madero,1550,136,1011,403,111,1452,799,790,9,639,391,351,11.18
0900500010559,09,005,0001,0559,Gustavo A. Madero,2660,398,1884,378,359,2360,1341,1309,32,1010,958,850,11.97
0900500010563,09,005,0001,0563,Gustavo A. Madero,3592,597,2568,401,504,3112,1655,1623,32,1455,1232,1108,11.28
0900500010582,09,005,0001,0582,Gustavo A. Madero,3163,487,2214,462,379,2785,1663,1622,41,1122,1059,942,12.12
0900500010597,09,005,0001,0597,Gustavo A. Madero,4646,829,3339,478,581,3991,2366,2308,58,1610,1483,1309,11.29
090050001060A,09,005,0001,060A,Gustavo A. Madero,1820,239,1297,284,243,1636,949,920,29,687,667,585,13.16
0900500010614,09,005,0001,0614,Gustavo A. Madero,747,52,567,128,120,705,392,383,9,313,328,299,14.73
0900500010629,09,005,0001,0629,Gustavo A. Madero,699,59,529,111,124,651,353,348,5,297,366,278,15.0
0900500010633,09,005,0001,0633,Gustavo A. Madero,2691,391,1912,388,293,2394,1412,1377,35,978,964,851,13.4
0900500010667,09,005,0001,0667,Gustavo A. Madero,5490,1150,3783,557,630,4571,2788,2736,52,1763,1673,1542,9.85
0900500010671,09,005,0001,0671,Gustavo A. Madero,5776,1242,3975,559,615,4806,3119,3034,85,1661,1639,1559,9.94
0900500010703,09,005,0001,0703,Gustavo A. Madero,7776,1612,5379,785,903,6490,4192,4104,88,2290,2386,2197,10.29
0900500010718,09,005,0001,0718,Gustavo A. Madero,0,0,0,0,0,0,0,0,0,0,0,0,0.0
0900500010722,09,005,0001,0722,Gustavo A. Madero,3178,348,2237,593,372,2925,1877,1844,33,1045,1287,1098,14.34
0900500010737,09,005,0001,0737,Gustavo A. Madero,2901,327,2062,512,278,2663,1585,1553,32,1072,1082,934,14.06
0900500010741,09,005,0001,0741,Gustavo A. Madero,2303,256,1608,439,224,2116,1270,1232,38,846,877,755,14.11
0900500010756,09,005,0001,0756,Gustavo A. Madero,157,23,118,16,6,137,94,94,0,30,200,67,15.87
0900500010760,09,005,0001,0760,Gustavo A. Madero,2709,474,1921,314,344,2342,1548,1527,21,785,785,743,10.67
0900500010775,09,005,0001,0775,Gustavo A. Madero,2175,410,1527,211,271,1823,1192,1173,19,618,701,640,11.03
090050001078A,09,005,0001,078A,Gustavo A. Madero,2384,418,1693,273,266,2063,1288,1260,28,773,744,704,12.16
0900500010794,09,005,0001,0794,Gustavo A. Madero,2712,491,1909,312,291,2339,1367,1332,35,958,762,733,11.66
0900500010807,09,005,0001,0807,Gustavo A. Madero,1554,422,1047,85,170,1202,793,778,15,409,423,382,8.78
0900500010811,09,005,0001,0811,Gustavo A. Madero,4407,813,3082,512,505,3781,2238,2173,65,1531,1253,1222,10.05
0900500010826,09,005,0001,0826,Gustavo A. Madero,3830,702,2723,405,428,3291,2054,1978,76,1223,1195,1124,10.47
0900500010830,09,005,0001,0830,Gustavo A. Madero,4501,803,3145,553,445,3879,2421,2385,36,1448,1353,1294,10.83
0900500010845,09,005,0001,0845,Gustavo A. Madero,7846,1484,5480,880,864,6684,4248,4141,107,2424,2403,2255,10.52
090050001085A,09,005,0001,085A,Gustavo A. Madero,4357,802,3082,473,503,3729,2271,2219,52,1446,1406,1223,10.24
0900500010864,09,005,0001,0864,Gustavo A. Madero,5592,1124,3858,608,631,4714,2942,2890,52,1763,1667,1539,10.37
0900500010879,09,005,0001,0879,Gustavo A. Madero,1856,196,1302,358,205,1700,978,935,43,721,798,721,13.04
0900500010883,09,005,0001,0883,Gustavo A. Madero,766,82,537,147,77,707,441,427,14,265,262,247,13.48
0900500010898,09,005,0001,0898,Gustavo A. Madero,1533,191,1094,248,167,1367,865,848,17,500,655,586,13.35
0900500010900,09,005,0001,0900,Gustavo A. Madero,1915,217,1352,346,219,1752,1048,1028,20,702,853,759,13.49
0900500010915,09,005,0001,0915,Gustavo A. Madero,1933,198,1392,343,219,1772,1084,1035,49,681,849,759,13.35
090050001092A,09,005,0001,092A,Gustavo A. Madero,2904,283,2164,457,414,2673,1644,1602,42,1026,1195,1106,13.69
0900500010934,09,005,0001,0934,Gustavo A. Madero,2566,325,1809,432,305,2311,1371,1350,21,939,905,824,13.54
0900500010949,09,005,0001,0949,Gustavo A. Madero,1842,169,1287,386,204,1713,998,962,36,715,654,583,14.17
0900500010953,09,005,0001,0953,Gustavo A. Madero,1247,112,901,234,87,1155,865,858,7,289,671,588,14.69
0900500010968,09,005,0001,0968,Gustavo A. Madero,1798,254,1283,260,203,1604,978,957,21,623,718,578,14.44
0900500010972,09,005,0001,0972,Gustavo A. Madero,2989,561,2104,324,353,2557,1605,1576,29,950,896,845,11.18
0900500010987,09,005,0001,0987,Gustavo A. Madero,2773,529,1907,337,262,2359,1446,1416,30,903,794,747,11.21
0900500010991,09,005,0001,0991,Gustavo A. Madero,5676,1264,3881,531,633,4668,2895,2829,66,1767,1638,1495,9.79
0900500011006,09,005,0001,1006,Gustavo A. Madero,4733,893,3254,586,458,4038,2566,2511,55,1461,1489,1357,10.96
0900500011025,09,005,0001,1025,Gustavo A. Madero,7872,1453,5493,926,847,6734,4224,4115,109,2498,2464,2315,10.66
090050001103A,09,005,0001,103A,Gustavo A. Madero,4250,831,2942,477,526,3598,2256,2175,81,1332,1288,1209,10.65
0900500011044,09,005,0001,1044,Gustavo A. Madero,6184,1150,4371,661,717,5277,3320,3236,84,1947,1910,1820,10.65
0900500011059,09,005,0001,1059,Gustavo A. Madero,3949,784,2729,435,434,3311,2058,1996,62,1241,1088,1040,10.3
0900500011063,09,005,0001,1063,Gustavo A. Madero,2382,244,1750,388,251,2197,1368,1337,31,827,987,920,13.89
0900500011078,09,005,0001,1078,Gustavo A. Madero,0,0,0,0,0,0,0,0,0,0,0,0,0.0
0900500011082,09,005,0001,1082,Gustavo A. Madero,2822,336,2002,484,298,2558,1467,1425,42,1091,1126,1004,13.35
0900500011097,09,005,0001,1097,Gustavo A. Madero,2433,281,1682,470,280,2207,1291,1260,31,905,929,818,13.91
090050001110A,09,005,0001,110A,Gustavo A. Madero,3057,313,2111,630,304,2818,1655,1624,31,1156,1123,987,14.36
0900500011114,09,005,0001,1114,Gustavo A. Madero,2112,211,1547,354,230,1955,1234,1214,20,721,829,703,14.42
0900500011129,09,005,0001,1129,Gustavo A. Madero,1745,201,1233,311,153,1603,990,971,19,573,693,586,13.7
0900500011133,09,005,0001,1133,Gustavo A. Madero,6118,1222,4242,654,645,5161,3166,3100,66,1991,1940,1733,10.82
0900500011148,09,005,0001,1148,Gustavo A. Madero,4353,746,3038,569,450,3783,2321,2267,54,1454,1397,1286,10.79
0900500011152,09,005,0001,1152,Gustavo A. Madero,3678,694,2555,425,405,3123,1896,1846,50,1218,1028,991,10.39
0900500011167,09,005,0001,1167,Gustavo A. Madero,5776,1353,3920,503,660,4716,2988,2924,64,1721,1628,1592,9.31
0900500011171,09,005,0001,1171,Gustavo A. Madero,6810,1289,4740,781,732,5785,3571,3468,103,2203,2425,2025,11.0
0900500011186,09,005,0001,1186,Gustavo A. Madero,6233,1203,4341,688,654,5276,3410,3349,61,1855,1922,1830,10.59
0900500011190,09,005,0001,1190,Gustavo A. Madero,4698,869,3283,546,522,4021,2574,2524,50,1439,1412,1325,10.5
0900500011203,09,005,0001,1203,Gustavo A. Madero,3360,655,2369,336,420,2857,1804,1779,25,1041,1030,954,10.48
0900500011218,09,005,0001,1218,Gustavo A. Madero,3646,701,2550,395,387,3079,2074,2050,24,1001,1117,1055,10.24
0900500011222,09,005,0001,1222,Gustavo A. Madero,3836,713,2687,436,390,3272,2039,1987,52,1232,1197,1131,10.25
0900500011237,09,005,0001,1237,Gustavo A. Madero,2770,359,1888,523,216,2497,1458,1395,63,1025,983,940,12.23
0900500011241,09,005,0001,1241,Gustavo A. Madero,61,9,43,9,3,54,33,32,,19,26,25,11.14
0900500011256,09,005,0001,1256,Gustavo A. Madero,1121,244,743,134,132,923,637,630,7,285,421,399,11.25
0900500011260,09,005,0001,1260,Gustavo A. Madero,2382,275,1655,452,230,2170,1306,1288,18,863,915,806,13.08
0900500011275,09,005,0001,1275,Gustavo A. Madero,2985,459,2056,468,273,2618,1749,1711,38,864,1186,986,12.84
090050001128A,09,005,0001,128A,Gustavo A. Madero,7970,1600,5485,885,868,6727,4335,4243,92,2377,2476,2234,10.65
0900500011294,09,005,0001,1294,Gustavo A. Madero,7001,1384,4843,774,761,5921,3658,3589,69,2254,2306,2094,10.48
0900500011307,09,005,0001,1307,Gustavo A. Madero,13176,2834,9461,879,1579,10978,7170,7040,130,3792,4395,3857,11.22
0900500011311,09,005,0001,1311,Gustavo A. Madero,2212,316,1537,359,214,1976,1114,1084,30,860,647,598,12.02
0900500011326,09,005,0001,1326,Gustavo A. Madero,2602,370,1781,451,250,2330,1307,1279,28,1020,990,795,11.32
0900500011330,09,005,0001,1330,Gustavo A. Madero,5138,861,3630,647,545,4477,2827,2763,64,1629,1637,1542,10.62
0900500011345,09,005,0001,1345,Gustavo A. Madero,6216,1159,4261,796,657,5323,3150,3067,83,2167,1851,1751,10.73
090050001135A,09,005,0001,135A,Gustavo A. Madero,6197,1171,4317,709,677,5287,3283,3208,75,2001,1828,1682,10.35
0900500011364,09,005,0001,1364,Gustavo A. Madero,4742,908,3280,554,541,4047,2593,2521,72,1452,1396,1320,10.3
0900500011379,09,005,0001,1379,Gustavo A. Madero,5453,920,3770,756,574,4710,2959,2913,46,1746,1913,1573,11.11
0900500011383,09,005,0001,1383,Gustavo A. Madero,4092,702,2773,617,397,3556,2184,2142,42,1370,1389,1208,11.56
0900500011398,09,005,0001,1398,Gustavo A. Madero,3003,543,2065,395,305,2581,1650,1613,37,896,999,839,11.07
0900500011400,09,005,0001,1400,Gustavo A. Madero,4437,899,3160,378,502,3727,2552,2504,48,1172,1717,1356,10.82
0900500011415,09,005,0001,1415,Gustavo A. Madero,3347,369,2321,657,254,3071,1825,1763,62,1242,1277,1121,13.64
090050001142A,09,005,0001,142A,Gustavo A. Madero,2240,254,1572,414,237,2043,1270,1233,37,768,883,777,13.52
0900500011434,09,005,0001,1434,Gustavo A. Madero,1729,276,1203,250,183,1508,975,959,16,521,600,539,12.3
0900500011449,09,005,0001,1449,Gustavo A. Madero,2830,481,1904,445,265,2455,1575,1541,34,879,1007,865,12.31
0900500011453,09,005,0001,1453,Gustavo A. Madero,4315,878,3028,409,405,3613,2486,2438,48,1120,1455,1293,11.5
0900500011468,09,005,0001,1468,Gustavo A. Madero,3220,854,2244,122,368,2544,1785,1758,27,758,1049,926,10.93
0900500011472,09,005,0001,1472,Gustavo A. Madero,2827,441,1969,417,281,2486,1562,1533,29,918,948,866,11.19
0900500011487,09,005,0001,1487,Gustavo A. Madero,2732,438,1913,381,299,2377,1443,1389,54,930,927,829,11.38
0900500011504,09,005,0001,1504,Gustavo A. Madero,1035,134,671,230,81,934,498,487,11,436,299,282,12.63
0900500011523,09,005,0001,1523,Gustavo A. Madero,5471,942,3807,722,566,4759,2830,2771,59,1883,1678,1546,11.18
0900500011538,09,005,0001,1538,Gustavo A. Madero,4658,898,3265,495,523,3955,2481,2425,56,1464,1390,1322,10.46
0900500011542,09,005,0001,1542,Gustavo A. Madero,5144,999,3545,600,562,4378,2828,2799,29,1548,1439,1333,10.4
0900500011557,09,005,0001,1557,Gustavo A. Madero,3663,562,2587,514,368,3233,2040,1986,54,1187,1278,1118,11.8
0900500011561,09,005,0001,1561,Gustavo A. Madero,4128,500,2856,772,337,3732,2358,2311,47,1372,1611,1434,13.91
0900500011576,09,005,0001,1576,Gustavo A. Madero,4358,503,2976,879,380,3976,2359,2307,52,1617,1689,1518,13.57
0900500011580,09,005,0001,1580,Gustavo A. Madero,3199,382,2204,613,266,2904,1754,1684,70,1150,1214,1086,13.52
0900500011595,09,005,0001,1595,Gustavo A. Madero,3490,456,2456,578,297,3140,1975,1921,54,1160,1283,1160,13.35
0900500011608,09,005,0001,1608,Gustavo A. Madero,2467,288,1718,461,205,2248,1316,1275,41,928,957,829,13.4
0900500011612,09,005,0001,1612,Gustavo A. Madero,2463,308,1703,452,219,2227,1369,1341,28,857,932,820,13.1
0900500011627,09,005,0001,1627,Gustavo A. Madero,637,109,475,53,63,550,368,365,3,180,241,221,12.77
0900500011631,09,005,0001,1631,Gustavo A. Madero,4100,682,2864,554,405,3561,2205,2142,63,1352,1259,1190,11.74
0900500011646,09,005,0001,1646,Gustavo A. Madero,7,0,5,,0,7,7,7,0,0,4,4,8.14
0900500011650,09,005,0001,1650,Gustavo A. Madero,7789,1482,5959,348,740,6643,4507,4396,111,2132,3193,2924,14.05
0900500011665,09,005,0001,1665,Gustavo A. Madero,4977,883,3491,603,509,4283,2580,2464,116,1699,1592,1455,11.32
090050001167A,09,005,0001,167A,Gustavo A. Madero,7456,1322,5205,929,754,6418,3957,3864,93,2454,2305,2136,10.87
0900500011684,09,005,0001,1684,Gustavo A. Madero,4341,798,3005,538,415,3728,2358,2312,46,1365,1329,1260,10.69
0900500011699,09,005,0001,1699,Gustavo A. Madero,3550,634,2410,506,404,3053,1812,1739,73,1228,939,900,10.35
0900500011701,09,005,0001,1701,Gustavo A. Madero,3544,727,2450,367,390,2979,1921,1877,44,1048,911,886,9.85
0900500011716,09,005,0001,1716,Gustavo A. Madero,3589,663,2506,418,382,3085,1783,1727,56,1295,1005,973,10.8
0900500011720,09,005,0001,1720,Gustavo A. Madero,3006,417,2149,440,290,2684,1743,1702,41,941,1164,1018,12.07
0900500011735,09,005,0001,1735,Gustavo A. Madero,5876,980,4209,687,612,5093,3341,3252,89,1752,2225,1946,11.73
090050001174A,09,005,0001,174A,Gustavo A. Madero,5034,825,3627,582,526,4370,2853,2812,41,1509,1874,1598,11.21
0900500011754,09,005,0001,1754,Gustavo A. Madero,5282,926,3714,641,529,4562,2881,2782,99,1674,1864,1714,11.72
0900500011769,09,005,0001,1769,Gustavo A. Madero,5556,909,3872,754,509,4828,3008,2925,83,1812,1921,1675,11.35
0900500011773,09,005,0001,1773,Gustavo A. Madero,4611,779,3226,604,445,4008,2577,2510,67,1420,1712,1514,11.87
0900500011788,09,005,0001,1788,Gustavo A. Madero,3082,368,2109,605,277,2794,1632,1583,49,1159,1073,970,13.26
0900500011792,09,005,0001,1792,Gustavo A. Madero,2749,333,1850,566,217,2489,1522,1465,57,965,1018,886,13.4
0900500011805,09,005,0001,1805,Gustavo A. Madero,3937,786,2982,169,318,3295,2345,2299,46,945,1628,1450,13.68
090050001181A,09,005,0001,181A,Gustavo A. Madero,3787,467,2649,671,322,3426,2144,2094,50,1266,1512,1319,13.29
0900500011824,09,005,0001,1824,Gustavo A. Madero,3291,448,2280,563,278,2944,1899,1836,63,1041,1351,1130,13.09
0900500011839,09,005,0001,1839,Gustavo A. Madero,4354,663,3095,596,436,3852,2439,2358,81,1398,1528,1355,11.86
0900500011843,09,005,0001,1843,Gustavo A. Madero,3934,596,2705,633,353,3491,2127,2066,61,1359,1237,1146,12.2
0900500011858,09,005,0001,1858,Gustavo A. Madero,2052,305,1443,304,175,1820,1136,1127,9,682,666,624,11.78
0900500011862,09,005,0001,1862,Gustavo A. Madero,3806,518,2653,635,365,3408,2088,2020,68,1308,1180,1087,11.71
0900500011877,09,005,0001,1877,Gustavo A. Madero,2646,442,1783,421,275,2307,1429,1381,48,875,818,766,11.44
0900500011881,09,005,0001,1881,Gustavo A. Madero,2455,385,1723,347,236,2161,1394,1368,26,761,769,715,11.33
0900500011896,09,005,0001,1896,Gustavo A. Madero,4486,582,3055,849,379,4059,2412,2332,80,1640,1566,1405,13.31
0900500011909,09,005,0001,1909,Gustavo A. Madero,6163,1026,4271,866,618,5390,3298,3207,91,2074,1945,1805,11.53
0900500011913,09,005,0001,1913,Gustavo A. Madero,6882,1206,4737,939,682,5939,3575,3485,90,2359,2196,1994,11.04
0900500011928,09,005,0001,1928,Gustavo A. Madero,14,,,,,,,,,,2,2,
0900500011932,09,005,0001,1932,Gustavo A. Madero,3949,657,2803,489,430,3435,2115,2050,65,1320,1173,1128,11.01
0900500011951,09,005,0001,1951,Gustavo A. Madero,2954,555,2077,302,309,2494,1529,1497,32,958,865,804,10.89
0900500011970,09,005,0001,1970,Gustavo A. Madero,5898,1038,4145,714,642,5084,3157,3069,88,1922,1415,1362,10.56
0900500011985,09,005,0001,1985,Gustavo A. Madero,6515,1125,4602,788,654,5645,3501,3446,55,2136,1682,1621,10.6
090050001199A,09,005,0001,199A,Gustavo A. Madero,4250,484,2955,810,469,3900,2151,2091,60,1748,1253,1201,12.32
0900500012004,09,005,0001,2004,Gustavo A. Madero,2711,331,1843,537,287,2466,1391,1360,31,1073,825,775,12.66
0900500012019,09,005,0001,2019,Gustavo A. Madero,4307,689,2976,642,456,3768,2106,2034,72,1652,1175,1134,11.06
0900500012023,09,005,0001,2023,Gustavo A. Madero,4433,686,3070,677,472,3915,2253,2191,62,1643,1290,1237,11.62
0900500012038,09,005,0001,2038,Gustavo A. Madero,3222,447,2154,621,279,2871,1645,1604,41,1221,1066,1005,13.01
0900500012042,09,005,0001,2042,Gustavo A. Madero,3604,494,2494,616,348,3226,1864,1792,72,1356,1072,1030,11.85
0900500012057,09,005,0001,2057,Gustavo A. Madero,2694,440,1865,389,262,2365,1663,1634,29,696,901,805,11.75
0900500012061,09,005,0001,2061,Gustavo A. Madero,3153,530,2165,458,289,2751,1665,1627,38,1078,969,917,11.6
0900500012076,09,005,0001,2076,Gustavo A. Madero,2946,469,2026,451,299,2584,1513,1468,45,1051,957,865,11.74
0900500012080,09,005,0001,2080,Gustavo A. Madero,2148,328,1474,346,201,1904,1077,1042,35,823,697,648,11.32
0900500012095,09,005,0001,2095,Gustavo A. Madero,4036,707,2787,542,433,3488,2172,2125,47,1312,1246,1130,11.17
0900500012108,09,005,0001,2108,Gustavo A. Madero,3677,586,2574,517,375,3223,1954,1930,24,1266,1178,1072,11.61
0900500012112,09,005,0001,2112,Gustavo A. Madero,384,88,275,21,66,313,207,191,16,103,127,116,10.3
0900500012127,09,005,0001,2127,Gustavo A. Madero,6630,1368,4747,513,804,5561,3513,3425,88,2037,1952,1825,10.78
0900500012131,09,005,0001,2131,Gustavo A. Madero,4822,1030,3403,389,577,3991,2512,2464,48,1477,1403,1289,10.61
0900500012146,09,005,0001,2146,Gustavo A. Madero,2810,421,1965,424,297,2492,1462,1431,31,1026,806,765,11.83
0900500012150,09,005,0001,2150,Gustavo A. Madero,3106,502,2146,439,281,2713,1642,1607,35,1064,898,836,11.63
0900500012165,09,005,0001,2165,Gustavo A. Madero,1009,189,720,100,127,867,518,508,10,349,252,239,11.16
090050001217A,09,005,0001,217A,Gustavo A. Madero,4413,660,3082,671,418,3921,2690,2653,37,1223,1475,1356,11.81
0900500012184,09,005,0001,2184,Gustavo A. Madero,2870,405,1914,551,261,2553,1456,1421,35,1094,938,877,11.92
0900500012199,09,005,0001,2199,Gustavo A. Madero,3485,533,2390,562,318,3066,1970,1933,37,1090,1136,1058,11.82
0900500012201,09,005,0001,2201,Gustavo A. Madero,4422,761,3033,626,406,3816,2411,2364,47,1401,1367,1269,11.26
0900500012216,09,005,0001,2216,Gustavo A. Madero,3197,541,2191,465,311,2759,1662,1624,38,1093,1042,991,11.36
0900500012220,09,005,0001,2220,Gustavo A. Madero,5296,838,3707,751,516,4646,3144,3074,70,1498,1535,1430,10.71
0900500012235,09,005,0001,2235,Gustavo A. Madero,3997,563,2838,596,405,3559,2137,2062,75,1412,1106,1061,11.7
090050001224A,09,005,0001,224A,Gustavo A. Madero,3517,540,2489,488,347,3101,1767,1738,29,1327,984,930,11.5
0900500012254,09,005,0001,2254,Gustavo A. Madero,3267,452,2324,491,313,2915,1656,1611,45,1254,875,844,11.65
0900500012269,09,005,0001,2269,Gustavo A. Madero,2773,400,1958,415,276,2460,1391,1368,23,1066,774,732,11.51
0900500012273,09,005,0001,2273,Gustavo A. Madero,5032,795,3495,739,472,4419,2753,2697,56,1659,1590,1432,11.61
0900500012288,09,005,0001,2288,Gustavo A. Madero,7055,1165,4924,966,753,6151,3833,3715,118,2299,2261,2041,11.0
0900500012292,09,005,0001,2292,Gustavo A. Madero,4245,744,2961,540,408,3656,2318,2230,88,1334,1237,1175,11.23
0900500012305,09,005,0001,2305,Gustavo A. Madero,3614,663,2517,434,419,3109,1953,1895,58,1151,1024,955,10.82
090050001231A,09,005,0001,231A,Gustavo A. Madero,3306,459,2305,542,296,2968,1766,1719,47,1202,986,936,11.87
0900500012324,09,005,0001,2324,Gustavo A. Madero,2997,434,2077,486,322,2660,1482,1445,37,1176,789,769,12.09
0900500012339,09,005,0001,2339,Gustavo A. Madero,751,113,515,123,74,669,407,391,16,262,208,193,11.42
0900500012343,09,005,0001,2343,Gustavo A. Madero,3588,479,2500,609,342,3228,1875,1811,64,1347,1043,1002,12.23
0900500012358,09,005,0001,2358,Gustavo A. Madero,1767,296,1200,271,170,1533,870,846,24,662,512,491,11.5
0900500012362,09,005,0001,2362,Gustavo A. Madero,2422,311,1538,573,193,2181,1201,1173,28,979,747,713,13.21
0900500012377,09,005,0001,2377,Gustavo A. Madero,2986,327,1969,689,276,2740,1455,1406,49,1280,931,885,12.81
0900500012381,09,005,0001,2381,Gustavo A. Madero,2918,458,2006,454,315,2556,1552,1502,50,998,788,750,11.42
0900500012396,09,005,0001,2396,Gustavo A. Madero,3449,546,2405,498,323,3042,1888,1843,45,1148,989,938,11.43
0900500012409,09,005,0001,2409,Gustavo A. Madero,3728,477,2496,755,374,3377,1771,1694,77,1598,1097,1054,12.69
0900500012428,09,005,0001,2428,Gustavo A. Madero,2407,331,1697,379,255,2161,1283,1254,29,869,667,644,11.37
0900500012432,09,005,0001,2432,Gustavo A. Madero,2660,294,1810,556,245,2435,1309,1255,54,1125,824,784,12.79
0900500012447,09,005,0001,2447,Gustavo A. Madero,2642,312,1761,569,231,2415,1277,1230,47,1132,804,763,12.92
0900500012451,09,005,0001,2451,Gustavo A. Madero,3246,416,2214,606,339,2911,1680,1629,51,1228,1031,971,12.05
0900500012466,09,005,0001,2466,Gustavo A. Madero,3163,444,2098,621,267,2822,1666,1626,40,1151,973,922,11.91
0900500012470,09,005,0001,2470,Gustavo A. Madero,5374,886,3783,705,578,4683,2776,2690,86,1896,1551,1452,11.13
0900500012485,09,005,0001,2485,Gustavo A. Madero,6176,1133,4308,735,688,5290,3389,3309,80,1888,1879,1692,10.87
0900500012536,09,005,0001,2536,Gustavo A. Madero,1867,455,1278,134,216,1515,883,860,23,629,522,498,9.11
0900500012574,09,005,0001,2574,Gustavo A. Madero,3313,863,2217,233,405,2634,1518,1458,60,1109,893,860,8.66
0900500012593,09,005,0001,2593,Gustavo A. Madero,5726,1517,3855,354,666,4528,2754,2697,57,1770,1627,1581,8.94
0900500012606,09,005,0001,2606,Gustavo A. Madero,3240,731,2165,344,366,2662,1548,1510,38,1112,928,871,9.4
0900500012610,09,005,0001,2610,Gustavo A. Madero,7326,1813,4908,605,857,5919,3546,3456,90,2362,2114,1957,9.42
0900500012625,09,005,0001,2625,Gustavo A. Madero,7116,1657,4841,618,871,5838,3565,3492,73,2259,2077,1908,9.62
090050001263A,09,005,0001,263A,Gustavo A. Madero,2465,345,1629,491,253,2191,1277,1238,39,904,778,730,11.8
0900500012644,09,005,0001,2644,Gustavo A. Madero,2242,329,1500,413,219,1995,1178,1145,33,812,675,628,12.05
0900500012659,09,005,0001,2659,Gustavo A. Madero,2132,271,1435,426,197,1931,1120,1091,29,800,681,637,12.12
0900500012663,09,005,0001,2663,Gustavo A. Madero,2595,344,1715,536,261,2331,1443,1414,29,878,842,797,11.67
0900500012678,09,005,0001,2678,Gustavo A. Madero,2434,296,1662,475,246,2215,1345,1316,29,858,775,724,11.83
0900500012682,09,005,0001,2682,Gustavo A. Madero,5028,956,3474,598,567,4297,2721,2654,67,1565,1510,1417,10.51
0900500012697,09,005,0001,2697,Gustavo A. Madero,2999,454,2091,454,292,2643,1692,1657,35,943,970,886,11.67
090050001270A,09,005,0001,270A,Gustavo A. Madero,2602,384,1699,519,245,2306,1262,1210,52,1043,734,704,11.34
0900500012714,09,005,0001,2714,Gustavo A. Madero,2630,352,1750,528,261,2365,1381,1346,35,982,753,718,11.15
0900500012729,09,005,0001,2729,Gustavo A. Madero,4496,994,3115,387,499,3726,2272,2247,25,1453,1431,1353,9.89
0900500012733,09,005,0001,2733,Gustavo A. Madero,3894,866,2675,351,442,3209,1949,1877,72,1256,1135,1055,10.2
0900500012748,09,005,0001,2748,Gustavo A. Madero,3855,923,2639,293,414,3117,2015,1967,48,1096,1074,1032,9.71
0900500012752,09,005,0001,2752,Gustavo A. Madero,4278,1036,2856,386,477,3465,2054,2020,34,1408,1203,1144,9.55
0900500012767,09,005,0001,2767,Gustavo A. Madero,5406,1370,3650,386,665,4345,2545,2492,53,1792,1480,1390,9.32
0900500012771,09,005,0001,2771,Gustavo A. Madero,5099,1327,3412,354,624,4050,2382,2315,67,1662,1452,1377,9.2
0900500012786,09,005,0001,2786,Gustavo A. Madero,2091,316,1511,264,261,1842,1108,1071,37,733,632,579,12.7
0900500012790,09,005,0001,2790,Gustavo A. Madero,3663,641,2470,552,312,3183,1858,1810,48,1323,1186,1061,11.26
0900500012803,09,005,0001,2803,Gustavo A. Madero,4272,759,2899,614,350,3672,2141,2074,67,1528,1341,1246,11.05
0900500012822,09,005,0001,2822,Gustavo A. Madero,3802,741,2542,519,382,3205,1983,1925,58,1221,1015,965,10.58
0900500012837,09,005,0001,2837,Gustavo A. Madero,3315,763,2285,267,423,2727,1657,1616,41,1063,922,870,9.23
0900500012841,09,005,0001,2841,Gustavo A. Madero,2417,579,1672,166,259,1942,1173,1112,61,761,711,654,9.2
0900500012856,09,005,0001,2856,Gustavo A. Madero,4890,798,3609,483,587,4281,2697,2600,97,1579,1653,1498,12.3
0900500012860,09,005,0001,2860,Gustavo A. Madero,4900,731,3655,514,796,4358,2629,2563,66,1726,1771,1586,12.5
0900500012875,09,005,0001,2875,Gustavo A. Madero,2195,233,1580,382,331,2036,1064,1024,40,969,817,723,14.46
090050001288A,09,005,0001,288A,Gustavo A. Madero,1702,269,1137,296,166,1498,913,887,26,580,523,486,11.64
0900500012894,09,005,0001,2894,Gustavo A. Madero,2140,263,1416,461,199,1949,1035,991,44,913,673,637,11.85
0900500012907,09,005,0001,2907,Gustavo A. Madero,5111,792,3648,671,501,4492,2838,2758,80,1643,1704,1589,12.03
0900500012930,09,005,0001,2930,Gustavo A. Madero,4364,775,3111,475,409,3759,2321,2252,69,1435,1408,1278,11.15
0900500012945,09,005,0001,2945,Gustavo A. Madero,4598,858,3208,532,523,3975,2373,2336,37,1589,1334,1282,10.86
090050001295A,09,005,0001,295A,Gustavo A. Madero,4267,805,3044,418,519,3645,2350,2283,67,1286,1314,1206,10.86
0900500012964,09,005,0001,2964,Gustavo A. Madero,4888,1285,3232,371,608,3901,2213,2139,74,1679,1383,1319,9.01
0900500012979,09,005,0001,2979,Gustavo A. Madero,5544,1473,3814,257,691,4396,2734,2643,91,1657,1531,1457,9.31
0900500012983,09,005,0001,2983,Gustavo A. Madero,3377,867,2250,260,400,2711,1546,1510,36,1163,961,910,9.02
0900500012998,09,005,0001,2998,Gustavo A. Madero,4749,1223,3229,297,594,3781,2401,2357,44,1377,1334,1243,9.12
0900500013017,09,005,0001,3017,Gustavo A. Madero,1925,462,1339,124,243,1560,938,900,38,622,531,479,8.83
0900500013055,09,005,0001,3055,Gustavo A. Madero,2876,479,1999,398,271,2491,1532,1512,20,959,879,823,11.32
090050001306A,09,005,0001,306A,Gustavo A. Madero,2899,616,2015,267,330,2412,1508,1453,55,898,735,707,10.05
0900500013074,09,005,0001,3074,Gustavo A. Madero,2060,423,1436,201,222,1734,1038,1010,28,694,595,544,10.92
0900500013089,09,005,0001,3089,Gustavo A. Madero,8133,1648,5662,823,896,6861,4174,4109,65,2673,2380,2264,10.26
0900500013093,09,005,0001,3093,Gustavo A. Madero,12036,2473,8407,1156,1394,10090,6313,6189,124,3756,3485,3167,10.46
0900500013110,09,005,0001,3110,Gustavo A. Madero,1574,242,1173,155,341,1381,808,785,23,573,584,519,11.56
0900500013125,09,005,0001,3125,Gustavo A. Madero,3029,486,2199,344,419,2655,1387,1359,28,1266,908,831,11.83
090050001313A,09,005,0001,313A,Gustavo A. Madero,1484,170,1075,239,221,1351,718,696,22,633,645,530,14.47
0900500013144,09,005,0001,3144,Gustavo A. Madero,4023,880,2734,409,465,3328,2112,2066,46,1214,1121,1060,9.86
0900500013159,09,005,0001,3159,Gustavo A. Madero,4982,949,3471,562,538,4246,2666,2583,83,1576,1385,1299,10.3
0900500013163,09,005,0001,3163,Gustavo A. Madero,1911,384,1325,202,179,1616,1055,1038,17,557,570,528,10.47
0900500013178,09,005,0001,3178,Gustavo A. Madero,1870,350,1289,231,183,1585,982,962,20,600,598,575,11.05
0900500013182,09,005,0001,3182,Gustavo A. Madero,2221,419,1670,132,303,1889,1253,1229,24,636,903,757,11.47
0900500013197,09,005,0001,3197,Gustavo A. Madero,5244,939,3754,551,507,4529,2908,2808,100,1616,1838,1602,10.83
090050001320A,09,005,0001,320A,Gustavo A. Madero,1993,354,1515,124,239,1727,1160,1144,16,567,729,626,12.07
0900500013214,09,005,0001,3214,Gustavo A. Madero,5814,1567,3923,324,678,4571,2945,2887,58,1621,1624,1563,8.89
0900500013229,09,005,0001,3229,Gustavo A. Madero,3544,946,2371,225,432,2800,1722,1682,40,1071,1012,903,8.55
0900500013233,09,005,0001,3233,Gustavo A. Madero,6414,1685,4367,362,749,5091,3224,3151,73,1861,1735,1625,9.39
0900500013248,09,005,0001,3248,Gustavo A. Madero,5663,1388,3897,378,668,4544,2868,2811,57,1671,1835,1610,9.28
0900500013252,09,005,0001,3252,Gustavo A. Madero,6248,1428,4247,573,739,5103,3124,3065,59,1972,1825,1734,9.77
0900500013267,09,005,0001,3267,Gustavo A. Madero,3857,985,2488,384,460,3066,1791,1740,51,1272,967,933,8.9
0900500013271,09,005,0001,3271,Gustavo A. Madero,4264,842,2978,444,518,3606,2131,2083,48,1471,1280,1218,9.9
0900500013286,09,005,0001,3286,Gustavo A. Madero,3236,794,2267,175,413,2586,1679,1650,29,905,911,870,9.02
0900500013290,09,005,0001,3290,Gustavo A. Madero,4654,873,3170,611,476,3963,2333,2236,97,1628,1387,1291,11.06
0900500013303,09,005,0001,3303,Gustavo A. Madero,1861,309,1376,176,211,1621,992,964,28,628,585,535,10.86
0900500013318,09,005,0001,3318,Gustavo A. Madero,4304,1121,2881,302,551,3410,2284,2234,50,1118,1221,1149,8.76
0900500013322,09,005,0001,3322,Gustavo A. Madero,4420,1102,2957,361,502,3546,2335,2290,45,1209,1291,1228,9.02
0900500013337,09,005,0001,3337,Gustavo A. Madero,3043,551,2274,218,377,2605,1743,1690,53,859,1072,941,11.64
0900500013341,09,005,0001,3341,Gustavo A. Madero,2343,401,1634,308,247,2036,1279,1260,19,755,724,641,11.72
0900500013356,09,005,0001,3356,Gustavo A. Madero,1096,175,791,130,130,951,547,541,6,403,408,358,13.79
0900500013360,09,005,0001,3360,Gustavo A. Madero,4725,1073,3356,296,631,3855,2394,2336,58,1455,1425,1316,10.48
0900500013375,09,005,0001,3375,Gustavo A. Madero,1196,192,839,163,119,1046,666,652,14,379,385,351,12.38
090050001338A,09,005,0001,338A,Gustavo A. Madero,2997,341,2152,504,371,2746,1704,1671,33,1040,1147,1024,13.91
0900500013394,09,005,0001,3394,Gustavo A. Madero,2891,483,2034,374,322,2517,1551,1506,45,962,895,821,11.87
0900500013407,09,005,0001,3407,Gustavo A. Madero,8413,1415,6483,515,938,7375,4812,4724,88,2557,3235,2891,13.37
0900500013411,09,005,0001,3411,Gustavo A. Madero,5806,1489,4050,267,792,4608,3002,2936,66,1597,1644,1519,8.62
0900500013426,09,005,0001,3426,Gustavo A. Madero,2443,636,1683,124,290,1922,1197,1156,41,725,637,609,8.73
0900500013430,09,005,0001,3430,Gustavo A. Madero,4345,1167,2933,245,543,3427,2101,2040,61,1323,1262,1189,8.7
0900500013445,09,005,0001,3445,Gustavo A. Madero,4319,1167,2950,202,594,3416,2107,2062,45,1301,1186,1107,8.75
090060001001A,09,006,0001,001A,Iztacalco,6014,1166,4401,447,638,5094,3415,3323,92,1670,2352,1888,12.13
0900600010024,09,006,0001,0024,Iztacalco,5155,934,3790,429,595,4425,2970,2904,66,1453,1935,1606,11.51
0900600010039,09,006,0001,0039,Iztacalco,4548,884,3198,466,484,3863,2339,2260,79,1517,1475,1221,10.58
0900600010043,09,006,0001,0043,Iztacalco,5255,1068,3770,417,594,4421,2817,2763,54,1602,1769,1533,11.55
0900600010058,09,006,0001,0058,Iztacalco,3919,664,2738,517,365,3384,2184,2123,61,1187,1308,1208,11.57
0900600010077,09,006,0001,0077,Iztacalco,4527,765,3285,477,489,3930,2554,2458,96,1372,1479,1348,11.47
0900600010081,09,006,0001,0081,Iztacalco,7404,1408,5324,670,736,6301,4218,4129,89,2074,2667,2215,12.31
0900600010096,09,006,0001,0096,Iztacalco,8297,1626,6023,647,873,7042,4819,4703,116,2204,2875,2635,12.06
0900600010109,09,006,0001,0109,Iztacalco,6369,1200,4540,627,635,5404,3631,3558,73,1759,2180,1961,11.4
0900600010128,09,006,0001,0128,Iztacalco,5499,989,3909,601,633,4733,3100,3032,68,1617,1790,1625,11.66
0900600010132,09,006,0001,0132,Iztacalco,4303,706,3101,496,392,3741,2491,2437,54,1244,1564,1341,11.4
0900600010147,09,006,0001,0147,Iztacalco,0,0,0,0,0,0,0,0,0,0,0,0,0.0
0900600010151,09,006,0001,0151,Iztacalco,0,0,0,0,0,0,0,0,0,0,0,0,0.0
0900600010166,09,006,0001,0166,Iztacalco,2473,417,1803,251,282,2136,1404,1362,42,729,867,761,11.24
0900600010170,09,006,0001,0170,Iztacalco,2014,335,1428,251,230,1746,1054,1030,24,685,606,570,10.81
0900600010185,09,006,0001,0185,Iztacalco,10395,2028,7697,670,1055,8794,5938,5816,122,2830,4091,3446,12.73
090060001019A,09,006,0001,019A,Iztacalco,2185,331,1580,274,244,1938,1190,1166,24,745,718,663,11.71
0900600010202,09,006,0001,0202,Iztacalco,5819,1061,4051,705,616,4987,3107,3053,54,1876,1817,1691,11.64
0900600010217,09,006,0001,0217,Iztacalco,7652,1339,5507,806,788,6620,4164,4038,126,2437,2560,2305,11.81
0900600010221,09,006,0001,0221,Iztacalco,6103,701,4471,931,522,5541,3721,3650,71,1798,2396,2081,12.46
0900600010236,09,006,0001,0236,Iztacalco,4221,528,2973,720,371,3825,2374,2301,73,1449,1691,1455,13.22
0900600010240,09,006,0001,0240,Iztacalco,2790,424,2005,361,262,2446,1657,1611,46,786,1104,988,12.71
0900600010255,09,006,0001,0255,Iztacalco,7139,1296,5165,678,757,6114,4285,4172,113,1821,2351,2132,11.23
090060001026A,09,006,0001,026A,Iztacalco,3997,729,2848,420,408,3433,2369,2311,58,1060,1340,1218,11.34
0900600010274,09,006,0001,0274,Iztacalco,4869,909,3403,556,534,4138,2673,2650,23,1462,1666,1504,11.15
0900600010289,09,006,0001,0289,Iztacalco,1038,112,687,239,80,950,537,527,10,410,442,409,13.53
0900600010293,09,006,0001,0293,Iztacalco,5556,926,4031,599,584,4816,3299,3243,56,1511,2453,1662,11.41
0900600010310,09,006,0001,0310,Iztacalco,9912,1858,7145,907,1030,8437,5700,5584,116,2719,3565,3104,11.83
0900600010325,09,006,0001,0325,Iztacalco,4283,686,2997,593,439,3751,2237,2172,65,1496,1415,1283,11.49
090060001033A,09,006,0001,033A,Iztacalco,4787,731,3396,660,494,4213,2630,2580,50,1580,1564,1440,11.89
0900600010344,09,006,0001,0344,Iztacalco,3910,653,2747,509,398,3409,2128,2083,45,1275,1312,1211,11.41
0900600010359,09,006,0001,0359,Iztacalco,6468,1075,4492,901,662,5632,3403,3288,115,2227,2017,1859,11.59
0900600010363,09,006,0001,0363,Iztacalco,5344,1009,3653,680,569,4566,3029,2940,89,1518,1608,1502,11.21
0900600010378,09,006,0001,0378,Iztacalco,2360,423,1634,303,200,2018,1382,1357,25,632,782,714,11.4
0900600010382,09,006,0001,0382,Iztacalco,2840,438,2019,383,297,2510,1651,1621,30,853,1063,935,11.62
0900600010397,09,006,0001,0397,Iztacalco,7901,1450,5668,783,863,6790,4578,4478,100,2185,2395,2257,10.99
0900600010414,09,006,0001,0414,Iztacalco,3190,573,2296,321,366,2733,1863,1826,37,866,941,893,10.94
0900600010429,09,006,0001,0429,Iztacalco,2593,446,1780,366,232,2227,1421,1384,37,805,775,732,11.48
0900600010433,09,006,0001,0433,Iztacalco,2737,458,1917,362,276,2399,1526,1492,34,867,814,750,11.12
0900600010448,09,006,0001,0448,Iztacalco,2579,430,1798,351,249,2244,1411,1376,35,827,747,684,10.98
0900600010452,09,006,0001,0452,Iztacalco,1986,290,1438,258,212,1741,1131,1094,37,609,613,571,11.29
0900600010467,09,006,0001,0467,Iztacalco,20,5,15,0,5,16,10,10,0,6,4,4,9.93
0900600010471,09,006,0001,0471,Iztacalco,3513,585,2452,476,374,3088,1882,1825,57,1195,988,888,10.81
0900600010486,09,006,0001,0486,Iztacalco,1631,273,1167,191,178,1422,899,887,12,521,495,447,11.09
0900600010490,09,006,0001,0490,Iztacalco,3843,647,2689,499,419,3352,2093,2055,38,1245,1101,1006,11.07
0900600010503,09,006,0001,0503,Iztacalco,4722,792,3327,602,522,4107,2591,2531,60,1512,1464,1360,11.12
0900600010518,09,006,0001,0518,Iztacalco,5337,905,3752,676,502,4623,2870,2819,51,1749,1762,1645,11.49
0900600010522,09,006,0001,0522,Iztacalco,3376,547,2370,459,362,2939,1760,1713,47,1173,1022,983,11.55
0900600010537,09,006,0001,0537,Iztacalco,4131,654,2862,613,425,3615,2245,2168,77,1368,1263,1180,11.06
0900600010541,09,006,0001,0541,Iztacalco,3564,596,2490,478,342,3121,1831,1802,29,1288,1119,1028,11.33
0900600010556,09,006,0001,0556,Iztacalco,4808,826,3385,597,534,4170,2621,2553,68,1545,1357,1288,11.42
0900600010575,09,006,0001,0575,Iztacalco,6876,1286,4829,761,766,5896,3715,3626,89,2171,2035,1915,10.78
090060001058A,09,006,0001,058A,Iztacalco,4801,889,3359,550,527,4113,2709,2644,65,1401,1358,1255,10.51
0900600010594,09,006,0001,0594,Iztacalco,2900,507,2037,348,312,2518,1590,1557,33,920,790,749,10.26
0900600010607,09,006,0001,0607,Iztacalco,7114,1271,5034,809,801,6092,3893,3784,109,2186,2173,2000,10.95
0900600010611,09,006,0001,0611,Iztacalco,5465,916,3770,735,535,4714,2872,2796,76,1838,1584,1513,10.93
0900600010626,09,006,0001,0626,Iztacalco,1985,370,1352,263,204,1707,1025,993,32,682,518,497,10.34
0900600010630,09,006,0001,0630,Iztacalco,2680,436,1893,351,289,2339,1446,1396,50,887,765,724,10.97
0900600010645,09,006,0001,0645,Iztacalco,2127,384,1492,251,218,1820,1128,1109,19,689,594,562,10.99
090060001065A,09,006,0001,065A,Iztacalco,2015,336,1403,276,198,1753,1091,1066,25,659,544,519,10.82
0900600010664,09,006,0001,0664,Iztacalco,3851,565,2623,644,387,3405,2063,2012,51,1335,1159,1091,11.92
0900600010679,09,006,0001,0679,Iztacalco,2575,489,1772,311,266,2200,1354,1318,36,841,749,707,11.15
0900600010683,09,006,0001,0683,Iztacalco,4346,830,3065,451,487,3722,2434,2359,75,1284,1260,1191,10.65
0900600010698,09,006,0001,0698,Iztacalco,3033,603,2059,357,294,2545,1633,1588,45,909,872,812,10.57
0900600010700,09,006,0001,0700,Iztacalco,3686,702,2555,425,407,3130,1892,1835,57,1234,986,932,10.33
0900600010715,09,006,0001,0715,Iztacalco,2275,428,1575,268,219,1921,1311,1273,38,606,647,607,10.92
090060001072A,09,006,0001,072A,Iztacalco,2520,414,1798,305,283,2203,1362,1354,8,840,652,618,10.87
0900600010734,09,006,0001,0734,Iztacalco,2950,539,2068,341,335,2515,1683,1644,39,830,824,798,10.65
0900600010749,09,006,0001,0749,Iztacalco,2692,294,1840,558,205,2478,1524,1475,49,950,956,895,13.81
0900600010753,09,006,0001,0753,Iztacalco,2113,268,1457,388,197,1911,1157,1135,22,749,682,626,12.33
0900600010768,09,006,0001,0768,Iztacalco,2016,362,1388,264,202,1758,1119,1103,16,639,613,566,11.51
0900600010772,09,006,0001,0772,Iztacalco,1971,264,1382,325,183,1768,1048,998,50,719,713,649,12.85
0900600010787,09,006,0001,0787,Iztacalco,4868,843,3349,676,528,4214,2645,2560,85,1563,1321,1244,10.94
0900600010791,09,006,0001,0791,Iztacalco,1795,346,1254,195,201,1536,996,968,28,536,521,488,11.45
0900600010804,09,006,0001,0804,Iztacalco,4824,951,3335,519,591,4077,2628,2556,72,1438,911,882,10.08
0900600010823,09,006,0001,0823,Iztacalco,3361,417,2277,664,319,3054,1741,1680,61,1313,1042,955,11.63
0900600010838,09,006,0001,0838,Iztacalco,2924,372,1969,583,293,2645,1805,1769,36,830,904,849,11.49
0900600010842,09,006,0001,0842,Iztacalco,2068,265,1429,374,217,1862,1059,1026,33,802,650,619,11.86
0900600010876,09,006,0001,0876,Iztacalco,1859,173,1286,400,158,1731,1008,982,26,722,629,595,14.15
0900600010880,09,006,0001,0880,Iztacalco,1783,190,1217,376,137,1640,1005,991,14,633,637,581,14.33
0900600010895,09,006,0001,0895,Iztacalco,2428,275,1615,538,218,2225,1254,1196,58,968,841,746,13.8
0900600010908,09,006,0001,0908,Iztacalco,1288,187,902,199,117,1145,731,711,20,413,459,417,13.15
0900600010927,09,006,0001,0927,Iztacalco,2727,403,1828,495,289,2423,1447,1399,48,975,854,790,10.94
0900600010931,09,006,0001,0931,Iztacalco,2852,370,1960,522,264,2563,1514,1485,29,1047,953,904,11.33
0900600010946,09,006,0001,0946,Iztacalco,2334,308,1570,456,210,2090,1212,1166,46,871,782,732,12.04
0900600010950,09,006,0001,0950,Iztacalco,2296,200,1548,546,194,2146,1252,1227,25,890,852,783,13.9
0900600010965,09,006,0001,0965,Iztacalco,1629,161,1136,332,133,1516,914,893,21,600,644,551,13.87
090060001097A,09,006,0001,097A,Iztacalco,1528,149,1042,337,155,1418,822,793,29,596,565,491,13.91
0900600010984,09,006,0001,0984,Iztacalco,1628,151,1133,344,134,1511,876,848,28,634,686,561,13.76
0900600010999,09,006,0001,0999,Iztacalco,928,113,658,157,109,843,518,493,25,321,280,265,11.76
0900600011003,09,006,0001,1003,Iztacalco,2550,368,1812,370,240,2253,1426,1410,16,827,802,741,11.64
0900600011018,09,006,0001,1018,Iztacalco,2119,360,1473,285,220,1849,1144,1106,38,693,607,572,10.62
0900600011022,09,006,0001,1022,Iztacalco,2024,314,1433,277,229,1771,1100,1073,27,669,572,541,11.73
0900600011037,09,006,0001,1037,Iztacalco,2212,375,1532,305,239,1918,1340,1310,30,572,471,444,10.68
0900600011041,09,006,0001,1041,Iztacalco,4529,854,3174,501,514,3876,2434,2376,58,1440,1003,968,10.43
0900600011056,09,006,0001,1056,Iztacalco,4258,838,3047,373,497,3629,2382,2344,38,1238,1102,1062,10.35
0900600011060,09,006,0001,1060,Iztacalco,3704,741,2580,383,410,3122,1956,1896,60,1161,923,906,10.43
0900600011075,09,006,0001,1075,Iztacalco,2887,519,1986,381,298,2494,1633,1604,29,858,601,575,10.79
090060001108A,09,006,0001,108A,Iztacalco,4564,879,3214,471,601,3900,2536,2493,43,1354,1083,1027,10.03
0900600011094,09,006,0001,1094,Iztacalco,4236,600,3180,451,513,3754,2467,2385,82,1279,1705,1430,12.92
0900600011107,09,006,0001,1107,Iztacalco,4414,749,3241,424,534,3805,2614,2552,62,1190,1536,1342,11.54
0900600011111,09,006,0001,1111,Iztacalco,1413,183,984,246,125,1272,779,750,29,491,528,494,12.56
0900600011126,09,006,0001,1126,Iztacalco,5768,1049,4177,542,604,4961,3368,3292,76,1585,1853,1758,11.42
0900600011130,09,006,0001,1130,Iztacalco,3560,707,2520,333,407,3028,1917,1871,46,1103,823,775,10.47
090060001115A,09,006,0001,115A,Iztacalco,2063,439,1416,208,223,1720,1125,1108,17,586,575,541,10.35
0900600011164,09,006,0001,1164,Iztacalco,915,207,627,81,96,759,470,466,4,287,229,214,9.94
0900600011179,09,006,0001,1179,Iztacalco,8203,1641,6030,532,874,6922,4662,4532,130,2251,2966,2650,11.98
0900600011183,09,006,0001,1183,Iztacalco,2241,420,1584,237,246,1904,1261,1238,23,642,734,676,12.15
0900600011198,09,006,0001,1198,Iztacalco,2099,357,1473,269,203,1808,1189,1174,15,613,756,685,11.82
0900600011200,09,006,0001,1200,Iztacalco,4449,789,3172,488,444,3847,2434,2359,75,1407,1619,1430,12.25
0900700010017,09,007,0001,0017,Iztapalapa,5868,1140,4182,546,743,4982,3253,3178,75,1715,1733,1649,11.23
0900700010021,09,007,0001,0021,Iztapalapa,7518,1383,5366,769,808,6482,4036,3940,96,2437,2729,2288,11.25
0900700010036,09,007,0001,0036,Iztapalapa,10273,1743,7487,1043,1209,8940,5688,5556,132,3240,3485,3130,11.8
0900700010040,09,007,0001,0040,Iztapalapa,3860,668,2659,533,402,3357,1985,1916,69,1366,1141,1080,11.39
0900700010055,09,007,0001,0055,Iztapalapa,3701,460,2504,734,338,3365,1926,1844,82,1435,1254,1196,13.36
090070001006A,09,007,0001,006A,Iztapalapa,2957,518,2054,385,313,2562,1547,1496,51,1004,793,771,9.88
0900700010074,09,007,0001,0074,Iztapalapa,2480,487,1676,317,243,2101,1242,1222,20,857,694,657,10.42
0900700010089,09,007,0001,0089,Iztapalapa,2144,316,1540,288,226,1906,1201,1171,30,703,681,656,11.53
0900700010093,09,007,0001,0093,Iztapalapa,1677,218,1104,355,129,1513,855,827,28,658,542,508,13.67
0900700010106,09,007,0001,0106,Iztapalapa,1524,193,1048,283,140,1372,737,729,8,629,533,473,13.59
0900700010110,09,007,0001,0110,Iztapalapa,1932,219,1279,434,134,1764,1033,1015,18,730,719,677,13.56
090070001013A,09,007,0001,013A,Iztapalapa,2880,528,1994,358,327,2476,1567,1512,55,905,891,820,10.48
0900700010144,09,007,0001,0144,Iztapalapa,1855,286,1273,293,206,1623,948,935,13,673,545,516,10.12
0900700010178,09,007,0001,0178,Iztapalapa,2948,442,2049,457,290,2631,1597,1569,28,1028,963,890,11.33
0900700010182,09,007,0001,0182,Iztapalapa,2946,389,2050,507,291,2654,1456,1432,24,1194,994,921,13.33
0900700010197,09,007,0001,0197,Iztapalapa,2762,328,1928,506,269,2518,1490,1451,39,1026,953,890,13.47
0900700010214,09,007,0001,0214,Iztapalapa,6202,1253,4411,538,736,5232,3257,3170,87,1972,1683,1622,10.3
0900700010229,09,007,0001,0229,Iztapalapa,0,0,0,0,0,0,0,0,0,0,0,0,0.0
0900700010233,09,007,0001,0233,Iztapalapa,1933,339,1323,268,202,1681,1011,993,18,667,552,528,10.63
0900700010248,09,007,0001,0248,Iztapalapa,1549,242,1064,243,176,1376,769,740,29,603,448,425,10.36
0900700010252,09,007,0001,0252,Iztapalapa,3188,560,2243,385,355,2754,1748,1714,34,997,890,829,10.23
0900700010271,09,007,0001,0271,Iztapalapa,4150,693,2950,507,471,3637,2269,2204,65,1363,1299,1198,11.16
0900700010286,09,007,0001,0286,Iztapalapa,2480,439,1634,407,246,2138,1190,1170,20,947,688,664,11.67
0900700010290,09,007,0001,0290,Iztapalapa,1588,267,1074,247,159,1393,772,737,35,619,472,436,11.74
0900700010303,09,007,0001,0303,Iztapalapa,1103,192,733,178,128,953,532,520,12,421,319,299,11.56
0900700010318,09,007,0001,0318,Iztapalapa,3528,555,2524,449,361,3096,1808,1763,45,1284,967,929,10.01
0900700010322,09,007,0001,0322,Iztapalapa,4540,684,3268,588,506,4024,2570,2485,85,1452,1419,1332,11.44
0900700010337,09,007,0001,0337,Iztapalapa,5329,952,3795,582,552,4581,2963,2919,44,1611,1614,1559,10.59
0900700010356,09,007,0001,0356,Iztapalapa,5122,864,3710,548,575,4454,2994,2941,53,1457,1543,1458,10.78
0900700010360,09,007,0001,0360,Iztapalapa,5255,957,3816,482,593,4519,3065,3021,44,1443,1613,1491,11.47
0900700010375,09,007,0001,0375,Iztapalapa,6884,1172,4900,812,734,5979,4005,3913,92,1948,1612,1572,10.44
090070001038A,09,007,0001,038A,Iztapalapa,5123,979,3546,590,549,4352,2576,2545,31,1756,1501,1345,11.06
0900700010407,09,007,0001,0407,Iztapalapa,6972,1530,4870,572,790,5781,3681,3602,79,2092,1902,1780,10.23
0900700010411,09,007,0001,0411,Iztapalapa,4975,1076,3485,414,616,4133,2788,2715,73,1332,1369,1298,10.45
0900700010426,09,007,0001,0426,Iztapalapa,8211,1677,5708,826,940,6918,4407,4326,81,2505,2208,2134,10.65
0900700010445,09,007,0001,0445,Iztapalapa,3848,749,2634,465,413,3252,1992,1936,56,1254,1126,1073,10.8
0900700010464,09,007,0001,0464,Iztapalapa,4863,967,3414,463,573,4093,2682,2645,37,1400,1450,1381,10.02
0900700010479,09,007,0001,0479,Iztapalapa,4554,877,3199,478,548,3870,2386,2336,50,1476,1306,1263,10.33
0900700010483,09,007,0001,0483,Iztapalapa,6782,975,4822,972,687,6055,3906,3856,50,2142,2409,2272,11.85
0900700010498,09,007,0001,0498,Iztapalapa,5441,851,3890,698,583,4808,2989,2930,59,1802,1788,1676,11.49
0900700010500,09,007,0001,0500,Iztapalapa,6227,898,4402,900,546,5484,3503,3430,73,1971,2139,2020,12.09
0900700010515,09,007,0001,0515,Iztapalapa,7149,1050,5065,1033,669,6337,4199,4115,84,2128,2478,2330,12.07
0900700010534,09,007,0001,0534,Iztapalapa,4645,687,3284,674,487,4134,2471,2407,64,1657,1519,1373,12.65
0900700010553,09,007,0001,0553,Iztapalapa,5795,1160,4068,567,652,4883,3094,3050,44,1783,1642,1573,10.64
0900700010568,09,007,0001,0568,Iztapalapa,5839,986,4035,818,635,5073,3121,3035,86,1938,1782,1699,11.51
0900700010572,09,007,0001,0572,Iztapalapa,5325,1061,3738,526,558,4488,2979,2939,40,1504,1502,1445,10.55
0900700010587,09,007,0001,0587,Iztapalapa,2637,515,1829,293,321,2234,1323,1282,41,910,827,763,10.67
0900700010591,09,007,0001,0591,Iztapalapa,3807,677,2584,546,388,3294,2087,2050,37,1198,1202,1120,10.3
0900700010604,09,007,0001,0604,Iztapalapa,3653,719,2487,447,381,3096,1879,1846,33,1207,970,935,10.07
0900700010619,09,007,0001,0619,Iztapalapa,5610,1113,3995,501,665,4765,3131,3059,72,1629,1798,1627,10.62
0900700010623,09,007,0001,0623,Iztapalapa,5433,1035,3861,537,648,4655,3009,2962,47,1639,1650,1600,10.15
0900700010638,09,007,0001,0638,Iztapalapa,4162,895,2880,387,508,3464,2167,2115,52,1292,1224,1154,10.13
0900700010642,09,007,0001,0642,Iztapalapa,2515,283,1747,476,231,2307,1372,1326,46,931,1034,926,13.92
0900700010657,09,007,0001,0657,Iztapalapa,1916,197,1241,478,176,1773,990,967,23,782,664,605,14.2
0900700010676,09,007,0001,0676,Iztapalapa,2699,368,1861,470,253,2415,1514,1479,35,897,943,883,12.52
0900700010680,09,007,0001,0680,Iztapalapa,3125,438,2150,537,240,2787,1711,1657,54,1074,979,935,12.49
0900700010695,09,007,0001,0695,Iztapalapa,3633,545,2495,588,327,3225,1971,1918,53,1253,1207,1094,11.94
0900700010708,09,007,0001,0708,Iztapalapa,4420,653,3085,682,398,3930,2421,2354,67,1500,1502,1370,11.81
0900700010727,09,007,0001,0727,Iztapalapa,2181,257,1613,311,236,2003,1288,1253,35,715,788,720,13.04
0900700010731,09,007,0001,0731,Iztapalapa,11610,2634,8080,893,1412,9521,6062,5942,120,3449,3098,2942,9.78
0900700010746,09,007,0001,0746,Iztapalapa,7993,1619,5579,795,989,6726,4263,4171,92,2449,2112,1981,10.2
0900700010750,09,007,0001,0750,Iztapalapa,9308,2048,6444,816,1113,7695,5022,4939,83,2640,2468,2355,9.94
0900700010765,09,007,0001,0765,Iztapalapa,3454,621,2370,463,400,2987,1826,1793,33,1148,957,925,9.9
090070001077A,09,007,0001,077A,Iztapalapa,4047,813,2793,439,498,3422,2174,2132,42,1238,1066,1012,10.5
0900700010784,09,007,0001,0784,Iztapalapa,6393,1201,4497,695,770,5460,3447,3377,70,2005,1779,1673,10.39
0900700010801,09,007,0001,0801,Iztapalapa,3649,377,2621,648,344,3368,2100,2047,53,1266,1482,1339,14.19
0900700010816,09,007,0001,0816,Iztapalapa,1207,125,792,290,94,1111,655,648,7,454,422,395,14.03
0900700010820,09,007,0001,0820,Iztapalapa,1112,108,742,262,85,1029,585,570,15,443,401,375,14.4
0900700010835,09,007,0001,0835,Iztapalapa,6828,1508,4680,635,787,5670,3443,3374,69,2219,1782,1731,10.04
090070001084A,09,007,0001,084A,Iztapalapa,7352,1552,5188,612,812,6138,4118,4051,67,2012,2142,2005,10.42
0900700010854,09,007,0001,0854,Iztapalapa,3289,653,2331,305,390,2771,1554,1518,36,1212,907,829,9.94
0900700010888,09,007,0001,0888,Iztapalapa,4544,933,3102,509,527,3805,2264,2200,64,1534,1160,1099,9.95
0900700010892,09,007,0001,0892,Iztapalapa,2220,461,1497,262,218,1863,1109,1091,18,750,571,537,10.02
0900700010905,09,007,0001,0905,Iztapalapa,2580,268,1823,489,209,2373,1477,1457,20,895,1063,952,14.2
090070001091A,09,007,0001,091A,Iztapalapa,1444,145,979,320,108,1328,752,748,4,574,504,478,14.07
0900700010924,09,007,0001,0924,Iztapalapa,3759,496,2722,540,342,3378,2234,2183,51,1142,1420,1299,12.5
0900700010939,09,007,0001,0939,Iztapalapa,4294,514,3008,772,382,3903,2400,2356,44,1501,1481,1380,13.15
0900700010943,09,007,0001,0943,Iztapalapa,3439,395,2355,686,289,3138,1824,1780,44,1311,1124,1043,12.68
0900700010958,09,007,0001,0958,Iztapalapa,5599,741,3942,914,523,5036,3141,3043,98,1874,1663,1568,11.56
0900700010962,09,007,0001,0962,Iztapalapa,8084,1698,5690,695,905,6770,4363,4278,85,2376,2252,2125,10.29
0900700010977,09,007,0001,0977,Iztapalapa,7001,1341,4900,751,746,5939,3851,3748,103,2078,1929,1823,10.49
0900700010981,09,007,0001,0981,Iztapalapa,6435,1208,4538,689,733,5495,3480,3429,51,2005,1746,1646,10.8
0900700011000,09,007,0001,1000,Iztapalapa,5229,1014,3749,463,664,4452,2803,2755,48,1647,1688,1558,10.96
0900700011015,09,007,0001,1015,Iztapalapa,6358,1088,4554,716,699,5503,3446,3349,97,2055,2004,1873,11.13
0900700011034,09,007,0001,1034,Iztapalapa,6566,983,4592,991,684,5832,3487,3408,79,2335,1956,1858,11.17
0900700011049,09,007,0001,1049,Iztapalapa,4690,787,3239,664,497,4074,2441,2398,43,1629,1341,1271,11.02
0900700011053,09,007,0001,1053,Iztapalapa,7253,1116,4936,1198,757,6405,3666,3548,118,2721,2131,2057,10.96
0900700011087,09,007,0001,1087,Iztapalapa,5902,1331,4180,391,659,4865,3041,3015,26,1814,1594,1529,9.99
0900700011091,09,007,0001,1091,Iztapalapa,4232,959,2953,320,465,3502,2312,2293,19,1189,1338,1301,10.05
0900700011104,09,007,0001,1104,Iztapalapa,6367,1473,4369,525,728,5226,3156,3123,33,2061,1774,1683,9.73
0900700011123,09,007,0001,1123,Iztapalapa,3739,117,3524,98,147,3655,1927,1920,7,1726,126,123,1.05
0900700011138,09,007,0001,1138,Iztapalapa,4768,1054,3370,335,573,3941,2471,2419,52,1465,1435,1277,9.69
0900700011142,09,007,0001,1142,Iztapalapa,3200,595,2164,441,323,2760,1676,1632,44,1079,863,812,10.2
0900700011157,09,007,0001,1157,Iztapalapa,2662,448,1881,333,339,2309,1370,1342,28,933,746,705,10.31
0900700011176,09,007,0001,1176,Iztapalapa,2180,247,1554,379,198,2000,1225,1191,34,775,829,770,13.64
0900700011180,09,007,0001,1180,Iztapalapa,2051,245,1428,375,182,1845,1169,1133,36,675,722,651,11.78
0900700011195,09,007,0001,1195,Iztapalapa,3664,434,2546,684,337,3345,2077,1998,79,1265,1270,1173,12.92
0900700011208,09,007,0001,1208,Iztapalapa,991,176,709,106,101,860,562,541,21,296,302,295,11.05
0900700011227,09,007,0001,1227,Iztapalapa,5183,887,3753,534,624,4508,2901,2856,45,1605,1532,1435,10.96
0900700011246,09,007,0001,1246,Iztapalapa,4327,791,3078,458,466,3717,2291,2250,41,1413,1331,1254,11.05
0900700011250,09,007,0001,1250,Iztapalapa,3051,505,2165,381,347,2646,1678,1623,55,967,902,851,11.23
0900700011265,09,007,0001,1265,Iztapalapa,3915,642,2754,519,400,3433,2147,2072,75,1281,1256,1163,11.32
090070001127A,09,007,0001,127A,Iztapalapa,2174,268,1521,385,235,1979,1177,1137,40,798,669,625,12.2
0900700011284,09,007,0001,1284,Iztapalapa,1379,197,951,231,140,1233,649,637,12,584,378,360,12.13
0900700011299,09,007,0001,1299,Iztapalapa,3461,578,2432,451,375,3010,1895,1856,39,1108,1045,957,11.31
0900700011301,09,007,0001,1301,Iztapalapa,4045,656,2839,550,399,3536,2129,2095,34,1402,1244,1162,11.64
0900700011316,09,007,0001,1316,Iztapalapa,3355,701,2336,318,389,2795,1817,1787,30,973,832,818,9.64
0900700011335,09,007,0001,1335,Iztapalapa,0,0,0,0,0,0,0,0,0,0,0,0,0.0
090070001134A,09,007,0001,134A,Iztapalapa,4839,1170,3277,390,546,3916,2522,2479,43,1389,1396,1305,9.72
0900700011354,09,007,0001,1354,Iztapalapa,5489,912,3865,709,613,4808,3006,2952,54,1796,1627,1554,11.17
0900700011369,09,007,0001,1369,Iztapalapa,6296,1144,4515,634,727,5422,3458,3393,65,1953,1884,1801,10.7
0900700011388,09,007,0001,1388,Iztapalapa,5484,1151,3899,432,619,4611,2920,2874,46,1686,1503,1442,10.12
090070001141A,09,007,0001,141A,Iztapalapa,4046,692,2947,407,438,3512,2412,2361,51,1099,1239,1175,11.11
0900700011424,09,007,0001,1424,Iztapalapa,2881,481,2083,317,349,2504,1578,1546,32,925,892,847,10.86
0900700011439,09,007,0001,1439,Iztapalapa,2585,362,1783,437,256,2314,1452,1407,45,861,835,786,12.41
0900700011443,09,007,0001,1443,Iztapalapa,1973,244,1381,348,190,1782,1033,992,41,748,628,580,12.58
0900700011458,09,007,0001,1458,Iztapalapa,1726,252,1161,313,164,1533,899,876,23,626,553,522,12.37
0900700011462,09,007,0001,1462,Iztapalapa,2160,274,1530,356,214,1955,1128,1076,52,824,659,614,12.28
0900700011477,09,007,0001,1477,Iztapalapa,2157,274,1453,430,165,1951,1151,1111,40,800,714,671,13.73
0900700011481,09,007,0001,1481,Iztapalapa,2435,296,1638,501,212,2214,1251,1218,33,963,802,770,14.03
0900700011496,09,007,0001,1496,Iztapalapa,2524,450,1762,312,274,2186,1341,1306,35,841,661,635,11.01
0900700011509,09,007,0001,1509,Iztapalapa,4535,981,3205,349,568,3755,2535,2467,68,1209,1186,1123,10.06
0900700011513,09,007,0001,1513,Iztapalapa,5064,1071,3593,400,624,4237,2512,2463,49,1709,1506,1410,10.06
0900700011566,09,007,0001,1566,Iztapalapa,9689,1831,6957,898,1096,8256,5264,5121,143,2986,2940,2739,10.9
0900700011585,09,007,0001,1585,Iztapalapa,0,0,0,0,0,0,0,0,0,0,0,0,0.0
090070001159A,09,007,0001,159A,Iztapalapa,6649,1266,4718,662,748,5690,3777,3697,80,1901,1996,1822,10.7
0900700011621,09,007,0001,1621,Iztapalapa,4393,790,3126,477,510,3781,2411,2350,61,1366,1329,1253,11.3
0900700011636,09,007,0001,1636,Iztapalapa,2883,526,2038,317,355,2480,1494,1461,33,984,844,798,10.66
0900700011640,09,007,0001,1640,Iztapalapa,4166,763,2989,414,479,3568,2223,2181,42,1343,1253,1146,10.85
0900700011655,09,007,0001,1655,Iztapalapa,2448,458,1699,291,290,2099,1322,1288,34,774,721,679,10.27
090070001166A,09,007,0001,166A,Iztapalapa,3498,567,2458,473,339,3075,1856,1792,64,1215,872,835,10.92
0900700011674,09,007,0001,1674,Iztapalapa,3237,589,2239,409,315,2772,1734,1674,60,1035,834,802,10.44
0900700011689,09,007,0001,1689,Iztapalapa,2788,473,1969,346,297,2438,1591,1539,52,846,752,717,10.66
0900700011693,09,007,0001,1693,Iztapalapa,2012,332,1422,258,246,1759,1091,1039,52,664,556,518,10.39
0900700011706,09,007,0001,1706,Iztapalapa,7319,1688,5097,534,854,6004,3737,3712,25,2263,1991,1903,10.01
0900700011710,09,007,0001,1710,Iztapalapa,7600,1621,5364,615,947,6338,4104,4034,70,2226,2145,2016,10.28
0900700011759,09,007,0001,1759,Iztapalapa,3567,795,2501,271,422,2948,1877,1833,44,1065,1014,928,10.13
0900700011763,09,007,0001,1763,Iztapalapa,6474,1398,4490,584,830,5373,3491,3411,80,1870,1865,1660,9.81
0900700011778,09,007,0001,1778,Iztapalapa,6931,1333,4988,610,814,5893,4001,3953,48,1884,2132,1994,10.8
0900700011814,09,007,0001,1814,Iztapalapa,3694,695,2554,445,393,3161,1880,1833,47,1278,1058,1021,10.11
0900700011833,09,007,0001,1833,Iztapalapa,3848,707,2708,433,409,3300,2002,1953,49,1294,1125,1079,10.8
0900700011848,09,007,0001,1848,Iztapalapa,3531,650,2526,355,417,3030,1876,1830,46,1149,1013,994,10.69
0900700011852,09,007,0001,1852,Iztapalapa,5424,998,3901,525,635,4635,2906,2816,90,1720,1413,1369,10.59
0900700011867,09,007,0001,1867,Iztapalapa,11278,2323,7904,1047,1280,9424,5966,5851,115,3444,3266,3115,10.3
0900700011890,09,007,0001,1890,Iztapalapa,5546,956,3855,735,567,4833,3018,2964,54,1806,1610,1458,10.6
0900700011918,09,007,0001,1918,Iztapalapa,4953,934,3383,636,560,4221,2489,2454,35,1725,1340,1282,10.29
0900700011941,09,007,0001,1941,Iztapalapa,4248,457,3023,766,419,3904,2181,2117,64,1722,1562,1381,14.13
0900700011960,09,007,0001,1960,Iztapalapa,3765,551,2785,429,420,3362,2137,2094,43,1212,1253,1151,11.55
0900700011975,09,007,0001,1975,Iztapalapa,3499,653,2585,261,376,2993,1936,1903,33,1056,1287,1172,12.06
090070001198A,09,007,0001,198A,Iztapalapa,6035,1124,4332,577,742,5159,3239,3150,89,1911,1911,1765,10.56
0900700011994,09,007,0001,1994,Iztapalapa,13946,831,12586,529,1155,13302,6966,6894,72,6330,1266,1156,3.28
0900700012047,09,007,0001,2047,Iztapalapa,9950,2077,7023,850,1144,8350,5187,5066,121,3146,2743,2610,9.96
0900700012051,09,007,0001,2051,Iztapalapa,11206,2956,7602,646,1396,8899,6089,6002,87,2804,3142,2897,9.08
0900700012070,09,007,0001,2070,Iztapalapa,4041,932,2764,345,504,3339,2111,2051,60,1220,1317,1187,9.72
0900700012085,09,007,0001,2085,Iztapalapa,5799,1247,3989,563,707,4833,3023,2946,77,1802,2021,1883,9.71
090070001209A,09,007,0001,209A,Iztapalapa,3734,788,2628,318,409,3117,2123,2080,43,991,1026,985,9.97
0900700012102,09,007,0001,2102,Iztapalapa,3577,807,2505,265,421,2961,1828,1787,41,1122,899,877,10.24
0900700012117,09,007,0001,2117,Iztapalapa,3108,623,2209,275,384,2614,1596,1541,55,1017,857,824,9.96
0900700012121,09,007,0001,2121,Iztapalapa,146,62,84,0,27,91,87,87,0,3,30,30,4.43
0900700012140,09,007,0001,2140,Iztapalapa,7841,1633,5497,711,1010,6570,4235,4151,84,2324,2120,2054,9.82
0900700012155,09,007,0001,2155,Iztapalapa,3769,757,2683,329,458,3189,1970,1924,46,1214,1063,1033,10.06
090070001216A,09,007,0001,216A,Iztapalapa,3673,795,2562,316,409,3071,1955,1907,48,1113,1009,967,10.05
0900700012174,09,007,0001,2174,Iztapalapa,2349,461,1663,225,250,1991,1366,1353,13,622,712,675,10.77
0900700012189,09,007,0001,2189,Iztapalapa,2349,446,1636,267,224,2003,1208,1181,27,793,704,659,11.08
0900700012193,09,007,0001,2193,Iztapalapa,2575,497,1785,293,270,2196,1528,1515,13,666,742,696,10.33
0900700012206,09,007,0001,2206,Iztapalapa,1638,265,1165,208,184,1434,898,877,21,534,504,474,10.76
0900700012371,09,007,0001,2371,Iztapalapa,1682,265,1195,222,169,1469,942,911,31,526,489,448,10.05
0900700012386,09,007,0001,2386,Iztapalapa,3610,566,2590,454,373,3180,2149,2098,51,1015,1122,1032,10.77
0900700012390,09,007,0001,2390,Iztapalapa,3965,608,2748,609,400,3508,2047,2003,44,1458,1146,1091,12.03
0900700012403,09,007,0001,2403,Iztapalapa,293,68,214,11,38,240,223,221,,17,90,87,9.21
0900700012437,09,007,0001,2437,Iztapalapa,5076,1015,3450,611,618,4279,2717,2663,54,1540,1205,1182,9.6
0900700012441,09,007,0001,2441,Iztapalapa,4457,931,3043,483,526,3734,2292,2248,44,1442,1197,1155,9.91
0900700012456,09,007,0001,2456,Iztapalapa,4606,1032,3193,381,567,3772,2621,2575,46,1143,1349,1287,9.61
0900700012460,09,007,0001,2460,Iztapalapa,4473,994,3164,312,553,3687,2452,2415,37,1223,1230,1157,9.96
0900700012475,09,007,0001,2475,Iztapalapa,68,0,64,4,7,68,33,28,5,0,4,4,5.89
0900700012494,09,007,0001,2494,Iztapalapa,1941,393,1316,232,240,1639,990,973,17,649,476,449,9.76
0900700012507,09,007,0001,2507,Iztapalapa,2181,355,1572,254,240,1906,1112,1085,27,780,583,553,10.38
0900700012511,09,007,0001,2511,Iztapalapa,996,98,716,182,91,923,546,527,19,377,377,351,13.57
0900700012526,09,007,0001,2526,Iztapalapa,1056,106,725,225,104,972,602,580,22,368,417,384,13.47
0900700012530,09,007,0001,2530,Iztapalapa,10096,2186,7011,899,1147,8398,5371,5280,91,3015,2862,2722,9.96
0900700012545,09,007,0001,2545,Iztapalapa,6946,1542,4825,579,806,5722,3547,3479,68,2167,1887,1823,10.03
090070001255A,09,007,0001,255A,Iztapalapa,4901,854,3498,549,539,4239,2643,2562,81,1589,1448,1396,11.25
0900700012564,09,007,0001,2564,Iztapalapa,6800,1587,4733,480,852,5591,3561,3487,74,2016,1898,1820,9.81
0900700012579,09,007,0001,2579,Iztapalapa,4417,969,2987,461,514,3684,2246,2199,47,1432,1239,1168,9.9
0900700012600,09,007,0001,2600,Iztapalapa,4667,923,3209,535,509,3964,2421,2369,52,1521,1321,1244,10.48
0900700012615,09,007,0001,2615,Iztapalapa,7690,1827,5269,594,964,6298,3818,3737,81,2459,2083,2016,9.67
090070001262A,09,007,0001,262A,Iztapalapa,5432,1280,3700,452,648,4449,2768,2706,62,1675,1578,1491,9.59
0900700012634,09,007,0001,2634,Iztapalapa,4200,958,2841,401,499,3442,2135,2085,50,1303,1223,1137,9.6
0900700012649,09,007,0001,2649,Iztapalapa,4309,924,2931,445,516,3605,2140,2104,36,1461,1185,1155,9.57
0900700012653,09,007,0001,2653,Iztapalapa,3427,814,2290,323,404,2804,1804,1780,24,992,969,933,9.38
0900700012668,09,007,0001,2668,Iztapalapa,3460,841,2273,346,386,2781,1718,1667,51,1054,976,929,9.31
0900700012672,09,007,0001,2672,Iztapalapa,1034,250,728,56,152,832,529,520,9,297,294,275,9.73
0900700012687,09,007,0001,2687,Iztapalapa,4656,894,3250,512,549,3966,2470,2422,48,1491,1193,1151,10.38
0900700012691,09,007,0001,2691,Iztapalapa,7217,1528,5045,644,848,6035,3764,3689,75,2262,2053,1917,10.12
0900700012704,09,007,0001,2704,Iztapalapa,5016,1158,3459,399,554,4135,2560,2503,57,1567,1487,1420,9.5
0900700012719,09,007,0001,2719,Iztapalapa,4678,1088,3145,443,558,3825,2394,2356,38,1422,1310,1261,9.35
0900700012723,09,007,0001,2723,Iztapalapa,3252,821,2176,255,388,2617,1571,1518,53,1044,872,835,9.09
0900700012738,09,007,0001,2738,Iztapalapa,6698,1534,4514,650,747,5531,3500,3431,69,2018,1908,1791,9.78
0900700012757,09,007,0001,2757,Iztapalapa,5483,1149,3704,630,636,4594,2725,2671,54,1863,1595,1502,9.91
0900700012776,09,007,0001,2776,Iztapalapa,7954,1691,5470,790,894,6619,4309,4227,82,2302,2262,2151,10.15
0900700012780,09,007,0001,2780,Iztapalapa,6872,1511,4653,700,810,5677,3547,3476,71,2125,1831,1765,9.55
0900700012795,09,007,0001,2795,Iztapalapa,4830,1112,3278,440,562,3951,2447,2383,64,1490,1362,1304,9.35
0900700012808,09,007,0001,2808,Iztapalapa,4320,762,3024,534,464,3721,2315,2266,49,1405,1265,1223,10.67
0900700012812,09,007,0001,2812,Iztapalapa,3581,622,2581,378,410,3104,2074,2038,36,1029,1006,965,10.74
0900700012831,09,007,0001,2831,Iztapalapa,4795,928,3375,490,523,4077,2608,2532,76,1459,1477,1366,10.73
0900700012846,09,007,0001,2846,Iztapalapa,4936,1015,3393,528,537,4185,2636,2587,49,1544,1373,1316,10.07
0900700012850,09,007,0001,2850,Iztapalapa,3639,727,2570,341,411,3069,1886,1858,28,1176,1105,1023,10.42
090070001287A,09,007,0001,287A,Iztapalapa,2859,551,2011,297,328,2451,1520,1475,45,927,862,822,10.4
0900700012884,09,007,0001,2884,Iztapalapa,3464,624,2449,391,382,2974,1823,1801,22,1146,1054,999,10.63
0900700012899,09,007,0001,2899,Iztapalapa,6559,1520,4481,558,725,5367,3402,3336,66,1955,1727,1628,9.94
0900700012901,09,007,0001,2901,Iztapalapa,7668,1674,5275,719,850,6352,4046,3982,64,2295,2169,2066,9.8
0900700012920,09,007,0001,2920,Iztapalapa,5442,1248,3722,472,663,4468,3033,2966,67,1429,1719,1660,9.35
0900700012935,09,007,0001,2935,Iztapalapa,5663,1380,3725,552,647,4603,2812,2747,65,1786,1501,1430,9.09
090070001294A,09,007,0001,294A,Iztapalapa,3012,661,2064,287,409,2492,1589,1553,36,900,801,774,9.42
0900700012954,09,007,0001,2954,Iztapalapa,1974,499,1299,176,210,1581,957,934,23,621,546,535,9.4
0900700012969,09,007,0001,2969,Iztapalapa,2472,618,1613,213,272,1959,1227,1186,41,730,682,660,9.16
0900700012973,09,007,0001,2973,Iztapalapa,3752,859,2545,346,469,3079,1970,1925,45,1101,1052,1014,9.2
0900700012988,09,007,0001,2988,Iztapalapa,7510,1503,5211,796,814,6321,4018,3921,97,2289,2204,2150,10.45
0900700013026,09,007,0001,3026,Iztapalapa,2493,450,1777,263,283,2145,1317,1292,25,823,694,672,10.72
0900700013030,09,007,0001,3030,Iztapalapa,5682,1115,3948,619,644,4810,2939,2892,47,1851,1572,1447,10.31
0900700013045,09,007,0001,3045,Iztapalapa,6787,1427,4669,685,761,5660,3814,3714,100,1841,1878,1753,10.24
090070001305A,09,007,0001,305A,Iztapalapa,6494,1431,4549,514,676,5366,3386,3330,56,1969,1709,1625,10.05
0900700013064,09,007,0001,3064,Iztapalapa,7629,1744,5272,613,908,6273,4214,4150,64,2050,2123,1957,9.62
0900700013079,09,007,0001,3079,Iztapalapa,6741,1516,4639,586,781,5592,3639,3562,77,1951,1773,1683,9.59
0900700013083,09,007,0001,3083,Iztapalapa,5621,1263,3770,588,626,4656,2928,2869,59,1723,1470,1400,9.46
0900700013100,09,007,0001,3100,Iztapalapa,5076,1194,3463,419,573,4152,2689,2633,56,1453,1390,1311,9.43
0900700013115,09,007,0001,3115,Iztapalapa,5980,1454,4149,377,732,4832,3076,3028,48,1748,1670,1603,9.56
0900700013134,09,007,0001,3134,Iztapalapa,1927,468,1326,133,219,1570,1118,1108,10,449,563,550,9.34
0900700013149,09,007,0001,3149,Iztapalapa,3862,951,2594,315,496,3120,1915,1869,46,1197,1076,1036,8.83
0900700013153,09,007,0001,3153,Iztapalapa,3560,882,2420,258,445,2847,1810,1759,51,1030,922,890,9.08
0900700013204,09,007,0001,3204,Iztapalapa,6595,1524,4528,543,758,5421,3382,3289,93,2028,1763,1684,9.51
0900700013219,09,007,0001,3219,Iztapalapa,7613,1744,5373,496,878,6257,4041,3969,72,2202,2136,2043,9.32
0900700013223,09,007,0001,3223,Iztapalapa,7231,1697,4973,561,841,5890,3727,3672,55,2161,1909,1821,9.31
0900700013238,09,007,0001,3238,Iztapalapa,6000,1281,4095,624,710,5017,3043,2991,52,1971,1654,1593,9.55
0900700013242,09,007,0001,3242,Iztapalapa,8092,1948,5466,676,903,6570,4034,3935,99,2523,2304,2189,9.2
0900700013257,09,007,0001,3257,Iztapalapa,4049,984,2777,288,514,3276,1969,1918,51,1301,1105,1060,9.33
0900700013276,09,007,0001,3276,Iztapalapa,6422,1390,4422,610,776,5360,3314,3251,63,2035,1805,1719,9.32
0900700013295,09,007,0001,3295,Iztapalapa,5190,1175,3516,499,572,4292,2729,2655,74,1561,1436,1368,9.66
0900700013327,09,007,0001,3327,Iztapalapa,7178,1477,4970,729,810,6046,3652,3595,57,2382,1923,1859,9.74
0900700013346,09,007,0001,3346,Iztapalapa,6680,1689,4552,435,789,5378,3226,3164,62,2141,1780,1706,9.24
0900700013365,09,007,0001,3365,Iztapalapa,2467,619,1652,196,303,2001,1230,1193,37,757,654,629,8.89
090070001337A,09,007,0001,337A,Iztapalapa,7522,1577,5254,691,868,6311,4060,3974,86,2240,2155,2071,10.12
0900700013401,09,007,0001,3401,Iztapalapa,7248,1696,5015,537,819,5920,3802,3739,63,2112,1981,1871,9.36
0900700013420,09,007,0001,3420,Iztapalapa,4302,1193,2859,250,511,3393,2096,2055,41,1290,1089,1039,8.87
0900700013488,09,007,0001,3488,Iztapalapa,4965,1059,3467,439,611,4166,2617,2568,49,1542,1707,1611,9.64
0900700013492,09,007,0001,3492,Iztapalapa,5625,1235,3864,526,673,4641,2896,2815,81,1739,1758,1684,9.78
0900700013505,09,007,0001,3505,Iztapalapa,5709,1206,3906,597,677,4786,3253,3194,59,1514,1636,1541,9.66
090070001351A,09,007,0001,351A,Iztapalapa,5705,1159,3979,567,687,4818,2982,2892,90,1829,1554,1497,10.19
0900700013539,09,007,0001,3539,Iztapalapa,4545,943,3173,429,519,3820,2433,2405,28,1384,1360,1274,10.19
0900700013558,09,007,0001,3558,Iztapalapa,1463,273,1042,148,177,1260,745,706,39,511,441,412,10.78
0900700013562,09,007,0001,3562,Iztapalapa,1809,372,1256,181,184,1523,978,957,21,543,519,479,10.79
0900700013577,09,007,0001,3577,Iztapalapa,2169,442,1475,250,262,1829,1178,1166,12,649,675,593,9.86
0900700013581,09,007,0001,3581,Iztapalapa,3942,821,2746,375,434,3313,2208,2155,53,1100,1355,1153,10.56
0900700013596,09,007,0001,3596,Iztapalapa,4594,889,3343,362,542,3900,2498,2418,80,1396,1540,1394,10.49
0900700013613,09,007,0001,3613,Iztapalapa,1441,215,994,232,149,1282,769,747,22,506,460,428,12.68
0900700013628,09,007,0001,3628,Iztapalapa,1158,162,854,136,125,1042,656,633,23,383,413,378,13.32
0900700013632,09,007,0001,3632,Iztapalapa,6682,1091,4907,684,704,5834,4036,3951,85,1792,2174,2002,11.08
0900700013647,09,007,0001,3647,Iztapalapa,2443,419,1783,239,250,2123,1382,1356,26,740,782,735,11.67
0900700013651,09,007,0001,3651,Iztapalapa,2692,507,1930,255,294,2311,1521,1494,27,787,882,783,10.65
0900700013666,09,007,0001,3666,Iztapalapa,1770,241,1330,199,177,1577,978,958,20,599,696,648,12.87
0900700013670,09,007,0001,3670,Iztapalapa,4143,779,2958,403,410,3554,2177,2118,59,1375,1317,1234,11.15
090070001369A,09,007,0001,369A,Iztapalapa,2858,528,1941,389,279,2455,1490,1455,35,960,797,763,10.19
0900700013702,09,007,0001,3702,Iztapalapa,2668,495,1814,359,291,2293,1376,1351,25,911,690,648,10.19
0900700013717,09,007,0001,3717,Iztapalapa,2261,439,1524,298,251,1907,1213,1183,30,686,585,557,9.96
0900700013721,09,007,0001,3721,Iztapalapa,4549,690,3192,667,488,4041,2397,2339,58,1641,1377,1281,10.68
0900700013740,09,007,0001,3740,Iztapalapa,4482,762,3226,494,475,3911,2429,2384,45,1479,1441,1333,11.57
0900700013755,09,007,0001,3755,Iztapalapa,3456,581,2583,292,394,3015,2003,1964,39,1012,1073,1007,11.38
090070001376A,09,007,0001,376A,Iztapalapa,1613,279,1150,184,178,1389,1003,989,14,382,490,478,10.7
0900700013774,09,007,0001,3774,Iztapalapa,3474,594,2494,386,367,3005,1832,1781,51,1172,966,930,10.73
0900700013789,09,007,0001,3789,Iztapalapa,3719,690,2732,297,472,3172,2060,2016,44,1107,1229,1077,10.59
0900700013793,09,007,0001,3793,Iztapalapa,4417,874,3104,432,443,3747,2332,2292,40,1412,1337,1287,10.58
0900700013806,09,007,0001,3806,Iztapalapa,2080,391,1491,198,219,1770,1191,1167,24,576,606,598,10.98
0900700013810,09,007,0001,3810,Iztapalapa,5245,1108,3686,451,565,4374,2915,2868,47,1456,1626,1528,10.03
0900700013825,09,007,0001,3825,Iztapalapa,3400,628,2433,339,361,2911,1860,1812,48,1044,931,892,10.81
090070001383A,09,007,0001,383A,Iztapalapa,3575,658,2559,358,437,3047,1927,1901,26,1118,1095,1037,11.03
0900700013844,09,007,0001,3844,Iztapalapa,1550,299,1116,135,153,1316,886,864,22,429,518,474,10.8
0900700013859,09,007,0001,3859,Iztapalapa,2090,391,1471,228,230,1775,1175,1147,28,599,640,579,10.66
0900700013863,09,007,0001,3863,Iztapalapa,4153,876,2913,358,510,3453,2144,2101,43,1303,1144,1083,9.86
0900700013897,09,007,0001,3897,Iztapalapa,3937,680,2867,390,394,3398,2141,2109,32,1232,1133,1078,10.66
090070001390A,09,007,0001,390A,Iztapalapa,4006,677,2914,411,369,3462,2152,2114,38,1309,1169,1092,11.64
0900700013914,09,007,0001,3914,Iztapalapa,5355,924,3914,517,514,4618,2963,2874,89,1651,1575,1512,11.61
0900700013967,09,007,0001,3967,Iztapalapa,3638,662,2621,355,429,3136,1962,1922,40,1171,1048,1008,10.89
0900700013971,09,007,0001,3971,Iztapalapa,4809,919,3515,375,561,4104,2745,2691,54,1349,1525,1457,11.03
0900700013986,09,007,0001,3986,Iztapalapa,2232,405,1599,228,227,1898,1260,1227,33,630,749,698,11.08
0900700013990,09,007,0001,3990,Iztapalapa,3618,697,2622,299,395,3056,2097,2056,41,956,1220,1130,10.74
090070001401A,09,007,0001,401A,Iztapalapa,2883,588,2104,191,371,2440,1643,1598,45,794,1010,881,10.45
0900700014024,09,007,0001,4024,Iztapalapa,8391,1803,6031,557,1029,6979,4722,4669,53,2244,2401,2304,10.27
0900700014039,09,007,0001,4039,Iztapalapa,5385,1055,3795,535,613,4587,2810,2742,68,1774,1640,1530,10.44
0900700014043,09,007,0001,4043,Iztapalapa,4417,855,3011,551,463,3778,2456,2408,48,1316,1234,1181,10.61
0900700014058,09,007,0001,4058,Iztapalapa,3227,669,2193,362,317,2708,1705,1668,37,1000,842,803,10.13
0900700014062,09,007,0001,4062,Iztapalapa,2990,558,2154,272,351,2536,1624,1577,47,906,838,796,9.95
0900700014077,09,007,0001,4077,Iztapalapa,4751,1200,3227,324,584,3815,2294,2254,40,1515,1271,1210,9.06
0900700014081,09,007,0001,4081,Iztapalapa,5245,1328,3567,318,630,4186,2730,2648,82,1450,1372,1283,8.84
0900700014096,09,007,0001,4096,Iztapalapa,6341,1521,4438,382,776,5141,3321,3243,78,1807,1614,1515,9.13
0900700014109,09,007,0001,4109,Iztapalapa,7678,1933,5426,316,1016,6142,4135,4037,98,1997,2012,1908,8.83
0900700014113,09,007,0001,4113,Iztapalapa,2033,337,1453,243,188,1782,1070,1050,20,693,717,660,11.74
0900700014128,09,007,0001,4128,Iztapalapa,1861,287,1364,210,178,1637,1043,1018,25,594,739,665,12.49
0900700014147,09,007,0001,4147,Iztapalapa,508,110,357,41,67,422,257,255,,150,165,151,10.09
0900700014151,09,007,0001,4151,Iztapalapa,1449,315,1040,94,166,1212,845,823,22,367,405,376,9.49
0900700014166,09,007,0001,4166,Iztapalapa,2650,425,1790,435,271,2337,1394,1359,35,942,877,802,12.35
0900700014170,09,007,0001,4170,Iztapalapa,4478,1000,3119,359,556,3720,2381,2338,43,1322,1177,1126,9.55
0900700014185,09,007,0001,4185,Iztapalapa,3902,803,2795,304,464,3265,2134,2103,31,1128,1175,1067,10.53
090070001419A,09,007,0001,419A,Iztapalapa,3319,621,2439,259,333,2827,1871,1844,27,953,1164,1053,11.06
0900700014202,09,007,0001,4202,Iztapalapa,3513,766,2439,308,425,2942,1893,1854,39,1044,900,873,9.42
0900700014217,09,007,0001,4217,Iztapalapa,3246,604,2368,274,376,2796,1951,1914,37,844,989,916,10.28
0900700014236,09,007,0001,4236,Iztapalapa,8000,2084,5493,421,979,6351,4092,4025,67,2255,2240,2100,9.27
0900700014240,09,007,0001,4240,Iztapalapa,5046,1270,3522,253,659,4040,2635,2576,59,1398,1359,1288,9.12
090070001426A,09,007,0001,426A,Iztapalapa,5157,1414,3491,249,686,4018,2623,2574,49,1391,1368,1280,9.18
0900700014274,09,007,0001,4274,Iztapalapa,6175,1831,4123,221,807,4731,2860,2818,42,1867,1535,1448,8.67
0900700014289,09,007,0001,4289,Iztapalapa,3047,804,2081,162,390,2419,1466,1445,21,950,828,780,9.17
0900700014293,09,007,0001,4293,Iztapalapa,5256,1425,3615,216,690,4126,2835,2775,60,1289,1380,1293,9.12
0900700014306,09,007,0001,4306,Iztapalapa,1814,344,1289,181,223,1543,989,961,28,551,518,505,11.28
0900700014310,09,007,0001,4310,Iztapalapa,2911,562,2054,295,309,2481,1591,1563,28,881,870,826,10.91
0900700014325,09,007,0001,4325,Iztapalapa,1681,310,1162,209,158,1448,912,885,27,536,489,466,11.79
090070001433A,09,007,0001,433A,Iztapalapa,4019,817,2798,404,467,3390,2431,2417,14,950,1139,1072,10.38
0900700014344,09,007,0001,4344,Iztapalapa,2790,585,1974,231,271,2357,1566,1533,33,788,723,704,10.42
0900700014359,09,007,0001,4359,Iztapalapa,2616,528,1836,252,255,2203,1439,1410,29,761,646,637,10.14
0900700014363,09,007,0001,4363,Iztapalapa,6175,1471,4334,370,753,5050,3373,3332,41,1670,1790,1636,9.57
0900700014382,09,007,0001,4382,Iztapalapa,2196,446,1579,171,259,1838,1258,1244,14,580,638,596,10.44
0900700014397,09,007,0001,4397,Iztapalapa,1640,284,1158,198,174,1424,975,960,15,447,405,391,10.21
090070001440A,09,007,0001,440A,Iztapalapa,1408,312,970,126,135,1160,760,751,9,400,369,348,10.16
0900700014414,09,007,0001,4414,Iztapalapa,8028,1393,5852,783,776,6965,4564,4453,111,2396,2723,2524,12.21
0900700014429,09,007,0001,4429,Iztapalapa,2049,302,1502,245,169,1799,1162,1134,28,637,850,759,13.76
0900700014433,09,007,0001,4433,Iztapalapa,3751,561,2736,454,351,3330,2141,2079,62,1186,1364,1251,13.75
0900700014448,09,007,0001,4448,Iztapalapa,2475,381,1806,288,242,2181,1379,1340,39,802,928,856,13.15
0900700014452,09,007,0001,4452,Iztapalapa,1960,250,1360,350,170,1765,1043,998,45,721,718,647,13.38
0900700014467,09,007,0001,4467,Iztapalapa,2193,426,1568,199,236,1869,1164,1122,42,704,693,638,11.36
0900700014471,09,007,0001,4471,Iztapalapa,2274,428,1711,135,212,1944,1293,1271,22,649,722,665,11.73
0900700014503,09,007,0001,4503,Iztapalapa,4051,794,2959,298,416,3442,2152,2108,44,1282,1170,1101,10.62
0900700014522,09,007,0001,4522,Iztapalapa,749,156,547,46,89,620,403,400,3,217,233,218,10.79
0900700014537,09,007,0001,4537,Iztapalapa,829,191,590,48,80,686,424,409,15,262,254,236,10.28
0900700014541,09,007,0001,4541,Iztapalapa,1011,213,712,86,118,835,567,558,9,268,283,275,9.68
0900700014556,09,007,0001,4556,Iztapalapa,1063,205,774,84,113,911,603,587,16,306,336,318,10.4
0900700014560,09,007,0001,4560,Iztapalapa,969,212,708,49,124,803,499,495,4,303,250,244,9.71
0900700014575,09,007,0001,4575,Iztapalapa,528,121,365,42,58,428,293,285,8,135,153,144,9.41
0900700014594,09,007,0001,4594,Iztapalapa,1164,297,792,75,115,919,621,602,19,296,332,314,9.68
0900700014611,09,007,0001,4611,Iztapalapa,751,148,534,69,71,632,419,409,10,211,255,244,9.82
0900700014645,09,007,0001,4645,Iztapalapa,1184,242,861,81,138,998,607,596,11,391,390,376,9.51
090070001465A,09,007,0001,465A,Iztapalapa,2794,650,1966,178,322,2263,1554,1530,24,708,820,783,9.97
0900700014664,09,007,0001,4664,Iztapalapa,3439,753,2401,285,396,2847,1775,1732,43,1067,841,826,9.94
0900700014679,09,007,0001,4679,Iztapalapa,440,103,309,28,57,365,227,221,6,136,139,128,9.53
0900700014683,09,007,0001,4683,Iztapalapa,2771,586,2011,174,320,2307,1404,1394,10,898,828,792,10.81
0900700014698,09,007,0001,4698,Iztapalapa,3320,777,2403,140,440,2726,1751,1729,22,972,981,916,9.2
0900700014715,09,007,0001,4715,Iztapalapa,32,8,24,0,4,27,13,13,0,,4,4,5.25
090070001472A,09,007,0001,472A,Iztapalapa,5525,995,3874,656,639,4750,2999,2880,119,1739,1430,1390,10.57
0900700014734,09,007,0001,4734,Iztapalapa,11587,2137,8170,1277,1383,9951,6303,6149,154,3627,3217,3001,10.64
0900700014749,09,007,0001,4749,Iztapalapa,6128,1381,4193,553,657,5087,3178,3109,69,1901,1671,1566,9.67
0900700014768,09,007,0001,4768,Iztapalapa,3740,725,2655,357,450,3172,1968,1938,30,1199,1128,1054,10.46
0900700014772,09,007,0001,4772,Iztapalapa,4280,945,2947,386,456,3535,2110,2070,40,1417,1196,1137,10.15
0900700014791,09,007,0001,4791,Iztapalapa,2135,338,1632,165,222,1880,1277,1230,47,601,672,638,10.59
0900700014804,09,007,0001,4804,Iztapalapa,2676,513,1920,243,255,2290,1463,1441,22,823,820,770,10.87
0900700014838,09,007,0001,4838,Iztapalapa,1560,367,1066,127,186,1273,792,779,13,481,414,404,9.48
0900700014842,09,007,0001,4842,Iztapalapa,1895,487,1311,97,228,1522,994,978,16,527,549,486,9.28
0900700014857,09,007,0001,4857,Iztapalapa,5508,1440,3866,202,752,4355,2836,2782,54,1515,1491,1435,8.99
0900700014861,09,007,0001,4861,Iztapalapa,3584,967,2497,120,457,2838,1801,1751,50,1028,870,836,8.71
0900700014876,09,007,0001,4876,Iztapalapa,5532,1511,3746,275,669,4321,2864,2814,50,1441,1444,1411,8.87
0900700014880,09,007,0001,4880,Iztapalapa,5581,1415,3874,292,667,4484,2866,2827,39,1606,1421,1397,9.11
0900700014895,09,007,0001,4895,Iztapalapa,3426,550,2589,287,362,2990,2080,2035,45,907,1271,1155,12.13
0900700014908,09,007,0001,4908,Iztapalapa,5488,1022,3916,550,640,4688,2904,2866,38,1771,1593,1528,10.52
0900700014912,09,007,0001,4912,Iztapalapa,6803,1235,4901,667,747,5876,3754,3706,48,2118,2123,1930,10.95
0900700014927,09,007,0001,4927,Iztapalapa,6812,1254,4978,580,663,5837,3935,3840,95,1896,2269,2165,12.34
0900700014931,09,007,0001,4931,Iztapalapa,5485,1242,3736,504,658,4556,2764,2691,73,1791,1561,1488,10.09
0900700014946,09,007,0001,4946,Iztapalapa,5350,1102,3746,502,646,4528,2791,2718,73,1735,1585,1505,10.19
0900700014965,09,007,0001,4965,Iztapalapa,4114,664,2918,532,447,3615,2236,2177,59,1365,1224,1107,12.44
090070001497A,09,007,0001,497A,Iztapalapa,1927,349,1413,165,204,1663,1082,1053,29,577,713,594,11.52
0900700014984,09,007,0001,4984,Iztapalapa,4002,719,2969,314,473,3437,2308,2258,50,1126,1214,1151,11.09
0900700014999,09,007,0001,4999,Iztapalapa,3431,643,2407,381,417,2937,1932,1892,40,996,914,858,10.52
0900700015003,09,007,0001,5003,Iztapalapa,3643,697,2635,311,446,3077,2134,2064,70,939,1140,1054,10.78
0900700015018,09,007,0001,5018,Iztapalapa,2989,575,2120,294,368,2554,1595,1549,46,958,859,811,10.57
0900700015037,09,007,0001,5037,Iztapalapa,2646,629,1832,185,302,2133,1381,1334,47,748,712,692,9.33
0900700015041,09,007,0001,5041,Iztapalapa,3291,820,2303,168,431,2646,1628,1577,51,1015,919,872,9.69
0900700015056,09,007,0001,5056,Iztapalapa,806,171,572,63,78,673,468,451,17,202,284,251,10.22
0900700015060,09,007,0001,5060,Iztapalapa,5931,1119,4183,627,654,5067,3228,3169,59,1830,1693,1592,10.48
0900700015075,09,007,0001,5075,Iztapalapa,3792,921,2611,260,466,3062,1997,1936,61,1064,1079,1014,9.33
090070001508A,09,007,0001,508A,Iztapalapa,3945,989,2713,238,509,3182,2023,1963,60,1145,1101,1066,9.3
0900700015094,09,007,0001,5094,Iztapalapa,1516,277,1197,42,190,1310,906,884,22,404,594,514,12.97
0900700015107,09,007,0001,5107,Iztapalapa,4853,887,3624,342,589,4175,2819,2741,78,1352,1903,1464,10.83
0900700015111,09,007,0001,5111,Iztapalapa,7653,1234,5974,445,948,6710,4541,4460,81,2165,2907,2594,12.33
0900700015126,09,007,0001,5126,Iztapalapa,4853,819,3662,372,476,4217,2771,2711,60,1442,1561,1492,11.54
0900700015130,09,007,0001,5130,Iztapalapa,2592,458,1898,236,308,2227,1413,1389,24,812,786,741,10.95
0900700015145,09,007,0001,5145,Iztapalapa,4478,865,3263,350,487,3780,2494,2418,76,1283,1464,1344,10.93
090070001515A,09,007,0001,515A,Iztapalapa,1634,324,1172,138,189,1381,966,951,15,415,414,399,10.15
0900700015179,09,007,0001,5179,Iztapalapa,1573,366,1103,104,213,1299,874,860,14,422,430,405,9.83
0900700015183,09,007,0001,5183,Iztapalapa,3932,1047,2706,176,540,3125,2082,2038,44,1039,942,903,8.97
0900700015198,09,007,0001,5198,Iztapalapa,5541,1478,3799,264,752,4373,2896,2862,34,1476,1421,1372,8.91
0900700015200,09,007,0001,5200,Iztapalapa,4699,1219,3262,218,589,3716,2504,2474,30,1211,1201,1152,8.96
0900700015215,09,007,0001,5215,Iztapalapa,5858,1180,4244,434,704,4922,3231,3178,53,1677,1559,1486,10.03
090070001522A,09,007,0001,522A,Iztapalapa,2314,402,1727,185,253,2004,1341,1325,16,663,834,734,11.79
0900700015249,09,007,0001,5249,Iztapalapa,3208,568,2496,144,388,2765,1891,1841,50,872,1257,1116,12.57
0900700015253,09,007,0001,5253,Iztapalapa,4458,1058,3207,193,594,3612,2459,2415,44,1150,1514,1350,10.34
0900700015268,09,007,0001,5268,Iztapalapa,5103,1222,3626,255,686,4137,2613,2567,46,1518,1537,1447,9.53
0900700015272,09,007,0001,5272,Iztapalapa,3347,474,2443,430,347,3000,1947,1911,36,1048,1228,1189,11.81
0900700015287,09,007,0001,5287,Iztapalapa,2360,338,1696,326,208,2093,1259,1234,25,831,916,887,11.6
0900700015291,09,007,0001,5291,Iztapalapa,3411,862,2371,178,414,2738,1678,1652,26,1058,992,911,9.41
0900700015304,09,007,0001,5304,Iztapalapa,5300,1259,3610,431,633,4322,2777,2714,63,1537,1428,1384,9.34
0900700015319,09,007,0001,5319,Iztapalapa,3414,875,2280,259,408,2756,1747,1718,29,1004,980,949,8.96
0900700015323,09,007,0001,5323,Iztapalapa,3240,835,2227,177,425,2593,1654,1621,33,935,897,845,8.83
0900700015338,09,007,0001,5338,Iztapalapa,6974,1882,4756,334,899,5443,3472,3377,95,1965,1800,1715,8.59
0900700015342,09,007,0001,5342,Iztapalapa,5210,1364,3648,198,833,4108,2697,2617,80,1409,1379,1302,9.08
0900700015357,09,007,0001,5357,Iztapalapa,3042,544,2152,346,321,2613,1858,1843,15,751,885,843,11.41
0900700015361,09,007,0001,5361,Iztapalapa,2123,649,1453,21,244,1644,897,889,8,747,564,531,12.72
0900700015376,09,007,0001,5376,Iztapalapa,961,319,636,6,115,708,424,421,3,284,248,246,11.32
0900700015380,09,007,0001,5380,Iztapalapa,8787,2083,6231,466,1211,7122,4701,4621,80,2419,2423,2256,9.45
0900700015395,09,007,0001,5395,Iztapalapa,3565,839,2575,151,520,2901,1964,1892,72,936,833,808,8.64
0900700015408,09,007,0001,5408,Iztapalapa,2285,482,1671,132,301,1900,1264,1248,16,633,599,556,10.23
0900700015412,09,007,0001,5412,Iztapalapa,2677,557,1990,130,362,2246,1534,1519,15,711,721,673,10.05
0900700015427,09,007,0001,5427,Iztapalapa,4283,906,3147,229,566,3559,2381,2326,55,1177,1183,1141,9.87
0900700015431,09,007,0001,5431,Iztapalapa,2463,372,1757,334,249,2192,1352,1325,27,823,880,805,12.22
0900700015446,09,007,0001,5446,Iztapalapa,4124,640,2851,633,383,3628,2266,2231,35,1357,1395,1245,12.1
0900700015450,09,007,0001,5450,Iztapalapa,3458,699,2410,349,392,2923,1790,1758,32,1128,873,852,9.76
0900700015465,09,007,0001,5465,Iztapalapa,1777,344,1306,127,213,1506,994,973,21,508,581,546,11.65
090070001547A,09,007,0001,547A,Iztapalapa,3413,723,2547,143,483,2845,1817,1792,25,1022,1119,973,10.54
0900700015484,09,007,0001,5484,Iztapalapa,4151,726,3186,239,528,3587,2347,2275,72,1236,1438,1374,11.96
0900700015499,09,007,0001,5499,Iztapalapa,4474,1095,3107,272,541,3583,2417,2365,52,1163,1183,1115,9.3
0900700015501,09,007,0001,5501,Iztapalapa,6014,1653,4170,191,904,4699,3170,3099,71,1521,1524,1465,8.28
0900700015516,09,007,0001,5516,Iztapalapa,4913,1311,3406,196,717,3886,2658,2609,49,1217,1249,1184,8.85
0900700015520,09,007,0001,5520,Iztapalapa,3557,947,2457,153,520,2812,1763,1693,70,1025,865,831,8.27
0900700015535,09,007,0001,5535,Iztapalapa,4112,694,3087,331,480,3565,2217,2162,55,1345,1330,1230,10.76
090070001554A,09,007,0001,554A,Iztapalapa,2658,492,2045,121,333,2283,1527,1508,19,755,1012,872,11.87
0900700015554,09,007,0001,5554,Iztapalapa,2894,660,1964,270,314,2384,1508,1475,33,869,827,774,9.83
0900700015569,09,007,0001,5569,Iztapalapa,4114,891,3003,220,484,3407,2176,2144,32,1224,1381,1233,10.73
0900700015573,09,007,0001,5573,Iztapalapa,3451,819,2398,231,446,2822,1807,1753,54,1012,935,871,9.33
0900700015588,09,007,0001,5588,Iztapalapa,4157,1007,2840,310,526,3364,2172,2116,56,1185,1128,1065,8.99
0900700015592,09,007,0001,5592,Iztapalapa,1833,285,1272,276,204,1610,971,957,14,639,538,511,11.62
0900700015605,09,007,0001,5605,Iztapalapa,4180,883,3088,209,538,3501,2378,2335,43,1120,1450,1289,11.48
090070001561A,09,007,0001,561A,Iztapalapa,1261,206,965,90,134,1092,725,700,25,367,487,431,13.08
0900700015624,09,007,0001,5624,Iztapalapa,3644,630,2735,279,376,3145,2044,1990,54,1096,1042,977,11.47
0900700015639,09,007,0001,5639,Iztapalapa,1737,418,1230,89,224,1414,902,888,14,510,508,463,9.27
0900700015643,09,007,0001,5643,Iztapalapa,836,153,603,80,94,717,496,490,6,217,282,253,9.96
0900700015658,09,007,0001,5658,Iztapalapa,7959,2362,5352,245,1062,6047,4215,4155,60,1820,2192,2021,8.59
0900700015662,09,007,0001,5662,Iztapalapa,2312,531,1621,160,288,1897,1275,1267,8,616,613,588,9.1
0900700015677,09,007,0001,5677,Iztapalapa,5416,1109,3931,376,662,4547,2958,2923,35,1580,1505,1367,10.29
0900700015681,09,007,0001,5681,Iztapalapa,6838,1408,5054,373,893,5714,4008,3941,67,1704,2833,2372,10.81
0900700015696,09,007,0001,5696,Iztapalapa,1765,417,1252,96,238,1445,1018,1007,11,426,610,567,9.71
0900700015709,09,007,0001,5709,Iztapalapa,2911,496,2109,300,318,2526,1628,1604,24,891,847,814,10.73
0900700015713,09,007,0001,5713,Iztapalapa,3338,612,2451,275,381,2854,1867,1821,46,982,1118,1007,11.12
0900700015728,09,007,0001,5728,Iztapalapa,1591,374,1140,77,200,1287,892,884,8,395,419,374,9.57
0900700015732,09,007,0001,5732,Iztapalapa,2692,573,1958,161,340,2239,1476,1445,31,761,881,776,10.29
0900700015747,09,007,0001,5747,Iztapalapa,1979,391,1450,138,208,1691,1095,1078,17,596,550,520,10.17
0900700015751,09,007,0001,5751,Iztapalapa,1984,390,1449,145,212,1701,990,940,50,707,576,536,10.44
0900700015766,09,007,0001,5766,Iztapalapa,2047,427,1477,143,223,1720,1148,1115,33,568,564,536,10.4
0900700015770,09,007,0001,5770,Iztapalapa,1531,259,1147,125,164,1335,853,821,32,482,490,449,10.78
0900700015785,09,007,0001,5785,Iztapalapa,500,96,352,52,51,426,268,255,13,158,144,138,8.89
090070001579A,09,007,0001,579A,Iztapalapa,364,84,253,27,39,295,187,183,4,107,94,93,9.71
0900700015802,09,007,0001,5802,Iztapalapa,463,95,328,40,38,390,258,247,11,130,158,141,10.18
0900700015817,09,007,0001,5817,Iztapalapa,504,110,365,29,43,426,298,294,4,127,167,157,9.96
0900700015821,09,007,0001,5821,Iztapalapa,468,71,356,41,48,412,258,253,5,154,169,146,10.64
0900700015836,09,007,0001,5836,Iztapalapa,492,91,358,43,52,419,290,285,5,129,167,164,10.46
0900700015840,09,007,0001,5840,Iztapalapa,755,142,552,61,95,646,410,397,13,234,216,206,9.71
0900700015855,09,007,0001,5855,Iztapalapa,560,132,390,38,67,460,293,280,13,166,163,150,9.41
090070001586A,09,007,0001,586A,Iztapalapa,2523,495,1886,139,264,2158,1371,1342,29,778,901,825,13.32
0900700015874,09,007,0001,5874,Iztapalapa,1628,265,1187,176,185,1428,899,870,29,527,558,520,14.46
0900700015889,09,007,0001,5889,Iztapalapa,2195,453,1648,94,284,1851,1266,1243,23,581,765,667,11.17
0900700015893,09,007,0001,5893,Iztapalapa,5778,1050,4342,386,675,4949,3320,3253,67,1624,1856,1708,11.32
0900700015906,09,007,0001,5906,Iztapalapa,3780,671,2843,266,460,3244,2075,2041,34,1165,1217,1128,11.39
0900700015910,09,007,0001,5910,Iztapalapa,3698,687,2823,188,479,3147,2198,2156,42,946,1312,1164,11.21
0900700015925,09,007,0001,5925,Iztapalapa,3653,587,2858,208,426,3222,2161,2125,36,1061,1498,1293,12.13
090070001593A,09,007,0001,593A,Iztapalapa,3627,876,2573,178,457,2949,2012,1979,33,933,1235,1095,9.59
0900800010014,09,008,0001,0014,La Magdalena Contreras,1704,183,1209,312,121,1571,935,914,21,633,700,667,13.76
0900800010029,09,008,0001,0029,La Magdalena Contreras,1293,131,924,238,118,1193,653,639,14,534,502,480,13.18
0900800010033,09,008,0001,0033,La Magdalena Contreras,594,62,421,111,64,552,320,308,12,232,230,224,12.99
0900800010048,09,008,0001,0048,La Magdalena Contreras,2569,293,1775,501,200,2347,1435,1399,36,911,983,960,12.96
0900800010052,09,008,0001,0052,La Magdalena Contreras,2382,273,1638,471,271,2202,1307,1270,37,890,881,818,14.16
0900800010067,09,008,0001,0067,La Magdalena Contreras,771,69,559,143,77,725,421,407,14,304,316,297,13.23
0900800010071,09,008,0001,0071,La Magdalena Contreras,1074,110,746,218,86,992,599,593,6,388,420,406,13.15
0900800010086,09,008,0001,0086,La Magdalena Contreras,3234,429,2238,567,336,2904,1990,1945,45,897,1272,1177,15.1
0900800010090,09,008,0001,0090,La Magdalena Contreras,6182,1167,4282,733,663,5292,3278,3201,77,1997,1645,1597,10.11
0900800010103,09,008,0001,0103,La Magdalena Contreras,5677,984,3996,697,594,4919,3201,3134,67,1711,1542,1494,10.26
0900800010118,09,008,0001,0118,La Magdalena Contreras,5588,782,3963,843,640,5012,2893,2845,48,1875,1687,1606,14.32
0900800010122,09,008,0001,0122,La Magdalena Contreras,1839,209,1316,314,196,1677,1062,1040,22,610,585,562,13.53
0900800010137,09,008,0001,0137,La Magdalena Contreras,7781,1568,5469,744,873,6610,3973,3882,91,2610,2129,2050,10.01
0900800010141,09,008,0001,0141,La Magdalena Contreras,4742,805,3400,537,468,4114,2690,2620,70,1416,1378,1336,10.88
0900800010156,09,008,0001,0156,La Magdalena Contreras,3779,692,2713,372,407,3243,2054,1998,56,1187,1042,1021,10.51
0900800010160,09,008,0001,0160,La Magdalena Contreras,4021,651,2871,498,412,3534,2228,2170,58,1288,1124,1073,12.4
0900800010175,09,008,0001,0175,La Magdalena Contreras,1415,183,964,268,151,1268,808,770,38,459,468,442,13.99
090080001018A,09,008,0001,018A,La Magdalena Contreras,2321,380,1606,335,231,2043,1307,1263,44,729,704,669,11.86
0900800010194,09,008,0001,0194,La Magdalena Contreras,3249,433,2288,528,286,2900,1825,1780,45,1055,1037,980,12.75
0900800010207,09,008,0001,0207,La Magdalena Contreras,5197,828,3699,668,584,4546,2860,2755,105,1684,1478,1440,10.76
0900800010211,09,008,0001,0211,La Magdalena Contreras,5516,936,3892,684,570,4810,2966,2851,115,1837,1603,1525,12.03
0900800010226,09,008,0001,0226,La Magdalena Contreras,3917,700,2745,472,390,3379,2078,2024,54,1298,1137,1097,10.93
0900800010230,09,008,0001,0230,La Magdalena Contreras,4286,702,3052,532,481,3742,2349,2303,46,1389,1350,1279,11.42
0900800010245,09,008,0001,0245,La Magdalena Contreras,2847,520,1945,381,309,2446,1491,1466,25,954,822,777,11.87
090080001025A,09,008,0001,025A,La Magdalena Contreras,3734,622,2558,554,368,3246,2031,1947,84,1202,1113,1039,12.39
0900800010264,09,008,0001,0264,La Magdalena Contreras,5201,944,3682,575,578,4493,2817,2756,61,1675,1548,1461,11.67
0900800010283,09,008,0001,0283,La Magdalena Contreras,4642,649,3218,767,489,4162,2544,2519,25,1551,1543,1449,12.74
0900800010298,09,008,0001,0298,La Magdalena Contreras,2262,445,1608,209,251,1925,1180,1154,26,743,636,618,10.69
0900800010300,09,008,0001,0300,La Magdalena Contreras,6547,1264,4605,678,664,5609,3556,3501,55,2036,1837,1735,11.97
0900800010315,09,008,0001,0315,La Magdalena Contreras,4031,699,2841,491,435,3517,2145,2101,44,1367,1262,1149,12.16
090080001032A,09,008,0001,032A,La Magdalena Contreras,5394,901,3822,671,550,4704,2956,2912,44,1745,1587,1515,11.16
0900800010334,09,008,0001,0334,La Magdalena Contreras,2848,439,2025,384,299,2497,1576,1516,60,916,777,757,11.4
0900800010349,09,008,0001,0349,La Magdalena Contreras,9652,1873,6817,962,1104,8187,5131,4915,216,3039,2773,2558,11.02
0900800010353,09,008,0001,0353,La Magdalena Contreras,4361,714,3092,555,472,3842,2416,2348,68,1419,1252,1193,11.23
0900800010387,09,008,0001,0387,La Magdalena Contreras,9890,2094,6929,863,1160,8256,5110,5004,106,3131,2634,2524,9.83
0900800010404,09,008,0001,0404,La Magdalena Contreras,8605,1731,5938,936,957,7314,4397,4306,91,2878,2369,2268,10.47
0900800010423,09,008,0001,0423,La Magdalena Contreras,8887,1981,6274,626,1065,7335,4742,4629,113,2564,2449,2362,9.81
0900800010438,09,008,0001,0438,La Magdalena Contreras,6170,1394,4397,379,738,5089,3359,3301,58,1723,1704,1634,9.65
0900800010457,09,008,0001,0457,La Magdalena Contreras,7657,1784,5417,454,973,6246,4132,4002,130,2103,2128,2003,9.21
0900800010461,09,008,0001,0461,La Magdalena Contreras,9520,2236,6743,536,1234,7756,5191,5031,160,2548,2554,2403,9.51
0900800010476,09,008,0001,0476,La Magdalena Contreras,6192,1584,4318,290,777,4941,3325,3218,107,1611,1673,1566,8.68
0900800010495,09,008,0001,0495,La Magdalena Contreras,4250,688,3001,561,446,3739,2323,2267,56,1413,1306,1207,11.35
0900800010508,09,008,0001,0508,La Magdalena Contreras,1233,189,742,302,82,1084,647,634,13,433,506,476,15.15
0900800010512,09,008,0001,0512,La Magdalena Contreras,8047,1757,5614,672,959,6679,3796,3617,179,2846,2278,2211,9.26
0900800010527,09,008,0001,0527,La Magdalena Contreras,8287,1772,5789,726,963,6931,4512,4373,139,2373,2216,2134,9.55
0900800010531,09,008,0001,0531,La Magdalena Contreras,4235,903,2968,364,517,3534,2202,2119,83,1319,1079,1045,9.75
0900800010546,09,008,0001,0546,La Magdalena Contreras,5931,1271,4232,428,705,4940,3240,3158,82,1681,1519,1475,9.86
0900800010550,09,008,0001,0550,La Magdalena Contreras,6008,1233,4235,539,681,5075,3351,3262,89,1707,1584,1527,10.02
0900800010565,09,008,0001,0565,La Magdalena Contreras,4313,827,3042,444,488,3662,2210,2158,52,1428,1270,1202,10.37
090080001057A,09,008,0001,057A,La Magdalena Contreras,9341,2229,6637,473,1186,7574,5022,4908,114,2527,2542,2402,9.38
0900800010584,09,008,0001,0584,La Magdalena Contreras,5314,1266,3754,293,672,4324,2674,2562,112,1637,1421,1376,9.17
0900800010599,09,008,0001,0599,La Magdalena Contreras,1898,489,1302,107,215,1511,1028,1014,14,480,531,506,8.16
0900900010026,09,009,0001,0026,Milpa Alta,3378,628,2365,385,397,2895,1907,1892,15,980,1030,900,10.55
0900900010308,09,009,0001,0308,Milpa Alta,3177,667,2187,323,355,2654,1840,1818,22,796,876,773,10.38
0900900010312,09,009,0001,0312,Milpa Alta,4448,969,3076,403,519,3691,2688,2670,18,991,1221,1124,10.09
0900900010327,09,009,0001,0327,Milpa Alta,2324,497,1560,267,262,1945,1342,1336,6,602,729,632,10.53
0900900010331,09,009,0001,0331,Milpa Alta,2761,618,1875,268,320,2275,1576,1552,24,695,756,661,9.99
0900900010492,09,009,0001,0492,Milpa Alta,416,102,289,25,32,341,229,223,6,109,123,110,10.05
0900900010505,09,009,0001,0505,Milpa Alta,722,172,496,54,87,579,425,423,,153,202,175,9.89
0900900010562,09,009,0001,0562,Milpa Alta,987,222,686,79,127,807,560,542,18,242,269,247,9.6
0900900110401,09,009,0011,0401,Milpa Alta,10423,2312,7396,715,1299,8656,5577,5506,71,3065,3052,2791,10.49
0900900110416,09,009,0011,0416,Milpa Alta,3231,683,2262,286,386,2712,1768,1746,22,942,1039,865,10.56
0900900110420,09,009,0011,0420,Milpa Alta,7426,1682,5160,584,884,6128,3962,3892,70,2156,2122,1918,10.53
0900900110435,09,009,0011,0435,Milpa Alta,5442,1335,3756,351,669,4386,2982,2923,59,1398,1565,1341,10.26
090090011051A,09,009,0011,051A,Milpa Alta,971,247,676,48,136,772,494,492,,278,280,244,9.6
0900900110543,09,009,0011,0543,Milpa Alta,275,63,205,7,33,229,161,160,,68,65,62,10.33
090090015012A,09,009,0015,012A,Milpa Alta,4933,1114,3408,411,572,4086,2409,2347,62,1668,1522,1331,10.42
0900900170365,09,009,0017,0365,Milpa Alta,4952,1174,3448,330,626,4044,2812,2791,21,1229,1465,1286,10.09
090090017037A,09,009,0017,037A,Milpa Alta,3368,833,2313,215,426,2723,2009,1987,22,709,960,863,9.7
0900900170384,09,009,0017,0384,Milpa Alta,3799,896,2646,257,476,3090,2289,2256,33,793,1102,977,10.23
0900900170399,09,009,0017,0399,Milpa Alta,1635,347,1159,129,249,1350,947,935,12,401,534,446,10.17
0900900170558,09,009,0017,0558,Milpa Alta,165,45,114,6,26,133,93,91,,40,44,41,9.03
0900900240191,09,009,0024,0191,Milpa Alta,5998,1447,4129,422,726,4869,3194,3132,62,1665,1725,1520,9.93
0900900240204,09,009,0024,0204,Milpa Alta,4866,1252,3237,377,547,3894,2396,2357,39,1492,1385,1243,10.18
0900900240219,09,009,0024,0219,Milpa Alta,4502,1098,3083,321,551,3652,2305,2254,51,1344,1315,1124,10.09
0900900240577,09,009,0024,0577,Milpa Alta,1152,291,803,58,166,930,617,607,10,312,357,292,9.86
0900900240581,09,009,0024,0581,Milpa Alta,382,87,281,14,50,316,208,204,4,106,107,100,10.01
0900900240596,09,009,0024,0596,Milpa Alta,681,186,459,36,86,544,322,317,5,222,191,179,10.28
0900900240651,09,009,0024,0651,Milpa Alta,134,40,89,5,15,102,60,60,0,42,36,30,8.93
090090029044A,09,009,0029,044A,Milpa Alta,1588,308,1086,194,184,1345,964,953,11,380,462,414,10.6
0900900290454,09,009,0029,0454,Milpa Alta,1395,315,964,116,175,1147,788,777,11,346,403,367,9.72
0900900290469,09,009,0029,0469,Milpa Alta,3035,669,2163,203,371,2496,1896,1889,7,599,861,766,9.81
0900900290473,09,009,0029,0473,Milpa Alta,3057,757,2095,205,352,2448,1815,1803,12,619,848,755,9.33
0900900290609,09,009,0029,0609,Milpa Alta,159,46,104,9,23,120,79,75,4,41,46,40,8.08
0900900330346,09,009,0033,0346,Milpa Alta,5875,1463,4038,374,760,4722,3011,2952,59,1703,1654,1475,9.75
0900900330350,09,009,0033,0350,Milpa Alta,9142,2145,6458,532,1187,7438,4821,4757,64,2602,2559,2314,10.11
0900900330488,09,009,0033,0488,Milpa Alta,1830,413,1291,126,273,1517,1047,1040,7,465,525,444,9.54
0900900360223,09,009,0036,0223,Milpa Alta,3527,772,2420,335,397,2932,1919,1863,56,1010,1121,957,10.4
0900900360238,09,009,0036,0238,Milpa Alta,3357,746,2317,294,410,2799,1896,1881,15,900,980,882,10.08
0900900360242,09,009,0036,0242,Milpa Alta,4831,1175,3316,340,567,3915,2557,2520,37,1358,1345,1191,10.08
0900901520613,09,009,0152,0613,Milpa Alta,2338,557,1623,158,296,1872,1520,1515,5,349,692,611,9.36
0900901520628,09,009,0152,0628,Milpa Alta,1950,481,1297,172,202,1562,1136,1132,4,423,552,501,9.33
0900903000632,09,009,0300,0632,Milpa Alta,2109,544,1425,140,237,1705,1056,1032,24,648,559,510,9.92
0900903000647,09,009,0300,0647,Milpa Alta,1969,511,1324,134,234,1573,958,942,16,614,541,498,9.78
0901000010012,09,010,0001,0012,Álvaro Obregón,1720,222,1174,324,145,1556,930,898,32,625,586,547,12.99
0901000010027,09,010,0001,0027,Álvaro Obregón,2510,342,1720,448,233,2252,1383,1348,35,869,980,839,13.51
0901000010031,09,010,0001,0031,Álvaro Obregón,3440,543,2454,443,361,3006,1923,1862,61,1072,1122,1004,11.57
0901000010046,09,010,0001,0046,Álvaro Obregón,5330,981,3748,601,597,4577,3036,2954,82,1533,1540,1394,10.26
0901000010050,09,010,0001,0050,Álvaro Obregón,4144,703,3016,415,468,3583,2453,2391,62,1126,1386,1240,10.7
0901000010065,09,010,0001,0065,Álvaro Obregón,5548,852,3989,707,622,4884,3329,3262,67,1546,2062,1839,10.55
0901000010084,09,010,0001,0084,Álvaro Obregón,2608,363,1828,340,268,2257,1427,1422,5,829,854,839,11.22
0901000010099,09,010,0001,0099,Álvaro Obregón,3822,619,2697,457,434,3284,2091,2021,70,1181,1018,959,10.52
0901000010101,09,010,0001,0101,Álvaro Obregón,1491,217,1045,229,133,1319,983,978,5,336,458,426,11.43
0901000010116,09,010,0001,0116,Álvaro Obregón,4232,857,2941,432,444,3561,2317,2248,69,1174,1333,1174,10.12
0901000010135,09,010,0001,0135,Álvaro Obregón,21198,3294,16887,1011,1906,18524,13648,13335,313,4578,8684,8070,13.9
090100001014A,09,010,0001,014A,Álvaro Obregón,4198,715,3004,479,450,3643,2401,2357,44,1237,1396,1277,11.39
0901000010169,09,010,0001,0169,Álvaro Obregón,2493,443,1763,287,283,2157,1233,1176,57,923,690,599,10.49
0901000010173,09,010,0001,0173,Álvaro Obregón,4303,780,2992,531,443,3699,2325,2278,47,1373,1337,1270,10.54
0901000010188,09,010,0001,0188,Álvaro Obregón,675,100,454,121,56,603,330,329,,273,286,260,12.67
0901000010192,09,010,0001,0192,Álvaro Obregón,654,90,461,103,45,585,377,364,13,208,327,291,12.33
0901000010205,09,010,0001,0205,Álvaro Obregón,532,61,382,89,54,482,273,267,6,209,199,186,13.26
090100001021A,09,010,0001,021A,Álvaro Obregón,678,90,475,113,71,603,351,339,12,252,236,217,13.14
0901000010224,09,010,0001,0224,Álvaro Obregón,499,55,357,87,47,462,274,268,6,188,180,165,13.29
0901000010239,09,010,0001,0239,Álvaro Obregón,975,118,699,158,91,886,554,537,17,332,409,367,12.66
0901000010243,09,010,0001,0243,Álvaro Obregón,7522,1309,5248,869,786,6406,3943,3857,86,2455,2085,1998,10.37
0901000010258,09,010,0001,0258,Álvaro Obregón,734,89,502,143,63,672,372,366,6,300,277,257,12.4
0901000010262,09,010,0001,0262,Álvaro Obregón,451,46,316,89,34,417,244,237,7,170,171,154,12.28
0901000010277,09,010,0001,0277,Álvaro Obregón,456,49,326,81,55,422,235,227,8,187,160,153,13.37
0901000010281,09,010,0001,0281,Álvaro Obregón,237,43,158,36,16,204,127,127,0,76,78,68,13.6
0901000010296,09,010,0001,0296,Álvaro Obregón,2489,408,1723,330,257,2157,1331,1293,38,820,728,694,11.16
0901000010309,09,010,0001,0309,Álvaro Obregón,3842,664,2734,444,392,3337,2140,2093,47,1189,1143,1065,10.73
0901000010313,09,010,0001,0313,Álvaro Obregón,5423,1033,3915,475,650,4611,3077,3002,75,1526,1347,1301,10.06
0901000010328,09,010,0001,0328,Álvaro Obregón,6914,1273,4892,748,759,5972,3755,3683,72,2186,2103,1949,10.09
0901000010332,09,010,0001,0332,Álvaro Obregón,4719,886,3368,465,551,4029,2572,2505,67,1449,1435,1361,10.33
0901000010347,09,010,0001,0347,Álvaro Obregón,3737,782,2618,337,428,3134,2070,2022,48,1058,1202,1094,10.28
0901000010351,09,010,0001,0351,Álvaro Obregón,4430,900,3122,408,508,3706,2464,2409,55,1239,1339,1292,10.14
0901000010370,09,010,0001,0370,Álvaro Obregón,3343,731,2336,276,397,2788,1794,1739,55,993,980,949,8.97
0901000010385,09,010,0001,0385,Álvaro Obregón,3058,654,2173,231,353,2540,1599,1554,45,936,712,690,9.59
0901000010417,09,010,0001,0417,Álvaro Obregón,1933,255,1311,367,177,1746,1077,1060,17,663,756,674,13.46
0901000010421,09,010,0001,0421,Álvaro Obregón,5467,1059,3775,633,591,4627,3023,2953,70,1601,1501,1417,9.97
0901000010440,09,010,0001,0440,Álvaro Obregón,4748,986,3327,435,585,3983,2545,2478,67,1430,1407,1303,9.56
0901000010455,09,010,0001,0455,Álvaro Obregón,3157,511,2254,391,320,2769,1695,1670,25,1065,887,831,11.13
0901000010474,09,010,0001,0474,Álvaro Obregón,9421,1879,6641,901,1052,7971,4932,4834,98,3030,2561,2413,9.61
0901000010489,09,010,0001,0489,Álvaro Obregón,3751,730,2658,361,416,3177,2035,1979,56,1135,1095,1031,9.99
0901000010493,09,010,0001,0493,Álvaro Obregón,4638,831,3223,584,494,3988,2489,2431,58,1492,1393,1324,10.6
0901000010506,09,010,0001,0506,Álvaro Obregón,2719,546,1893,280,310,2302,1496,1479,17,802,734,707,9.66
0901000010510,09,010,0001,0510,Álvaro Obregón,3573,531,2507,535,312,3169,2060,2028,32,1100,1285,1209,12.83
0901000010525,09,010,0001,0525,Álvaro Obregón,2348,311,1670,367,207,2094,1364,1339,25,726,836,773,12.56
090100001053A,09,010,0001,053A,Álvaro Obregón,4574,778,3226,569,488,3974,2522,2473,49,1447,1368,1296,10.62
0901000010544,09,010,0001,0544,Álvaro Obregón,2482,378,1722,382,217,2190,1410,1384,26,779,823,761,11.17
0901000010559,09,010,0001,0559,Álvaro Obregón,2371,269,1741,361,222,2171,1403,1380,23,762,887,822,13.68
0901000010563,09,010,0001,0563,Álvaro Obregón,9225,1790,6477,958,1024,7798,5030,4883,147,2756,2656,2552,10.35
0901000010578,09,010,0001,0578,Álvaro Obregón,6964,1175,4908,881,664,6065,3803,3691,112,2250,2151,2021,11.08
0901000010597,09,010,0001,0597,Álvaro Obregón,3848,637,2738,473,415,3368,2166,2103,63,1197,1148,1083,10.59
090100001060A,09,010,0001,060A,Álvaro Obregón,2671,393,1907,371,293,2362,1582,1534,48,767,845,779,11.44
0901000010614,09,010,0001,0614,Álvaro Obregón,2078,268,1417,393,179,1884,1110,1076,34,769,703,659,12.41
0901000010629,09,010,0001,0629,Álvaro Obregón,2510,288,1787,435,231,2287,1443,1400,43,837,912,839,12.25
0901000010633,09,010,0001,0633,Álvaro Obregón,1888,270,1332,286,167,1679,1053,1017,36,626,616,575,12.35
0901000010648,09,010,0001,0648,Álvaro Obregón,1560,168,1002,390,124,1433,884,853,31,547,738,650,14.9
0901000010667,09,010,0001,0667,Álvaro Obregón,5010,946,3526,538,563,4262,2861,2771,90,1392,1743,1460,10.46
0901000010671,09,010,0001,0671,Álvaro Obregón,4314,599,3126,589,375,3852,2515,2462,53,1318,1651,1505,14.19
0901000010686,09,010,0001,0686,Álvaro Obregón,2695,280,1861,554,201,2487,1505,1427,78,976,959,905,14.5
0901000010690,09,010,0001,0690,Álvaro Obregón,3546,457,2558,531,347,3191,2154,2097,57,1033,1343,1232,13.03
0901000010703,09,010,0001,0703,Álvaro Obregón,1913,234,1365,314,194,1748,1071,1053,18,675,816,743,13.07
0901000010718,09,010,0001,0718,Álvaro Obregón,969,121,681,167,111,884,542,528,14,342,382,349,12.82
0901000010722,09,010,0001,0722,Álvaro Obregón,2280,306,1604,358,200,2035,1309,1269,40,724,922,838,12.71
0901000010737,09,010,0001,0737,Álvaro Obregón,621,62,447,112,48,570,377,368,9,193,308,289,12.41
0901000010741,09,010,0001,0741,Álvaro Obregón,3250,543,2288,419,342,2829,1667,1627,40,1158,953,912,10.75
0901000010756,09,010,0001,0756,Álvaro Obregón,1488,194,1031,263,142,1336,902,868,34,434,574,524,12.53
0901000010760,09,010,0001,0760,Álvaro Obregón,841,110,611,120,65,759,483,476,7,275,340,311,13.02
0901000010775,09,010,0001,0775,Álvaro Obregón,1396,171,951,274,121,1273,747,727,20,523,580,536,12.6
090100001078A,09,010,0001,078A,Álvaro Obregón,1113,130,784,199,107,1012,640,612,28,370,459,425,12.79
0901000010794,09,010,0001,0794,Álvaro Obregón,757,82,538,137,69,695,444,431,13,250,318,294,13.42
0901000010807,09,010,0001,0807,Álvaro Obregón,1866,247,1326,293,146,1684,1106,1076,30,577,757,683,13.09
0901000010811,09,010,0001,0811,Álvaro Obregón,1230,113,907,210,99,1136,772,752,20,362,541,497,14.43
0901000010826,09,010,0001,0826,Álvaro Obregón,779,100,514,165,66,700,457,447,10,243,285,278,13.33
0901000010830,09,010,0001,0830,Álvaro Obregón,774,86,535,153,81,705,433,417,16,272,342,303,14.01
0901000010845,09,010,0001,0845,Álvaro Obregón,1543,202,1102,239,124,1389,922,921,,464,601,529,13.01
0901000010864,09,010,0001,0864,Álvaro Obregón,5942,1216,4166,560,687,4983,3083,3000,83,1888,1523,1396,9.52
0901000010898,09,010,0001,0898,Álvaro Obregón,2279,423,1568,288,251,1958,1153,1131,22,794,668,638,11.45
0901000010900,09,010,0001,0900,Álvaro Obregón,2362,412,1662,288,254,2055,1310,1271,39,742,702,657,10.69
0901000010915,09,010,0001,0915,Álvaro Obregón,2776,334,1968,474,279,2522,1516,1488,28,1003,989,897,14.56
090100001092A,09,010,0001,092A,Álvaro Obregón,2553,453,1807,293,249,2195,1378,1362,16,810,753,718,11.42
0901000010949,09,010,0001,0949,Álvaro Obregón,1094,146,724,224,88,977,609,601,8,363,432,382,14.82
0901000010953,09,010,0001,0953,Álvaro Obregón,1943,237,1339,367,136,1747,1139,1127,12,605,762,687,14.05
0901000010968,09,010,0001,0968,Álvaro Obregón,4987,721,3424,842,471,4430,2908,2857,51,1506,1774,1644,13.37
0901000010972,09,010,0001,0972,Álvaro Obregón,3219,461,2253,505,250,2846,1870,1820,50,968,1395,1172,14.63
0901000010987,09,010,0001,0987,Álvaro Obregón,1969,230,1382,357,156,1787,1216,1196,20,562,1081,789,14.59
0901000010991,09,010,0001,0991,Álvaro Obregón,2679,322,1818,539,267,2441,1591,1567,24,847,1000,887,14.81
0901000011006,09,010,0001,1006,Álvaro Obregón,2910,387,2047,476,301,2628,1775,1755,20,846,1053,939,14.03
0901000011010,09,010,0001,1010,Álvaro Obregón,2582,341,1772,469,237,2310,1511,1483,28,797,928,871,13.63
0901000011025,09,010,0001,1025,Álvaro Obregón,681,113,489,79,80,595,438,426,12,157,280,243,13.92
090100001103A,09,010,0001,103A,Álvaro Obregón,1813,265,1228,320,176,1612,1034,1017,17,577,640,587,13.6
0901000011044,09,010,0001,1044,Álvaro Obregón,2563,326,1698,534,208,2315,1568,1551,17,745,1021,806,13.91
0901000011059,09,010,0001,1059,Álvaro Obregón,3145,363,2112,669,232,2858,1908,1877,31,941,1615,1338,15.49
0901000011063,09,010,0001,1063,Álvaro Obregón,3028,394,2034,600,319,2721,1712,1665,47,981,1062,986,14.63
0901000011078,09,010,0001,1078,Álvaro Obregón,5883,992,4213,677,662,5129,3306,3230,76,1775,1769,1693,11.03
090100001110A,09,010,0001,110A,Álvaro Obregón,3881,476,2624,781,438,3536,2340,2305,35,1175,1537,1349,13.71
0901000011114,09,010,0001,1114,Álvaro Obregón,864,106,584,174,75,785,540,537,3,245,371,281,14.56
0901000011129,09,010,0001,1129,Álvaro Obregón,1218,114,839,265,138,1129,734,729,5,394,454,383,14.32
0901000011133,09,010,0001,1133,Álvaro Obregón,2203,251,1538,414,196,2025,1371,1348,23,625,857,769,14.95
0901000011148,09,010,0001,1148,Álvaro Obregón,5277,638,3697,942,541,4788,2991,2919,72,1775,1693,1598,14.45
0901000011152,09,010,0001,1152,Álvaro Obregón,2719,328,1846,545,273,2480,1434,1400,34,1025,889,849,14.96
0901000011171,09,010,0001,1171,Álvaro Obregón,13918,2221,10140,1553,1518,12197,8144,7997,147,4032,5042,4637,12.37
0901000011186,09,010,0001,1186,Álvaro Obregón,3320,411,2301,608,340,3026,1961,1929,32,1063,1200,1122,12.75
0901000011190,09,010,0001,1190,Álvaro Obregón,3425,363,2534,528,591,3151,1773,1747,26,1358,1477,1211,12.84
0901000011203,09,010,0001,1203,Álvaro Obregón,396,35,294,67,37,366,249,245,4,102,185,154,13.72
0901000011218,09,010,0001,1218,Álvaro Obregón,2825,382,2130,313,336,2524,1712,1690,22,808,1119,1036,13.61
0901000011222,09,010,0001,1222,Álvaro Obregón,4628,590,3261,777,468,4160,2442,2388,54,1711,1524,1425,11.9
0901000011237,09,010,0001,1237,Álvaro Obregón,4443,530,3099,814,402,4041,2431,2382,49,1606,1509,1472,12.78
0901000011241,09,010,0001,1241,Álvaro Obregón,5752,687,4189,876,588,5236,3506,3435,71,1697,2355,2170,14.04
0901000011260,09,010,0001,1260,Álvaro Obregón,3638,397,2590,647,468,3348,2035,2000,35,1181,1083,970,14.02
0901000011275,09,010,0001,1275,Álvaro Obregón,3017,235,2194,588,397,2845,1818,1783,35,965,883,805,14.05
090100001128A,09,010,0001,128A,Álvaro Obregón,2309,271,1549,486,244,2099,1367,1349,18,680,811,694,14.13
0901000011294,09,010,0001,1294,Álvaro Obregón,3322,278,2509,535,503,3136,1971,1959,12,1053,977,876,13.9
0901000011307,09,010,0001,1307,Álvaro Obregón,2914,365,2076,473,351,2628,1722,1702,20,898,967,855,14.29
0901000011330,09,010,0001,1330,Álvaro Obregón,8619,1598,6291,728,1024,7378,4648,4512,136,2706,2441,2277,11.0
0901000011345,09,010,0001,1345,Álvaro Obregón,7215,1404,5074,737,819,6126,3832,3741,91,2281,1972,1885,10.06
090100001135A,09,010,0001,135A,Álvaro Obregón,6908,1454,4822,632,794,5763,3693,3632,61,2064,1905,1743,10.3
0901000011364,09,010,0001,1364,Álvaro Obregón,6072,1234,4208,630,718,5111,3205,3145,60,1903,1652,1596,9.83
0901000011379,09,010,0001,1379,Álvaro Obregón,2298,393,1675,228,278,1979,1348,1317,31,615,807,682,12.88
0901000011434,09,010,0001,1434,Álvaro Obregón,5554,1021,3878,655,639,4778,2932,2843,89,1827,1401,1360,10.5
0901000011453,09,010,0001,1453,Álvaro Obregón,4876,1003,3526,347,590,4106,2584,2526,58,1513,1034,1006,9.39
0901000011468,09,010,0001,1468,Álvaro Obregón,2600,648,1750,202,301,2083,1320,1288,32,761,662,654,8.99
0901000011472,09,010,0001,1472,Álvaro Obregón,3788,880,2650,255,455,3105,2022,1991,31,1061,917,881,9.28
0901000011487,09,010,0001,1487,Álvaro Obregón,4629,1047,3199,383,581,3815,2560,2492,68,1249,1370,1295,9.47
0901000011519,09,010,0001,1519,Álvaro Obregón,4650,995,3140,388,565,3776,2386,2336,50,1377,1233,1170,9.76
0901000011523,09,010,0001,1523,Álvaro Obregón,3528,790,2396,304,389,2877,1880,1842,38,993,932,914,9.51
0901000011542,09,010,0001,1542,Álvaro Obregón,2898,634,2077,187,333,2367,1687,1659,28,671,964,889,13.19
0901000011557,09,010,0001,1557,Álvaro Obregón,6638,1415,4691,530,783,5530,3546,3432,114,1974,1965,1898,9.83
0901000011561,09,010,0001,1561,Álvaro Obregón,3060,721,2109,230,355,2479,1650,1613,37,826,872,841,9.49
0901000011580,09,010,0001,1580,Álvaro Obregón,6453,1210,4450,792,704,5535,3420,3354,66,2105,1871,1787,10.33
0901000011595,09,010,0001,1595,Álvaro Obregón,6197,1454,4303,440,663,5101,3183,3097,86,1912,1569,1499,9.52
0901000011627,09,010,0001,1627,Álvaro Obregón,5748,1133,4112,502,665,4857,3433,3365,68,1407,1629,1508,10.47
0901000011631,09,010,0001,1631,Álvaro Obregón,4992,1004,3514,474,527,4199,2934,2905,29,1259,1251,1176,10.03
0901000011646,09,010,0001,1646,Álvaro Obregón,4731,995,3248,488,545,3946,2377,2335,42,1555,1113,1091,9.59
0901000011650,09,010,0001,1650,Álvaro Obregón,4628,982,3271,365,544,3820,2414,2365,49,1396,1201,1149,9.88
0901000011665,09,010,0001,1665,Álvaro Obregón,1940,321,1359,260,183,1687,1247,1226,21,436,569,518,10.52
090100001167A,09,010,0001,167A,Álvaro Obregón,8067,1616,5620,829,871,6828,4225,4094,131,2581,2310,2220,10.23
0901000011684,09,010,0001,1684,Álvaro Obregón,5661,1042,4009,610,710,4892,3169,3079,90,1715,1652,1562,11.07
0901000011699,09,010,0001,1699,Álvaro Obregón,9388,1822,6680,880,1144,7974,5227,5149,78,2738,2752,2478,10.21
0901000011716,09,010,0001,1716,Álvaro Obregón,7042,1530,4858,654,843,5896,4117,4059,58,1772,1897,1859,9.34
0901000011720,09,010,0001,1720,Álvaro Obregón,4093,941,2910,242,521,3350,2400,2360,40,947,1187,1013,10.21
0901000011735,09,010,0001,1735,Álvaro Obregón,9161,1864,6632,580,1078,7640,5011,4892,119,2621,2424,2271,9.61
090100001174A,09,010,0001,174A,Álvaro Obregón,9998,2194,7203,601,1217,8296,5649,5497,152,2631,2734,2604,9.4
0901000011754,09,010,0001,1754,Álvaro Obregón,3230,701,2324,205,408,2689,1900,1837,63,784,906,850,9.38
0901000011769,09,010,0001,1769,Álvaro Obregón,9985,2138,7130,717,1109,8333,5342,5246,96,2965,2770,2631,10.83
0901000011773,09,010,0001,1773,Álvaro Obregón,4680,850,3267,563,511,4013,2526,2466,60,1483,1373,1252,10.92
0901000011788,09,010,0001,1788,Álvaro Obregón,4219,848,3030,341,505,3576,2391,2347,44,1181,796,755,9.86
0901000011792,09,010,0001,1792,Álvaro Obregón,3160,609,2198,353,377,2681,1639,1606,33,1039,945,921,10.51
0901000011805,09,010,0001,1805,Álvaro Obregón,3603,679,2543,381,387,3074,2020,1982,38,1053,1002,952,10.33
090100001181A,09,010,0001,181A,Álvaro Obregón,5355,977,3816,562,622,4602,2938,2915,23,1661,1665,1561,10.65
0901000011824,09,010,0001,1824,Álvaro Obregón,4908,882,3523,502,605,4218,2804,2767,37,1404,1657,1598,10.74
0901000011839,09,010,0001,1839,Álvaro Obregón,4896,931,3473,491,541,4155,2722,2642,80,1421,1449,1372,10.53
0901000011843,09,010,0001,1843,Álvaro Obregón,8392,1500,5972,920,982,7253,4679,4570,109,2542,2581,2452,10.94
0901000011858,09,010,0001,1858,Álvaro Obregón,12053,1824,8640,1589,1316,10647,6823,6706,117,3766,4188,3896,12.95
0901000011881,09,010,0001,1881,Álvaro Obregón,4044,573,2984,487,413,3589,2344,2257,87,1234,1383,1270,14.2
0901000011913,09,010,0001,1913,Álvaro Obregón,3983,725,2828,430,398,3415,2128,2077,51,1278,1177,1122,10.78
0901000011928,09,010,0001,1928,Álvaro Obregón,2144,340,1498,306,204,1896,1177,1150,27,717,721,670,12.15
0901000011932,09,010,0001,1932,Álvaro Obregón,2659,622,1835,202,326,2147,1409,1371,38,737,786,749,9.04
0901000011947,09,010,0001,1947,Álvaro Obregón,4280,753,3013,514,435,3706,2354,2319,35,1346,1323,1253,11.18
0901000011951,09,010,0001,1951,Álvaro Obregón,6009,1492,4157,293,714,4768,3134,3085,49,1612,1668,1638,8.87
0901000011966,09,010,0001,1966,Álvaro Obregón,3156,519,2192,445,326,2750,1671,1633,38,1077,982,930,11.21
0901000011970,09,010,0001,1970,Álvaro Obregón,4427,938,3051,438,467,3696,2220,2160,60,1472,1274,1234,10.29
0901000011985,09,010,0001,1985,Álvaro Obregón,4355,1044,2970,340,498,3562,2345,2265,80,1211,1064,1024,8.7
090100001199A,09,010,0001,199A,Álvaro Obregón,3207,738,2210,259,359,2642,1704,1678,26,929,848,816,9.46
0901000012004,09,010,0001,2004,Álvaro Obregón,0,0,0,0,0,0,0,0,0,0,0,0,0.0
0901000012019,09,010,0001,2019,Álvaro Obregón,3273,760,2250,263,405,2662,1603,1564,39,1055,825,782,9.25
0901000012023,09,010,0001,2023,Álvaro Obregón,4169,958,2898,313,517,3405,2226,2186,40,1172,1156,1081,9.75
0901000012038,09,010,0001,2038,Álvaro Obregón,4207,976,2928,303,465,3438,2209,2155,54,1212,1063,1010,9.62
0901000012042,09,010,0001,2042,Álvaro Obregón,3847,869,2669,308,442,3183,2021,1972,49,1158,1077,1055,9.37
0901000012057,09,010,0001,2057,Álvaro Obregón,3669,706,2551,412,381,3127,1964,1909,55,1158,1052,1009,10.06
0901000012061,09,010,0001,2061,Álvaro Obregón,8541,2030,6101,410,835,7029,4375,4259,116,2640,2784,2594,12.87
0901000012076,09,010,0001,2076,Álvaro Obregón,3152,601,2208,342,349,2702,1662,1597,65,1038,781,771,10.3
0901000012080,09,010,0001,2080,Álvaro Obregón,2501,411,1886,204,226,2167,1510,1473,37,655,927,806,12.44
0901000012095,09,010,0001,2095,Álvaro Obregón,5597,1075,4025,497,627,4785,3306,3229,77,1468,1725,1598,10.99
0901000012108,09,010,0001,2108,Álvaro Obregón,3889,772,2700,417,461,3313,2058,1975,83,1248,814,788,9.13
0901000012112,09,010,0001,2112,Álvaro Obregón,9888,2063,7103,679,1150,8259,5576,5492,84,2657,2711,2612,10.14
0901000012131,09,010,0001,2131,Álvaro Obregón,1859,263,1298,298,174,1654,971,935,36,681,605,574,12.33
0901000012146,09,010,0001,2146,Álvaro Obregón,2832,436,2068,328,258,2491,1721,1685,36,764,1047,993,11.54
0901000012150,09,010,0001,2150,Álvaro Obregón,4588,685,3269,634,433,4062,2610,2517,93,1450,1755,1612,12.29
0901000012165,09,010,0001,2165,Álvaro Obregón,3201,594,2264,337,360,2735,1765,1737,28,967,978,912,10.09
0901000012184,09,010,0001,2184,Álvaro Obregón,1979,308,1425,246,204,1736,1137,1105,32,598,643,608,11.35
0901000012199,09,010,0001,2199,Álvaro Obregón,4398,807,3130,460,458,3790,2459,2411,48,1318,1181,1140,10.66
0901000012201,09,010,0001,2201,Álvaro Obregón,3148,649,2237,261,348,2658,1786,1759,27,871,892,807,9.45
0901000012216,09,010,0001,2216,Álvaro Obregón,4171,1073,2839,259,483,3312,2169,2114,55,1140,1046,995,9.04
0901000012220,09,010,0001,2220,Álvaro Obregón,3537,830,2468,239,396,2892,1834,1792,42,1055,813,779,9.41
0901000012235,09,010,0001,2235,Álvaro Obregón,2796,521,2020,246,300,2380,1695,1674,21,680,822,772,9.77
090100001224A,09,010,0001,224A,Álvaro Obregón,3148,601,2282,265,358,2678,1689,1670,19,987,882,820,11.15
0901000012254,09,010,0001,2254,Álvaro Obregón,4676,802,3499,375,489,4044,2642,2588,54,1392,1489,1371,11.9
0901000012269,09,010,0001,2269,Álvaro Obregón,1809,366,1322,121,200,1528,1023,1007,16,499,632,565,12.46
0901000012273,09,010,0001,2273,Álvaro Obregón,80,10,67,3,15,74,52,51,,22,20,20,13.17
0901000012288,09,010,0001,2288,Álvaro Obregón,5792,949,4342,501,672,5087,3252,3169,83,1828,1652,1500,11.84
0901000012292,09,010,0001,2292,Álvaro Obregón,6933,1209,5252,472,805,5985,4023,3921,102,1955,2247,2037,11.67
0901000012305,09,010,0001,2305,Álvaro Obregón,4002,984,2749,269,512,3240,2084,2004,80,1149,1069,1003,9.13
090100001231A,09,010,0001,231A,Álvaro Obregón,2927,579,2126,222,328,2478,1686,1642,44,788,880,815,11.4
0901000012324,09,010,0001,2324,Álvaro Obregón,2742,595,1926,221,311,2266,1449,1421,28,817,707,668,10.16
0901000012339,09,010,0001,2339,Álvaro Obregón,3534,852,2437,245,426,2881,1906,1883,23,963,924,855,13.06
0901000012343,09,010,0001,2343,Álvaro Obregón,4863,1069,3372,316,576,3925,2495,2462,33,1420,1331,1193,9.29
0901000012358,09,010,0001,2358,Álvaro Obregón,3083,658,2230,192,399,2573,1699,1679,20,867,875,826,12.76
0901000012362,09,010,0001,2362,Álvaro Obregón,2279,375,1685,219,245,1994,1322,1274,48,669,604,593,10.63
0901000012377,09,010,0001,2377,Álvaro Obregón,2502,385,1919,198,314,2210,1463,1419,44,745,835,764,12.32
0901000012381,09,010,0001,2381,Álvaro Obregón,21,3,17,,0,18,14,14,0,4,7,7,10.83
090110001001A,09,011,0001,001A,Tláhuac,5957,1193,4435,329,721,5030,3366,3313,53,1663,2016,1762,10.92
0901100010039,09,011,0001,0039,Tláhuac,6748,1267,4898,583,790,5750,3622,3562,60,2112,2235,1973,11.21
0901100010043,09,011,0001,0043,Tláhuac,5601,1247,3925,429,639,4631,2641,2551,90,1981,1522,1370,10.54
0901100010058,09,011,0001,0058,Tláhuac,4075,684,2978,413,468,3544,2258,2208,50,1282,1358,1243,11.6
0901100010077,09,011,0001,0077,Tláhuac,3150,605,2206,339,351,2671,1612,1570,42,1058,949,893,10.76
0901100010096,09,011,0001,0096,Tláhuac,3480,659,2492,327,414,2979,2049,2016,33,925,1031,954,10.9
0901100010113,09,011,0001,0113,Tláhuac,2643,540,1852,251,265,2218,1315,1281,34,899,803,750,10.65
0901100010128,09,011,0001,0128,Tláhuac,3792,825,2657,307,433,3180,1812,1755,57,1364,1007,951,10.6
0901100010132,09,011,0001,0132,Tláhuac,5343,1136,3754,453,638,4450,2887,2825,62,1551,1715,1495,10.57
0901100010147,09,011,0001,0147,Tláhuac,3155,624,2242,282,369,2660,1546,1485,61,1111,962,870,11.02
0901100010151,09,011,0001,0151,Tláhuac,1796,377,1277,142,201,1501,905,894,11,596,548,507,10.37
0901100010166,09,011,0001,0166,Tláhuac,2853,566,2074,213,343,2425,1493,1458,35,925,802,774,10.58
0901100010170,09,011,0001,0170,Tláhuac,4060,784,2990,284,468,3464,2072,2023,49,1383,1204,1150,10.8
0901100010185,09,011,0001,0185,Tláhuac,4384,906,3168,304,535,3694,2225,2194,31,1462,1318,1228,10.63
0901100010202,09,011,0001,0202,Tláhuac,3995,760,2814,421,400,3410,2142,2088,54,1253,1167,1081,10.23
0901100010217,09,011,0001,0217,Tláhuac,5895,1180,4172,543,702,4993,3233,3162,71,1748,1776,1651,10.93
0901100010240,09,011,0001,0240,Tláhuac,3183,649,2262,262,385,2684,1610,1555,55,1066,966,890,10.88
0901100010255,09,011,0001,0255,Tláhuac,1754,385,1229,140,187,1455,847,825,22,599,513,480,10.94
090110001026A,09,011,0001,026A,Tláhuac,2090,433,1478,179,265,1745,1094,1071,23,650,714,669,11.34
0901100010274,09,011,0001,0274,Tláhuac,3768,808,2695,265,441,3141,1957,1919,38,1180,1104,1047,10.51
0901100010289,09,011,0001,0289,Tláhuac,3179,656,2275,248,380,2679,1679,1646,33,994,914,853,10.81
0901100010306,09,011,0001,0306,Tláhuac,2664,521,1878,265,366,2260,1477,1444,33,781,762,715,10.09
0901100010310,09,011,0001,0310,Tláhuac,3465,706,2427,332,396,2913,1931,1895,36,980,1043,952,10.44
0901100010325,09,011,0001,0325,Tláhuac,3675,679,2527,469,400,3159,2115,2068,47,1041,1092,1022,10.85
0901100010344,09,011,0001,0344,Tláhuac,1211,199,886,126,146,1059,659,642,17,397,352,324,11.28
0901100010359,09,011,0001,0359,Tláhuac,2251,421,1575,255,237,1942,1173,1155,18,768,640,605,10.98
0901100010363,09,011,0001,0363,Tláhuac,2660,559,1861,240,300,2244,1297,1266,31,944,748,705,10.93
0901100010378,09,011,0001,0378,Tláhuac,2181,466,1507,208,267,1835,1142,1106,36,692,532,507,10.95
0901100010382,09,011,0001,0382,Tláhuac,1053,213,747,93,118,905,554,538,16,350,319,302,10.95
0901100010397,09,011,0001,0397,Tláhuac,1728,388,1186,154,189,1424,867,849,18,555,493,459,10.82
090110001040A,09,011,0001,040A,Tláhuac,1655,374,1135,146,181,1365,793,768,25,572,456,425,11.06
0901100010414,09,011,0001,0414,Tláhuac,1716,368,1179,169,206,1424,802,763,39,619,499,432,10.61
0901100010433,09,011,0001,0433,Tláhuac,2480,462,1746,267,278,2118,1291,1252,39,825,718,651,11.67
0901100010448,09,011,0001,0448,Tláhuac,1599,357,1087,155,175,1301,770,749,21,529,452,403,11.29
0901100010452,09,011,0001,0452,Tláhuac,9689,2014,6831,834,1107,8082,4906,4803,103,3156,2788,2488,10.52
0901100010575,09,011,0001,0575,Tláhuac,5666,1222,3948,456,666,4692,2929,2854,75,1748,1601,1484,10.39
0901100010594,09,011,0001,0594,Tláhuac,7502,1832,5153,514,841,6052,3841,3805,36,2193,2039,1927,9.17
0901100010607,09,011,0001,0607,Tláhuac,5135,1130,3519,486,539,4244,2874,2830,44,1358,1429,1360,9.33
0901100010626,09,011,0001,0626,Tláhuac,3835,666,2828,338,441,3329,2158,2117,41,1169,1180,1103,11.45
0901100010630,09,011,0001,0630,Tláhuac,2814,509,1943,362,295,2413,1523,1488,35,885,809,776,10.53
0901100010645,09,011,0001,0645,Tláhuac,4898,978,3402,518,542,4156,2638,2583,55,1512,1293,1231,10.14
090110001065A,09,011,0001,065A,Tláhuac,3703,783,2579,341,398,3120,1875,1840,35,1245,989,951,10.33
0901100010664,09,011,0001,0664,Tláhuac,6573,1414,4648,503,792,5469,3477,3416,61,1985,1934,1840,9.94
0901100010679,09,011,0001,0679,Tláhuac,3892,847,2757,281,434,3222,1872,1817,55,1348,1094,1031,10.42
0901100010753,09,011,0001,0753,Tláhuac,8372,1837,5899,636,1023,6936,4031,3965,66,2895,2490,2268,10.3
0901100010768,09,011,0001,0768,Tláhuac,18,6,11,,,13,8,7,,5,6,4,10.08
0901100010772,09,011,0001,0772,Tláhuac,2516,625,1790,101,358,2010,1243,1242,,767,731,628,10.23
0901100010804,09,011,0001,0804,Tláhuac,183,39,137,7,25,155,98,97,,57,63,55,10.39
0901100010819,09,011,0001,0819,Tláhuac,2145,534,1509,102,253,1723,1147,1117,30,571,663,561,10.14
0901100010823,09,011,0001,0823,Tláhuac,444,109,319,16,62,359,251,240,11,108,142,119,9.99
0901100010927,09,011,0001,0927,Tláhuac,3863,777,2773,313,442,3252,2139,2097,42,1108,1112,1044,10.54
0901100010931,09,011,0001,0931,Tláhuac,4259,957,2995,307,535,3507,2215,2157,58,1286,1228,1131,10.15
0901100010946,09,011,0001,0946,Tláhuac,3676,764,2586,326,426,3091,1886,1852,34,1203,1001,933,10.62
0901100010950,09,011,0001,0950,Tláhuac,7862,1737,5492,633,975,6517,4143,4034,109,2365,2092,1932,10.31
0901100010984,09,011,0001,0984,Tláhuac,4106,834,2859,413,477,3454,1997,1958,39,1452,1169,1074,10.9
0901100010999,09,011,0001,0999,Tláhuac,2558,513,1754,291,296,2159,1216,1162,54,941,713,651,9.68
0901100011056,09,011,0001,1056,Tláhuac,1877,332,1412,133,222,1616,1103,1079,24,513,725,621,12.31
0901100011075,09,011,0001,1075,Tláhuac,2196,412,1635,149,229,1870,1353,1337,16,517,893,764,11.79
090110001108A,09,011,0001,108A,Tláhuac,2415,439,1811,165,291,2071,1418,1378,40,652,920,789,12.13
0901100011094,09,011,0001,1094,Tláhuac,548,132,386,30,70,446,287,282,5,158,148,129,9.99
0901100011111,09,011,0001,1111,Tláhuac,4445,1026,3101,318,495,3617,2359,2310,49,1254,1269,1166,9.96
0901100011145,09,011,0001,1145,Tláhuac,3396,621,2529,246,389,2916,1908,1864,44,1008,1254,1078,11.78
090110001122A,09,011,0001,122A,Tláhuac,3513,812,2461,240,428,2873,1855,1800,55,1013,1074,971,10.07
0901100011234,09,011,0001,1234,Tláhuac,2980,595,2179,204,357,2521,1635,1598,37,877,1129,936,11.07
0901100011249,09,011,0001,1249,Tláhuac,5265,1188,3705,372,656,4343,2793,2732,61,1541,1439,1372,10.02
0901100011253,09,011,0001,1253,Tláhuac,2582,445,1860,277,291,2246,1383,1343,40,863,795,740,10.68
0901100011268,09,011,0001,1268,Tláhuac,4936,976,3602,358,562,4144,2657,2595,62,1482,1649,1480,11.51
0901100011272,09,011,0001,1272,Tláhuac,2822,544,2105,173,312,2382,1498,1442,56,872,1034,906,11.6
0901100011287,09,011,0001,1287,Tláhuac,1979,405,1445,129,283,1644,1123,1084,39,521,569,538,10.89
0901100011291,09,011,0001,1291,Tláhuac,3091,591,2166,332,399,2641,1662,1638,24,978,926,860,10.52
0901100011304,09,011,0001,1304,Tláhuac,1301,215,1006,80,174,1136,770,741,29,362,535,435,12.35
0901100011319,09,011,0001,1319,Tláhuac,1886,314,1449,123,238,1641,1297,1279,18,343,753,652,12.04
0901100011323,09,011,0001,1323,Tláhuac,702,113,550,39,83,617,447,437,10,170,265,219,11.79
0901100011338,09,011,0001,1338,Tláhuac,3577,842,2532,203,435,2920,1887,1872,15,1032,1181,1031,9.92
0901100011342,09,011,0001,1342,Tláhuac,945,187,684,74,95,788,533,520,13,251,386,321,11.04
0901100011357,09,011,0001,1357,Tláhuac,9088,1979,6747,362,1139,7543,5169,5067,102,2368,3243,2813,11.15
0901100011361,09,011,0001,1361,Tláhuac,4873,934,3678,258,588,4137,2755,2688,67,1379,1864,1611,11.63
0901100011376,09,011,0001,1376,Tláhuac,7148,1440,5348,360,935,6090,4143,4040,103,1943,2867,2324,11.65
0901100011380,09,011,0001,1380,Tláhuac,2511,654,1775,79,333,2011,1223,1204,19,786,743,648,9.45
0901100011395,09,011,0001,1395,Tláhuac,1799,510,1223,66,230,1392,892,879,13,499,508,434,9.18
0901100011412,09,011,0001,1412,Tláhuac,3617,934,2587,96,481,2899,1903,1887,16,990,1012,888,9.7
0901100011427,09,011,0001,1427,Tláhuac,5292,1112,3706,474,650,4431,2760,2690,70,1659,1462,1322,11.04
0901100011431,09,011,0001,1431,Tláhuac,5167,1277,3619,266,637,4185,2646,2608,38,1533,1533,1327,9.66
0901100011446,09,011,0001,1446,Tláhuac,3561,798,2517,246,394,2927,1918,1897,21,1001,1002,935,10.17
0901100011450,09,011,0001,1450,Tláhuac,3046,761,2167,118,448,2451,1619,1589,30,831,887,823,9.85
0901100011465,09,011,0001,1465,Tláhuac,4499,945,3379,175,545,3744,2528,2498,30,1211,1628,1409,11.27
090110001147A,09,011,0001,147A,Tláhuac,4283,866,3199,218,560,3582,2338,2303,35,1236,1361,1207,10.77
0901100011484,09,011,0001,1484,Tláhuac,5241,1070,3567,604,577,4425,2641,2588,53,1778,1498,1373,10.6
0901100011499,09,011,0001,1499,Tláhuac,6166,1382,4385,399,789,5116,3195,3142,53,1911,1758,1552,10.0
0901100011535,09,011,0001,1535,Tláhuac,1920,568,1287,65,225,1459,969,959,10,488,589,485,8.89
090110001154A,09,011,0001,154A,Tláhuac,2156,449,1616,91,312,1795,1215,1196,19,580,661,611,10.25
090110011072A,09,011,0011,072A,Tláhuac,4723,987,3272,464,500,3958,2505,2465,40,1452,1168,1077,10.46
0901100111037,09,011,0011,1037,Tláhuac,4071,892,2853,323,508,3383,2098,2079,19,1282,986,890,10.38
0901100111041,09,011,0011,1041,Tláhuac,5116,1178,3553,372,653,4186,2700,2642,58,1483,1371,1224,10.11
0901100210787,09,011,0021,0787,Tláhuac,1696,348,1222,126,168,1419,915,890,25,504,518,471,10.41
0901100210791,09,011,0021,0791,Tláhuac,406,93,282,31,40,334,193,184,9,141,102,95,9.82
0901100211003,09,011,0021,1003,Tláhuac,11218,2467,8002,749,1353,9330,5707,5563,144,3610,3475,2974,10.38
0901100211018,09,011,0021,1018,Tláhuac,3055,570,2076,409,339,2615,1593,1562,31,1011,868,790,10.46
0901100211022,09,011,0021,1022,Tláhuac,2720,594,1923,203,316,2284,1305,1291,14,972,863,739,10.23
090110021115A,09,011,0021,115A,Tláhuac,8857,2062,6233,562,1099,7219,4524,4410,114,2691,2554,2274,10.1
0901100211516,09,011,0021,1516,Tláhuac,75,21,53,,6,60,27,27,0,33,22,18,9.06
0901100240734,09,011,0024,0734,Tláhuac,2619,621,1785,213,278,2143,1309,1294,15,829,787,705,10.49
0901100240749,09,011,0024,0749,Tláhuac,306,78,216,12,33,246,146,143,3,100,81,73,11.14
0901100241183,09,011,0024,1183,Tláhuac,1088,264,770,54,121,876,556,550,6,318,320,273,10.35
0901100241408,09,011,0024,1408,Tláhuac,832,213,582,37,93,653,403,394,9,250,260,218,9.65
0901100241520,09,011,0024,1520,Tláhuac,74,25,45,4,6,58,25,24,,33,26,21,8.35
0901100260965,09,011,0026,0965,Tláhuac,4504,1012,3160,326,543,3725,2145,2124,21,1578,1345,1215,10.38
090110026097A,09,011,0026,097A,Tláhuac,4795,1110,3290,393,576,3962,2418,2388,30,1543,1382,1236,10.33
0901100261164,09,011,0026,1164,Tláhuac,2209,550,1534,125,295,1778,1113,1085,28,658,840,605,9.61
0901100261501,09,011,0026,1501,Tláhuac,136,38,97,,16,106,63,63,0,43,43,31,9.42
0901101101107,09,011,0110,1107,Tláhuac,3050,969,2005,76,397,2276,1604,1576,28,657,969,841,7.83
0901200010017,09,012,0001,0017,Tlalpan,1691,209,1118,364,140,1535,997,982,15,535,819,692,14.8
0901200010021,09,012,0001,0021,Tlalpan,671,81,479,111,68,614,409,396,13,204,244,204,15.17
0901200010040,09,012,0001,0040,Tlalpan,1162,123,748,291,109,1068,705,695,10,363,584,417,14.34
0901200010074,09,012,0001,0074,Tlalpan,1813,174,1146,493,158,1681,1019,999,20,656,730,631,15.06
0901200010089,09,012,0001,0089,Tlalpan,0,0,0,0,0,0,0,0,0,0,0,0,0.0
0901200010093,09,012,0001,0093,Tlalpan,1875,201,1202,472,155,1706,1116,1082,34,589,899,800,16.15
0901200010106,09,012,0001,0106,Tlalpan,305,40,226,39,34,270,202,192,10,68,140,123,14.61
0901200010125,09,012,0001,0125,Tlalpan,3367,543,2446,378,408,2984,1942,1891,51,1036,983,937,10.69
090120001013A,09,012,0001,013A,Tlalpan,3264,510,2410,344,391,2885,1900,1853,47,977,1049,994,11.23
0901200010144,09,012,0001,0144,Tlalpan,2232,337,1556,339,194,1962,1260,1243,17,694,764,709,13.5
0901200010159,09,012,0001,0159,Tlalpan,3220,499,2360,360,372,2832,1831,1801,30,999,1037,992,11.24
0901200010163,09,012,0001,0163,Tlalpan,3244,468,2356,420,347,2893,1725,1708,17,1160,1010,928,11.52
0901200010178,09,012,0001,0178,Tlalpan,2841,441,1997,403,286,2504,1541,1501,40,957,919,859,12.3
0901200010182,09,012,0001,0182,Tlalpan,6006,1078,4253,671,636,5165,3199,3148,51,1961,1697,1633,10.84
0901200010197,09,012,0001,0197,Tlalpan,1985,202,1366,417,171,1832,1116,1076,40,716,788,708,14.63
090120001020A,09,012,0001,020A,Tlalpan,1693,149,1069,474,153,1578,843,798,45,733,624,563,14.31
0901200010214,09,012,0001,0214,Tlalpan,1867,180,1166,521,153,1751,935,904,31,810,638,582,14.55
0901200010229,09,012,0001,0229,Tlalpan,1868,178,1281,409,186,1737,1034,1014,20,700,740,650,14.57
0901200010233,09,012,0001,0233,Tlalpan,3761,388,2648,725,379,3470,2000,1951,49,1466,1477,1302,14.91
0901200010248,09,012,0001,0248,Tlalpan,576,60,359,157,52,530,275,269,6,255,192,179,14.28
0901200010267,09,012,0001,0267,Tlalpan,1902,205,1290,407,164,1743,1141,1117,24,598,753,683,14.54
0901200010303,09,012,0001,0303,Tlalpan,5375,968,3827,526,588,4594,2880,2809,71,1708,1552,1491,10.75
0901200010318,09,012,0001,0318,Tlalpan,3591,578,2576,437,377,3147,1904,1886,18,1240,1142,1082,11.18
0901200010322,09,012,0001,0322,Tlalpan,4837,942,3411,451,561,4078,2778,2743,35,1299,1438,1352,10.74
0901200010337,09,012,0001,0337,Tlalpan,4009,740,2809,460,433,3436,2302,2260,42,1123,1232,1153,10.79
0901200010341,09,012,0001,0341,Tlalpan,2923,437,2064,422,281,2612,1703,1678,25,903,968,862,13.06
0901200010360,09,012,0001,0360,Tlalpan,4479,608,3269,602,460,4011,2663,2597,66,1344,1709,1473,12.75
0901200010375,09,012,0001,0375,Tlalpan,1884,213,1362,309,187,1724,1077,1041,36,640,732,628,13.31
090120001038A,09,012,0001,038A,Tlalpan,769,53,433,283,81,725,363,359,4,348,180,160,10.63
0901200010394,09,012,0001,0394,Tlalpan,1458,212,1015,231,152,1321,775,765,10,546,465,411,13.29
0901200010407,09,012,0001,0407,Tlalpan,935,83,626,226,94,880,499,484,15,369,307,263,13.2
0901200010411,09,012,0001,0411,Tlalpan,1095,100,775,220,105,1014,634,625,9,374,434,389,14.74
0901200010426,09,012,0001,0426,Tlalpan,2154,258,1571,325,219,1949,1190,1150,40,747,780,639,12.75
0901200010430,09,012,0001,0430,Tlalpan,2844,344,2075,425,273,2567,1617,1578,39,945,1018,943,13.45
0901200010445,09,012,0001,0445,Tlalpan,2730,406,1936,388,247,2432,1611,1571,40,813,980,881,12.93
090120001045A,09,012,0001,045A,Tlalpan,3668,452,2584,632,364,3315,1942,1875,67,1371,1235,1120,12.79
0901200010464,09,012,0001,0464,Tlalpan,1353,136,942,275,130,1246,729,710,19,516,539,466,13.91
0901200010479,09,012,0001,0479,Tlalpan,681,87,489,105,75,611,356,347,9,255,277,246,14.62
0901200010483,09,012,0001,0483,Tlalpan,3367,335,2322,710,323,3128,1815,1744,71,1310,1367,1187,14.82
0901200010498,09,012,0001,0498,Tlalpan,2920,332,2120,468,256,2666,1690,1662,28,976,1170,1001,14.49
0901200010500,09,012,0001,0500,Tlalpan,7264,1521,5198,545,876,6032,3800,3693,107,2225,2109,1924,10.17
0901200010515,09,012,0001,0515,Tlalpan,4311,814,3095,402,471,3696,2494,2453,41,1191,1346,1239,10.89
090120001052A,09,012,0001,052A,Tlalpan,3220,518,2344,358,339,2826,1832,1790,42,992,1066,976,11.61
0901200010534,09,012,0001,0534,Tlalpan,1952,194,1324,427,193,1803,1103,1080,23,698,709,654,14.59
0901200010549,09,012,0001,0549,Tlalpan,2808,335,1932,541,307,2552,1530,1489,41,1014,961,907,13.94
0901200010553,09,012,0001,0553,Tlalpan,4048,559,2963,526,430,3608,2237,2145,92,1367,1529,1333,13.2
0901200010568,09,012,0001,0568,Tlalpan,3668,488,2486,694,352,3313,1931,1901,30,1375,1238,1134,13.46
0901200010572,09,012,0001,0572,Tlalpan,3323,328,2262,733,296,3094,1793,1734,59,1299,1382,1261,13.68
0901200010587,09,012,0001,0587,Tlalpan,2820,311,1898,611,236,2575,1498,1451,47,1076,1139,1028,13.64
0901200010591,09,012,0001,0591,Tlalpan,938,92,594,252,84,872,462,449,13,409,342,308,14.41
0901200010604,09,012,0001,0604,Tlalpan,4628,890,3294,444,547,3936,2578,2539,39,1356,1371,1311,10.11
0901200010619,09,012,0001,0619,Tlalpan,3406,649,2416,341,355,2907,1864,1830,34,1033,974,907,10.88
0901200010623,09,012,0001,0623,Tlalpan,3257,529,2347,381,373,2846,1777,1735,42,1069,978,894,11.34
0901200010638,09,012,0001,0638,Tlalpan,3105,486,2189,430,324,2733,1778,1746,32,951,1025,934,12.07
0901200010642,09,012,0001,0642,Tlalpan,2514,376,1753,384,250,2234,1354,1329,25,877,797,736,11.84
0901200010657,09,012,0001,0657,Tlalpan,1833,286,1292,255,190,1611,1073,1043,30,533,577,518,13.25
0901200010661,09,012,0001,0661,Tlalpan,1039,144,758,137,90,929,588,582,6,338,342,313,13.92
0901200010676,09,012,0001,0676,Tlalpan,3407,512,2464,431,352,3000,2006,1972,34,992,1105,1047,11.86
0901200010680,09,012,0001,0680,Tlalpan,1570,196,1119,255,177,1426,910,865,45,509,597,540,13.11
0901200010695,09,012,0001,0695,Tlalpan,142,29,87,26,10,117,71,70,,46,49,46,12.16
0901200010708,09,012,0001,0708,Tlalpan,4664,776,3330,519,550,4034,2796,2737,59,1234,1598,1365,11.23
0901200010712,09,012,0001,0712,Tlalpan,2381,258,1644,479,235,2189,1306,1259,47,882,987,885,13.71
0901200010727,09,012,0001,0727,Tlalpan,2064,234,1397,431,182,1886,1026,1001,25,859,869,762,13.68
0901200010731,09,012,0001,0731,Tlalpan,1730,188,1173,364,142,1578,905,884,21,673,622,574,14.21
0901200010746,09,012,0001,0746,Tlalpan,1681,160,1141,377,153,1554,863,847,16,689,685,614,14.0
0901200010750,09,012,0001,0750,Tlalpan,1093,120,767,202,100,989,601,587,14,385,457,409,14.1
0901200010765,09,012,0001,0765,Tlalpan,2229,249,1498,482,200,2044,1178,1145,33,863,950,840,13.9
090120001077A,09,012,0001,077A,Tlalpan,5418,1102,3838,478,616,4590,2928,2872,56,1658,1600,1538,10.07
0901200010784,09,012,0001,0784,Tlalpan,3857,769,2697,391,401,3272,2155,2106,49,1112,1137,1080,10.79
0901200010799,09,012,0001,0799,Tlalpan,3477,623,2466,388,382,2990,1938,1894,44,1051,1093,1005,11.03
0901200010801,09,012,0001,0801,Tlalpan,3896,721,2785,377,435,3318,2117,2087,30,1199,1186,1115,10.81
0901200010816,09,012,0001,0816,Tlalpan,3627,649,2642,336,477,3146,2033,1974,59,1109,1036,997,10.2
0901200010820,09,012,0001,0820,Tlalpan,3260,553,2322,385,335,2842,1812,1802,10,1029,1043,964,11.4
0901200010835,09,012,0001,0835,Tlalpan,2361,404,1666,291,251,2058,1285,1258,27,770,738,676,11.66
090120001084A,09,012,0001,084A,Tlalpan,2339,420,1654,261,238,2020,1318,1293,25,701,827,702,12.79
0901200010854,09,012,0001,0854,Tlalpan,1138,153,811,174,112,1034,642,640,,387,396,345,14.79
0901200010869,09,012,0001,0869,Tlalpan,4651,874,3301,476,521,3988,2566,2482,84,1417,1407,1290,11.29
0901200010888,09,012,0001,0888,Tlalpan,4587,681,3412,494,448,4076,2813,2778,35,1255,1587,1524,12.04
0901200010892,09,012,0001,0892,Tlalpan,5607,926,4174,507,632,4879,3199,3124,75,1668,2021,1839,12.89
0901200010905,09,012,0001,0905,Tlalpan,4546,804,3235,507,466,3920,2468,2433,35,1449,1559,1406,11.64
090120001091A,09,012,0001,091A,Tlalpan,3968,670,2878,419,449,3451,2257,2198,59,1185,1240,1181,11.64
0901200010924,09,012,0001,0924,Tlalpan,5214,708,3774,732,446,4673,3181,3099,82,1486,2021,1831,13.44
0901200010939,09,012,0001,0939,Tlalpan,3144,442,2182,520,309,2807,1822,1776,46,983,1205,1061,13.37
0901200010943,09,012,0001,0943,Tlalpan,2352,278,1585,486,260,2142,1246,1227,19,889,815,743,13.39
0901200010958,09,012,0001,0958,Tlalpan,1529,137,962,430,138,1435,732,722,10,670,455,408,13.88
0901200010962,09,012,0001,0962,Tlalpan,1858,204,1344,310,187,1703,1093,1089,4,604,664,604,13.41
0901200010977,09,012,0001,0977,Tlalpan,221,34,155,32,19,195,133,133,0,62,96,74,13.21
0901200010981,09,012,0001,0981,Tlalpan,2639,359,1961,319,315,2369,1585,1552,33,781,820,770,12.6
0901200010996,09,012,0001,0996,Tlalpan,695,72,491,132,53,642,399,391,8,243,205,194,11.95
0901200011000,09,012,0001,1000,Tlalpan,1790,300,1286,204,231,1571,978,964,14,592,562,445,12.08
0901200011015,09,012,0001,1015,Tlalpan,1631,198,1195,238,184,1497,960,941,19,522,536,484,12.76
090120001102A,09,012,0001,102A,Tlalpan,3038,361,2151,526,259,2767,1830,1797,33,933,1202,1050,14.02
0901200011034,09,012,0001,1034,Tlalpan,1194,127,807,260,126,1101,657,637,20,440,425,384,14.68
0901200011049,09,012,0001,1049,Tlalpan,37,,29,6,10,35,19,19,0,16,11,10,15.03
0901200011053,09,012,0001,1053,Tlalpan,1405,187,976,242,135,1258,842,821,21,414,621,524,15.2
0901200011068,09,012,0001,1068,Tlalpan,2082,259,1556,267,198,1891,1186,1167,19,699,726,677,13.14
0901200011072,09,012,0001,1072,Tlalpan,9407,1578,6651,1175,1041,8193,5151,5023,128,3016,2951,2768,12.21
0901200011087,09,012,0001,1087,Tlalpan,1070,90,791,189,117,1002,596,574,22,405,503,440,15.0
0901200011091,09,012,0001,1091,Tlalpan,977,84,720,173,117,914,601,583,18,313,476,419,14.97
0901200011104,09,012,0001,1104,Tlalpan,3069,524,2210,335,345,2675,1822,1780,42,849,1015,919,11.52
0901200011119,09,012,0001,1119,Tlalpan,4921,788,3497,560,498,4273,2796,2728,68,1471,1436,1357,11.1
0901200011123,09,012,0001,1123,Tlalpan,3913,629,2823,461,459,3419,2158,2088,70,1247,1139,1048,11.34
0901200011142,09,012,0001,1142,Tlalpan,3328,517,2476,335,351,2932,1980,1936,44,948,1121,1030,12.06
0901200011157,09,012,0001,1157,Tlalpan,5346,1059,3691,596,611,4571,2896,2852,44,1662,1667,1545,11.49
0901200011161,09,012,0001,1161,Tlalpan,5990,967,4281,742,675,5263,3352,3282,70,1901,1792,1659,11.4
0901200011176,09,012,0001,1176,Tlalpan,3254,666,2215,368,361,2718,1714,1681,33,998,964,878,11.22
0901200011195,09,012,0001,1195,Tlalpan,5300,1054,3706,540,612,4493,2922,2865,57,1564,1544,1429,10.69
0901200011212,09,012,0001,1212,Tlalpan,3550,897,2430,223,428,2838,1970,1943,27,861,942,838,9.3
0901200011299,09,012,0001,1299,Tlalpan,5328,948,3776,584,601,4583,2998,2901,97,1579,1529,1462,10.75
0901200011316,09,012,0001,1316,Tlalpan,6902,1312,4913,677,753,5885,4158,4096,62,1719,2003,1867,11.23
0901200011369,09,012,0001,1369,Tlalpan,5374,1032,3834,507,624,4575,2978,2922,56,1589,1623,1516,10.35
0901200011388,09,012,0001,1388,Tlalpan,3739,703,2648,388,412,3200,2059,2010,49,1137,1141,1069,10.92
0901200011424,09,012,0001,1424,Tlalpan,4485,819,3177,488,475,3821,2460,2391,69,1354,1372,1292,11.11
0901200011439,09,012,0001,1439,Tlalpan,3716,705,2628,383,389,3178,2077,2028,49,1098,1152,1034,11.13
0901200011443,09,012,0001,1443,Tlalpan,4658,932,3297,429,556,3957,2487,2454,33,1463,1423,1332,10.51
0901200011458,09,012,0001,1458,Tlalpan,3878,767,2719,389,436,3303,2136,2097,39,1162,1187,1112,10.77
0901200011462,09,012,0001,1462,Tlalpan,11014,2173,8020,819,1225,9318,6316,6201,115,2986,3560,3235,11.5
0901200011477,09,012,0001,1477,Tlalpan,6749,1529,4690,530,742,5571,3741,3655,86,1822,1865,1774,10.17
0901200011481,09,012,0001,1481,Tlalpan,5592,1191,3887,507,633,4654,3008,2965,43,1643,1721,1628,10.73
0901200011496,09,012,0001,1496,Tlalpan,8186,1786,5680,648,973,6706,4256,4185,71,2434,2319,2276,9.41
0901200011509,09,012,0001,1509,Tlalpan,5341,1298,3672,371,607,4331,2733,2693,40,1594,1515,1455,9.39
0901200011513,09,012,0001,1513,Tlalpan,5884,1396,4074,413,665,4801,3125,3068,57,1665,1698,1574,9.93
0901200011547,09,012,0001,1547,Tlalpan,2859,598,2090,171,327,2389,1600,1583,17,781,750,697,10.88
0901200011566,09,012,0001,1566,Tlalpan,305,55,225,25,31,264,163,161,,101,82,77,11.85
0901200011570,09,012,0001,1570,Tlalpan,7052,1402,5165,485,795,5967,3871,3802,69,2084,2196,2035,10.94
0901200011585,09,012,0001,1585,Tlalpan,1883,403,1319,161,194,1568,1116,1083,33,446,482,459,10.88
090120001159A,09,012,0001,159A,Tlalpan,3741,791,2662,288,455,3124,2128,2092,36,979,1086,992,11.02
0901200011602,09,012,0001,1602,Tlalpan,5746,1466,3942,338,721,4619,2940,2899,41,1672,1461,1322,10.07
0901200011617,09,012,0001,1617,Tlalpan,6711,1682,4670,354,845,5401,3491,3457,34,1898,1906,1719,9.88
0901200011621,09,012,0001,1621,Tlalpan,5835,1199,4191,445,696,4907,3379,3335,44,1508,1750,1602,11.14
0901200011636,09,012,0001,1636,Tlalpan,4273,844,3076,353,530,3618,2457,2395,62,1152,1332,1159,11.22
0901200011640,09,012,0001,1640,Tlalpan,7425,1459,5416,550,884,6304,4129,4030,99,2170,2218,2022,10.91
0901200011655,09,012,0001,1655,Tlalpan,1380,354,969,57,185,1110,755,748,7,352,372,352,9.43
090120001173A,09,012,0001,173A,Tlalpan,1732,440,1222,70,266,1375,941,922,19,429,491,453,8.92
0901200011744,09,012,0001,1744,Tlalpan,4101,877,2895,329,473,3447,2159,2108,51,1281,1164,1070,10.65
0901200011759,09,012,0001,1759,Tlalpan,6,,,,,,,,,,1,1,
0901200011890,09,012,0001,1890,Tlalpan,434,64,315,55,45,381,266,261,5,115,120,117,11.74
0901200011903,09,012,0001,1903,Tlalpan,1255,190,930,135,131,1110,739,721,18,367,487,436,11.77
0901200011918,09,012,0001,1918,Tlalpan,2803,315,1912,576,247,2572,1562,1520,42,1007,1056,971,14.59
0901200011922,09,012,0001,1922,Tlalpan,1080,125,743,212,93,978,592,569,23,386,518,449,14.6
0901200011937,09,012,0001,1937,Tlalpan,1884,234,1294,356,146,1711,1023,1002,21,688,703,645,13.24
0901200011941,09,012,0001,1941,Tlalpan,1424,196,974,252,120,1273,780,755,25,493,523,477,13.51
0901200011956,09,012,0001,1956,Tlalpan,3097,367,2081,649,333,2823,1721,1702,19,1101,1066,957,14.43
0901200011960,09,012,0001,1960,Tlalpan,2219,255,1538,426,260,2032,1255,1236,19,769,822,700,14.57
0901200011975,09,012,0001,1975,Tlalpan,4266,526,3148,592,499,3878,2344,2291,53,1532,1613,1454,13.76
090120001198A,09,012,0001,198A,Tlalpan,1589,222,1042,322,175,1414,769,738,31,645,557,516,13.11
0901200011994,09,012,0001,1994,Tlalpan,3188,652,2267,269,319,2698,1397,1372,25,1298,1143,1038,14.09
0901200012009,09,012,0001,2009,Tlalpan,7701,1519,5529,629,904,6496,4155,4041,114,2336,2452,2147,11.17
0901200012013,09,012,0001,2013,Tlalpan,8368,1638,5928,799,974,7071,4404,4287,117,2656,2557,2231,10.95
0901200012047,09,012,0001,2047,Tlalpan,5793,1294,4099,400,680,4791,3078,3016,62,1709,1637,1527,9.61
0901200012051,09,012,0001,2051,Tlalpan,4700,1082,3288,330,591,3851,2588,2547,41,1261,1371,1318,9.66
0901200012066,09,012,0001,2066,Tlalpan,3434,464,2548,416,316,3063,2040,2004,36,1020,1301,1192,13.5
0901200012070,09,012,0001,2070,Tlalpan,1962,215,1476,271,183,1796,1112,1079,33,680,778,703,14.06
0901200012085,09,012,0001,2085,Tlalpan,2529,348,1931,250,252,2272,1466,1438,28,805,1081,941,13.73
0901200012102,09,012,0001,2102,Tlalpan,2730,356,1942,432,241,2464,1627,1581,46,837,1160,990,14.79
0901200012121,09,012,0001,2121,Tlalpan,13974,2284,10272,1418,1729,12270,7931,7754,177,4320,4434,4119,13.0
0901200012136,09,012,0001,2136,Tlalpan,4691,824,3390,477,555,4055,2504,2450,54,1542,1389,1292,11.39
0901200012140,09,012,0001,2140,Tlalpan,6515,1151,4739,623,711,5626,3495,3439,56,2125,2017,1810,12.37
0901200012155,09,012,0001,2155,Tlalpan,4856,1015,3792,49,1864,4081,1278,1244,34,2802,872,744,11.78
090120001216A,09,012,0001,216A,Tlalpan,3015,430,2213,372,321,2667,1596,1530,66,1070,1308,1080,14.42
0901200012174,09,012,0001,2174,Tlalpan,1993,271,1448,274,170,1784,1118,1079,39,666,929,768,14.11
0901200012189,09,012,0001,2189,Tlalpan,5279,976,3803,500,578,4516,3043,2965,78,1466,1604,1507,11.78
0901200012193,09,012,0001,2193,Tlalpan,5723,1127,4176,420,661,4841,3264,3211,53,1568,1807,1671,11.23
0901200012206,09,012,0001,2206,Tlalpan,4752,1101,3458,193,636,3865,2631,2537,94,1230,1290,1185,9.17
0901200012210,09,012,0001,2210,Tlalpan,4455,982,3271,202,590,3681,2535,2472,63,1119,1333,1204,9.99
0901200012225,09,012,0001,2225,Tlalpan,6664,1579,4755,330,848,5444,3849,3796,53,1587,1790,1733,9.55
090120001223A,09,012,0001,223A,Tlalpan,7153,1461,5074,588,833,5981,3925,3811,114,2042,2071,1952,10.55
0901200012244,09,012,0001,2244,Tlalpan,2254,328,1655,271,220,2004,1515,1478,37,485,868,765,13.39
0901200012259,09,012,0001,2259,Tlalpan,1778,286,1219,273,166,1544,1060,1028,32,478,628,574,13.03
0901200012263,09,012,0001,2263,Tlalpan,6035,1293,4262,480,693,5024,3224,3150,74,1784,1733,1645,10.77
0901200012278,09,012,0001,2278,Tlalpan,3299,671,2409,219,415,2788,1807,1786,21,972,876,839,10.25
0901200012282,09,012,0001,2282,Tlalpan,5014,1073,3639,302,629,4182,2844,2775,69,1336,1572,1393,11.14
0901200012333,09,012,0001,2333,Tlalpan,264,71,183,10,38,207,135,134,,72,63,59,7.61
0901200012348,09,012,0001,2348,Tlalpan,638,151,461,26,106,515,348,340,8,167,175,155,9.3
0901200012352,09,012,0001,2352,Tlalpan,915,204,660,50,122,762,513,505,8,245,262,219,10.21
0901200012367,09,012,0001,2367,Tlalpan,22,6,12,4,0,19,7,7,0,12,13,8,14.13
0901200012371,09,012,0001,2371,Tlalpan,17,,14,,4,16,9,8,,7,4,4,13.73
0901200012386,09,012,0001,2386,Tlalpan,153,45,102,6,18,117,81,80,,36,45,40,9.08
0901200012441,09,012,0001,2441,Tlalpan,10407,2118,7528,740,1250,8753,5473,5315,158,3259,3139,2750,10.78
0901200012456,09,012,0001,2456,Tlalpan,2522,497,1831,194,293,2138,1395,1343,52,732,748,651,10.75
0901200192460,09,012,0019,2460,Tlalpan,1532,374,1078,80,215,1236,771,759,12,461,521,402,9.35
0901200192475,09,012,0019,2475,Tlalpan,1665,445,1101,119,181,1302,792,764,28,506,457,404,8.48
0901200261528,09,012,0026,1528,Tlalpan,7452,1746,5189,514,923,6090,3945,3871,74,2133,2212,1917,9.74
0901200261532,09,012,0026,1532,Tlalpan,6957,1723,4774,460,838,5605,3751,3689,62,1836,2062,1838,9.45
090120026166A,09,012,0026,166A,Tlalpan,1406,296,1024,86,169,1171,772,750,22,399,471,380,9.85
0901200261674,09,012,0026,1674,Tlalpan,6579,1471,4576,472,813,5359,3527,3452,75,1822,2012,1789,10.01
0901200261689,09,012,0026,1689,Tlalpan,3496,834,2483,179,424,2856,1825,1813,12,1028,1063,933,10.23
0901200261693,09,012,0026,1693,Tlalpan,238,51,165,22,29,197,177,177,0,20,89,73,11.0
0901200261706,09,012,0026,1706,Tlalpan,1747,391,1232,124,202,1441,1003,992,11,436,611,458,10.59
0901200261710,09,012,0026,1710,Tlalpan,785,157,574,54,98,669,440,434,6,226,289,215,9.95
0901200262297,09,012,0026,2297,Tlalpan,1773,378,1287,108,227,1488,1013,990,23,475,601,452,10.0
0901200262314,09,012,0026,2314,Tlalpan,71,12,52,7,9,62,42,42,0,20,38,23,11.32
0901200262329,09,012,0026,2329,Tlalpan,357,64,269,24,51,309,214,211,3,95,138,107,10.86
0901200262390,09,012,0026,2390,Tlalpan,65,15,43,7,8,50,31,31,0,19,23,20,11.0
0901200262403,09,012,0026,2403,Tlalpan,2553,657,1779,117,307,2034,1428,1392,36,603,877,649,8.73
0901200262418,09,012,0026,2418,Tlalpan,2997,756,2121,120,382,2390,1667,1620,47,720,1083,823,8.7
0901200262437,09,012,0026,2437,Tlalpan,505,113,376,16,66,414,285,276,9,127,177,134,9.8
090120026248A,09,012,0026,248A,Tlalpan,301,97,195,9,20,226,138,134,4,87,116,79,8.94
0901200271763,09,012,0027,1763,Tlalpan,3975,889,2848,238,528,3294,2222,2202,20,1068,1269,1038,10.26
0901200271778,09,012,0027,1778,Tlalpan,5838,1552,3940,346,680,4623,3168,3126,42,1442,1596,1441,8.92
0901200271782,09,012,0027,1782,Tlalpan,6970,1771,4813,386,888,5578,3654,3563,91,1912,1934,1741,9.28
0901200271797,09,012,0027,1797,Tlalpan,9291,2394,6502,395,1248,7486,4988,4867,121,2479,2645,2351,9.25
090120027180A,09,012,0027,180A,Tlalpan,1369,286,995,88,175,1139,776,755,21,362,496,373,10.24
0901200272028,09,012,0027,2028,Tlalpan,4151,1000,2818,333,511,3379,2121,2074,47,1246,1094,993,9.39
0901200272032,09,012,0027,2032,Tlalpan,4369,1041,2974,354,526,3547,2338,2275,63,1204,1150,1059,9.46
090120027230A,09,012,0027,230A,Tlalpan,1924,392,1432,100,274,1616,1099,1067,32,516,640,506,9.7
0901200272422,09,012,0027,2422,Tlalpan,3200,753,2280,167,385,2627,1712,1670,42,842,966,808,9.52
0901201351227,09,012,0135,1227,Tlalpan,4058,1165,2766,125,502,3143,2249,2202,47,890,1444,1030,8.88
0901300010014,09,013,0001,0014,Xochimilco,6567,1094,4623,850,647,5726,3630,3540,90,2091,2189,1964,12.01
0901300010029,09,013,0001,0029,Xochimilco,2146,244,1417,485,209,1962,1162,1116,46,799,751,654,13.68
0901300010033,09,013,0001,0033,Xochimilco,2991,305,2013,670,277,2760,1547,1512,35,1207,1166,1046,14.44
0901300010052,09,013,0001,0052,Xochimilco,202,58,141,3,34,158,102,97,5,56,56,50,8.58
0901300010067,09,013,0001,0067,Xochimilco,8457,1277,6023,1157,946,7510,4663,4537,126,2836,2754,2518,12.68
0901300010086,09,013,0001,0086,Xochimilco,2233,293,1643,297,229,2005,1386,1360,26,616,825,735,13.01
0901300010090,09,013,0001,0090,Xochimilco,7010,1929,4837,244,946,5496,3744,3645,99,1741,2054,1845,8.76
0901300010122,09,013,0001,0122,Xochimilco,3234,512,2259,463,332,2859,1593,1545,48,1260,968,857,12.26
0901300010137,09,013,0001,0137,Xochimilco,3296,587,2263,443,338,2832,1739,1697,42,1081,938,825,11.4
0901300010160,09,013,0001,0160,Xochimilco,4044,633,2816,595,416,3568,2111,2073,38,1455,1423,1257,13.03
0901300010175,09,013,0001,0175,Xochimilco,566,67,419,80,73,527,292,285,7,235,212,188,14.29
090130001018A,09,013,0001,018A,Xochimilco,1228,136,855,237,131,1137,631,591,40,503,479,425,13.29
0901300010194,09,013,0001,0194,Xochimilco,766,100,534,132,73,690,436,421,15,252,326,276,13.8
0901300010207,09,013,0001,0207,Xochimilco,2878,392,1894,592,250,2599,1425,1355,70,1171,1044,951,13.76
0901300010211,09,013,0001,0211,Xochimilco,4509,733,3209,567,494,3940,2415,2353,62,1519,1356,1218,11.86
0901300010226,09,013,0001,0226,Xochimilco,1917,292,1320,305,209,1706,959,932,27,737,582,525,11.77
0901300010230,09,013,0001,0230,Xochimilco,2926,476,2051,399,321,2554,1510,1446,64,1042,851,758,11.88
0901300010245,09,013,0001,0245,Xochimilco,2286,354,1611,321,207,2009,1194,1175,19,815,714,668,11.22
090130001025A,09,013,0001,025A,Xochimilco,3457,561,2438,458,367,3030,1786,1768,18,1242,1083,1017,11.34
0901300010279,09,013,0001,0279,Xochimilco,4570,1067,3097,406,547,3755,2457,2423,34,1290,1210,1101,10.39
0901300010283,09,013,0001,0283,Xochimilco,5623,1082,3937,596,613,4771,2986,2921,65,1771,1712,1539,11.07
0901300010298,09,013,0001,0298,Xochimilco,10318,1894,7550,874,1196,8849,5632,5481,151,3213,3190,2956,11.76
0901300010300,09,013,0001,0300,Xochimilco,880,196,595,89,80,724,445,427,18,277,264,233,11.62
0901300010315,09,013,0001,0315,Xochimilco,2045,218,1304,523,171,1882,980,951,29,902,741,660,14.56
090130001032A,09,013,0001,032A,Xochimilco,13,,,,,,,,,,4,2,
0901300010334,09,013,0001,0334,Xochimilco,6075,1100,4261,714,652,5211,3349,3273,76,1856,1963,1693,11.91
0901300010353,09,013,0001,0353,Xochimilco,5085,1017,3454,614,516,4299,2627,2582,45,1670,1392,1244,10.99
0901300010368,09,013,0001,0368,Xochimilco,11731,2678,8058,993,1421,9631,6209,6079,130,3414,3400,2970,10.42
0901300010372,09,013,0001,0372,Xochimilco,5104,983,3606,515,626,4359,2637,2562,75,1710,1375,1275,10.87
0901300010387,09,013,0001,0387,Xochimilco,6531,1296,4599,636,724,5529,3328,3244,84,2195,1804,1674,10.81
0901300010391,09,013,0001,0391,Xochimilco,2513,425,1848,240,323,2183,1312,1274,38,870,825,718,12.66
0901300010404,09,013,0001,0404,Xochimilco,2374,369,1752,253,249,2088,1322,1296,26,761,974,833,12.87
0901300010419,09,013,0001,0419,Xochimilco,4481,638,3209,634,505,4003,2441,2361,80,1558,1552,1400,12.18
0901300010423,09,013,0001,0423,Xochimilco,939,199,660,80,111,780,547,533,14,232,296,269,10.53
0901300010438,09,013,0001,0438,Xochimilco,1537,334,1089,114,205,1286,833,820,13,450,443,400,10.7
0901300010442,09,013,0001,0442,Xochimilco,4369,845,3077,444,485,3717,2322,2271,51,1393,1335,1192,11.83
0901300010461,09,013,0001,0461,Xochimilco,6559,1396,4579,584,720,5510,3397,3308,89,2106,1949,1758,10.66
0901300010480,09,013,0001,0480,Xochimilco,6753,1420,4686,647,828,5651,3542,3465,77,2104,1912,1762,10.54
0901300010495,09,013,0001,0495,Xochimilco,536,94,378,64,66,462,290,279,11,172,173,152,11.14
0901300010508,09,013,0001,0508,Xochimilco,6807,1372,4865,568,805,5738,3691,3603,88,2039,2061,1878,10.91
0901300010527,09,013,0001,0527,Xochimilco,6453,1381,4493,576,768,5372,3596,3551,45,1775,1831,1642,10.79
0901300010550,09,013,0001,0550,Xochimilco,3162,602,2116,444,323,2696,1534,1498,36,1155,902,833,11.3
0901300010565,09,013,0001,0565,Xochimilco,2947,508,2017,422,323,2571,1560,1533,27,1010,873,792,11.22
090130001057A,09,013,0001,057A,Xochimilco,269,50,183,36,30,232,127,126,,99,86,77,10.71
0901300010599,09,013,0001,0599,Xochimilco,5132,315,4641,176,427,4897,2159,2152,7,2736,491,407,8.58
0901300010601,09,013,0001,0601,Xochimilco,5831,1298,4019,514,679,4843,3133,3062,71,1703,1588,1431,10.49
090130001064A,09,013,0001,064A,Xochimilco,3126,587,2189,350,337,2691,1723,1677,46,964,1002,848,11.36
0901300010654,09,013,0001,0654,Xochimilco,3725,769,2555,401,426,3125,1977,1928,49,1145,1137,1001,10.78
0901300010669,09,013,0001,0669,Xochimilco,3864,830,2726,308,494,3224,1917,1818,99,1302,1019,930,9.66
0901300010688,09,013,0001,0688,Xochimilco,4942,1104,3408,430,573,4095,2623,2567,56,1458,1396,1275,10.36
0901300010692,09,013,0001,0692,Xochimilco,11447,2569,8110,768,1375,9474,6145,5998,147,3318,3394,2966,10.31
0901300010705,09,013,0001,0705,Xochimilco,913,257,623,33,127,700,455,454,,242,242,227,8.82
090130001071A,09,013,0001,071A,Xochimilco,691,155,501,35,91,582,373,368,5,209,211,183,11.19
0901300010724,09,013,0001,0724,Xochimilco,934,266,631,37,134,715,509,500,9,204,242,218,9.22
0901300010739,09,013,0001,0739,Xochimilco,2840,695,1999,146,353,2287,1674,1660,14,611,776,724,8.67
0901300010743,09,013,0001,0743,Xochimilco,6722,1464,4808,450,801,5597,3654,3567,87,1941,1913,1738,10.26
0901300010758,09,013,0001,0758,Xochimilco,4419,1016,3119,284,514,3635,2406,2351,55,1225,1279,1101,10.1
0901300010762,09,013,0001,0762,Xochimilco,1530,358,1089,83,187,1268,807,786,21,460,461,400,10.22
0901300010777,09,013,0001,0777,Xochimilco,2101,431,1470,200,237,1774,1166,1149,17,606,585,535,10.96
0901300010809,09,013,0001,0809,Xochimilco,877,240,609,28,115,689,435,430,5,253,261,223,9.26
0901300010813,09,013,0001,0813,Xochimilco,4180,947,3005,228,513,3434,2326,2267,59,1105,1201,1053,10.37
0901300010828,09,013,0001,0828,Xochimilco,3434,788,2418,228,437,2809,1757,1701,56,1046,941,832,10.25
0901300010832,09,013,0001,0832,Xochimilco,754,160,549,45,91,629,439,434,5,185,234,198,9.94
0901300010847,09,013,0001,0847,Xochimilco,1243,286,878,79,137,1011,659,640,19,351,395,323,10.43
0901300010851,09,013,0001,0851,Xochimilco,2606,752,1744,98,345,2013,1248,1235,13,764,708,607,9.13
0901300010866,09,013,0001,0866,Xochimilco,2156,533,1523,100,321,1732,1106,1081,25,625,575,522,9.25
0901300010870,09,013,0001,0870,Xochimilco,2133,516,1515,102,274,1719,1116,1101,15,603,614,532,9.38
0901300010885,09,013,0001,0885,Xochimilco,1161,259,844,58,144,965,630,611,19,334,342,294,9.76
090130001089A,09,013,0001,089A,Xochimilco,867,237,584,46,110,684,460,438,22,221,274,226,9.43
0901300010917,09,013,0001,0917,Xochimilco,1860,300,1256,304,169,1623,993,972,21,619,599,543,12.37
0901300011027,09,013,0001,1027,Xochimilco,5389,984,3838,561,621,4608,2918,2842,76,1686,1587,1422,11.01
0901300011031,09,013,0001,1031,Xochimilco,8257,1805,5826,626,958,6834,4394,4308,86,2427,2213,2044,10.06
0901300011046,09,013,0001,1046,Xochimilco,2097,301,1447,343,185,1881,1202,1167,35,674,714,671,12.09
0901300011050,09,013,0001,1050,Xochimilco,4156,779,2931,440,477,3557,2176,2108,68,1378,1266,1148,11.01
0901300011065,09,013,0001,1065,Xochimilco,4032,526,2912,594,413,3647,2378,2297,81,1263,1388,1247,13.42
090130001107A,09,013,0001,107A,Xochimilco,3253,456,2257,540,322,2908,1676,1602,74,1229,1089,977,12.88
0901300011084,09,013,0001,1084,Xochimilco,2950,610,2001,339,346,2482,1584,1558,26,895,699,647,10.84
0901300011099,09,013,0001,1099,Xochimilco,2830,679,1889,262,312,2293,1451,1430,21,842,749,689,10.52
0901300011101,09,013,0001,1101,Xochimilco,4781,1208,3262,311,624,3827,2600,2561,39,1219,1303,1199,9.59
0901300011116,09,013,0001,1116,Xochimilco,2848,570,1963,315,293,2407,1515,1490,25,888,755,696,10.74
0901300011120,09,013,0001,1120,Xochimilco,2499,452,1731,316,246,2147,1377,1333,44,765,662,602,11.65
0901300011135,09,013,0001,1135,Xochimilco,4026,909,2878,237,489,3313,2298,2274,24,1005,1147,1051,10.27
090130001114A,09,013,0001,114A,Xochimilco,6318,1450,4450,418,796,5174,3607,3569,38,1557,1642,1514,9.82
0901300011154,09,013,0001,1154,Xochimilco,7460,1583,5187,690,866,6190,3795,3720,75,2387,2182,1959,10.16
0901300011169,09,013,0001,1169,Xochimilco,11635,2789,8046,792,1470,9431,6084,5941,143,3333,3196,2854,9.56
0901300011173,09,013,0001,1173,Xochimilco,5729,1124,4067,538,671,4851,3059,2986,73,1788,1541,1431,10.85
0901300011188,09,013,0001,1188,Xochimilco,6177,1269,4339,569,725,5180,3137,3063,74,2024,1758,1593,10.6
0901300011192,09,013,0001,1192,Xochimilco,9781,2058,6932,791,1205,8201,4979,4875,104,3213,2789,2495,10.09
0901300011205,09,013,0001,1205,Xochimilco,698,136,501,61,80,597,355,354,,242,197,177,10.91
090130001121A,09,013,0001,121A,Xochimilco,7212,1427,5264,521,866,6091,4023,3940,83,2065,2106,1940,10.62
0901300011224,09,013,0001,1224,Xochimilco,6729,1204,4931,594,765,5810,3768,3668,100,2029,2019,1858,11.44
0901300011239,09,013,0001,1239,Xochimilco,4240,693,3016,531,411,3710,2423,2361,62,1275,1271,1194,11.84
0901300011243,09,013,0001,1243,Xochimilco,46,7,36,3,,40,27,26,,13,23,19,13.92
0901300011262,09,013,0001,1262,Xochimilco,2986,369,2365,252,414,2741,1670,1606,64,1068,1000,878,13.77
0901300011277,09,013,0001,1277,Xochimilco,55,23,31,,7,33,32,32,0,,12,12,4.47
0901300011296,09,013,0001,1296,Xochimilco,2160,530,1528,102,257,1741,1140,1101,39,599,632,542,9.33
0901300011309,09,013,0001,1309,Xochimilco,1210,282,838,90,132,987,630,611,19,355,342,309,10.13
0901300011313,09,013,0001,1313,Xochimilco,4863,1003,3462,398,547,4083,2573,2514,59,1506,1432,1277,10.57
0901300011328,09,013,0001,1328,Xochimilco,8341,2009,5783,549,917,6767,4327,4218,109,2432,2342,2130,9.73
0901300011332,09,013,0001,1332,Xochimilco,5578,787,3964,827,609,4983,3096,3003,93,1883,1672,1556,11.84
0901300011347,09,013,0001,1347,Xochimilco,1530,243,1160,127,134,1337,885,873,12,448,741,617,14.72
0901300011366,09,013,0001,1366,Xochimilco,5812,1171,4071,426,710,4766,3107,3066,41,1648,1781,1607,10.19
0901300011370,09,013,0001,1370,Xochimilco,4391,881,3161,349,544,3727,2231,2157,74,1489,1312,1209,10.94
0901300011385,09,013,0001,1385,Xochimilco,2068,237,1648,183,278,1886,1178,1122,56,708,686,603,13.81
090130001139A,09,013,0001,139A,Xochimilco,1719,237,1350,132,207,1549,938,878,60,611,563,487,14.05
0901300011402,09,013,0001,1402,Xochimilco,3227,723,2338,166,453,2652,1693,1661,32,955,892,815,9.24
0901300011417,09,013,0001,1417,Xochimilco,2212,515,1601,96,309,1813,1246,1200,46,564,677,569,9.46
0901300011421,09,013,0001,1421,Xochimilco,1247,247,907,93,161,1063,624,606,18,435,355,327,10.6
0901300011436,09,013,0001,1436,Xochimilco,2325,550,1672,103,294,1907,1236,1190,46,671,697,587,9.16
0901300011440,09,013,0001,1440,Xochimilco,4557,1168,3171,218,603,3657,2555,2498,57,1094,1400,1147,8.7
0901300011455,09,013,0001,1455,Xochimilco,2154,528,1504,122,277,1742,1163,1140,23,579,631,514,9.82
090130001146A,09,013,0001,146A,Xochimilco,2687,673,1883,130,323,2165,1425,1403,22,735,873,710,9.06
0901300011474,09,013,0001,1474,Xochimilco,1442,359,1019,64,152,1166,774,755,19,387,414,354,9.21
0901300011489,09,013,0001,1489,Xochimilco,648,176,440,32,90,508,328,327,,179,187,172,8.81
0901300011493,09,013,0001,1493,Xochimilco,1896,472,1341,83,235,1511,928,907,21,582,528,459,8.85
0901300011506,09,013,0001,1506,Xochimilco,840,202,595,43,102,686,437,433,4,247,262,219,10.18
0901300011510,09,013,0001,1510,Xochimilco,424,100,292,32,50,341,239,236,3,102,125,107,9.53
0901300011525,09,013,0001,1525,Xochimilco,1151,262,821,68,164,954,618,603,15,336,338,302,10.89
0901300011544,09,013,0001,1544,Xochimilco,107,26,76,5,10,85,52,50,,33,30,22,9.77
0901300011559,09,013,0001,1559,Xochimilco,2475,656,1724,95,323,1947,1204,1191,13,740,702,590,8.71
0901300011563,09,013,0001,1563,Xochimilco,323,81,218,24,42,263,159,157,,96,93,83,9.0
0901300011578,09,013,0001,1578,Xochimilco,35,8,25,,10,28,24,23,,4,12,8,7.15
0901400010011,09,014,0001,0011,Benito Juárez,3973,447,3000,526,290,3617,2675,2637,38,936,1950,1662,14.62
0901400010026,09,014,0001,0026,Benito Juárez,4161,459,3185,516,305,3798,2786,2730,56,1004,2081,1782,14.68
0901400010030,09,014,0001,0030,Benito Juárez,5366,672,4035,659,385,4840,3478,3418,60,1360,2469,2230,14.36
0901400010045,09,014,0001,0045,Benito Juárez,3480,389,2588,503,271,3184,2250,2211,39,934,1766,1451,15.19
090140001005A,09,014,0001,005A,Benito Juárez,5914,700,4373,841,401,5324,3862,3785,77,1456,2644,2348,14.97
0901400010064,09,014,0001,0064,Benito Juárez,4064,415,3080,568,333,3736,2642,2589,53,1090,1926,1677,14.6
0901400010079,09,014,0001,0079,Benito Juárez,6309,634,4768,907,501,5799,4152,4067,85,1640,2953,2653,14.33
0901400010083,09,014,0001,0083,Benito Juárez,4930,428,3711,790,344,4596,3293,3216,77,1297,2472,2145,14.69
0901400010098,09,014,0001,0098,Benito Juárez,6213,773,4677,763,427,5578,4140,4061,79,1435,2885,2591,14.67
0901400010100,09,014,0001,0100,Benito Juárez,1983,205,1506,272,158,1816,1271,1226,45,538,944,843,14.2
0901400010115,09,014,0001,0115,Benito Juárez,5163,663,3832,668,374,4637,3307,3219,88,1317,2319,2094,14.28
090140001012A,09,014,0001,012A,Benito Juárez,5644,697,4252,695,442,5104,3582,3507,75,1491,2461,2267,14.27
0901400010134,09,014,0001,0134,Benito Juárez,5075,604,3802,668,432,4596,3211,3128,83,1379,2307,2065,14.4
0901400010149,09,014,0001,0149,Benito Juárez,3398,429,2551,417,268,3061,2162,2124,38,890,1498,1358,14.06
0901400010153,09,014,0001,0153,Benito Juárez,2901,415,2042,444,261,2573,1672,1631,41,897,1082,999,12.87
0901400010168,09,014,0001,0168,Benito Juárez,1670,190,1240,240,149,1523,1063,1043,20,453,723,650,13.44
0901400010172,09,014,0001,0172,Benito Juárez,1828,190,1342,296,157,1672,1132,1104,28,536,758,689,13.81
0901400010187,09,014,0001,0187,Benito Juárez,6913,874,5136,902,509,6200,4395,4318,77,1800,3014,2661,14.15
0901400010191,09,014,0001,0191,Benito Juárez,4213,498,3129,584,272,3819,2776,2718,58,1041,2072,1787,15.0
0901400010204,09,014,0001,0204,Benito Juárez,6314,712,4821,781,351,5709,4308,4227,81,1397,3093,2839,15.46
0901400010219,09,014,0001,0219,Benito Juárez,4029,461,3124,444,245,3645,2802,2772,30,830,2078,1810,15.57
0901400010223,09,014,0001,0223,Benito Juárez,1127,92,820,215,62,1057,746,729,17,303,621,521,15.33
0901400010238,09,014,0001,0238,Benito Juárez,6776,736,4981,1057,468,6190,4521,4391,130,1660,3505,2824,15.11
0901400010242,09,014,0001,0242,Benito Juárez,4514,561,3459,492,307,4075,2963,2908,55,1094,2197,1872,15.21
0901400010257,09,014,0001,0257,Benito Juárez,7766,842,5882,1042,565,7084,5077,4976,101,1990,3720,3202,14.69
0901400010261,09,014,0001,0261,Benito Juárez,8246,822,6171,1253,617,7583,5547,5445,102,2020,4011,3416,14.65
0901400010276,09,014,0001,0276,Benito Juárez,4686,488,3530,668,347,4286,3088,3069,19,1192,2319,1988,14.67
0901400010280,09,014,0001,0280,Benito Juárez,2417,222,1730,465,222,2253,1409,1400,9,841,1047,913,13.89
0901400010295,09,014,0001,0295,Benito Juárez,2208,299,1612,297,170,1970,1337,1303,34,632,908,833,13.89
0901400010308,09,014,0001,0308,Benito Juárez,3867,482,2857,528,305,3498,2276,2236,40,1216,1693,1491,13.97
0901400010312,09,014,0001,0312,Benito Juárez,2167,243,1514,410,209,1993,1216,1171,45,771,796,755,13.62
0901400010327,09,014,0001,0327,Benito Juárez,1777,223,1205,349,135,1610,1032,1008,24,577,675,609,13.85
0901400010331,09,014,0001,0331,Benito Juárez,2619,302,1832,485,233,2379,1528,1490,38,835,1149,960,13.83
0901400010346,09,014,0001,0346,Benito Juárez,5180,649,3927,604,350,4624,3499,3432,67,1117,2415,2198,14.83
0901400010350,09,014,0001,0350,Benito Juárez,3701,388,2808,505,207,3382,2551,2519,32,827,1755,1597,15.12
0901400010365,09,014,0001,0365,Benito Juárez,1729,141,1339,249,120,1616,1147,1124,23,467,887,791,14.6
090140001037A,09,014,0001,037A,Benito Juárez,2546,261,1936,349,138,2326,1783,1744,39,540,1455,1167,15.12
0901400010384,09,014,0001,0384,Benito Juárez,4103,502,3080,521,266,3687,2688,2643,45,949,2038,1814,15.62
0901400010399,09,014,0001,0399,Benito Juárez,4090,516,2924,650,289,3666,2615,2558,57,1047,2035,1686,15.13
0901400010401,09,014,0001,0401,Benito Juárez,5533,709,4012,812,373,4928,3580,3515,65,1346,2670,2263,15.21
0901400010416,09,014,0001,0416,Benito Juárez,3011,356,2248,406,246,2724,1983,1961,22,735,1466,1258,15.24
0901400010420,09,014,0001,0420,Benito Juárez,5609,640,4165,803,392,5072,3651,3569,82,1406,2856,2313,15.26
0901400010435,09,014,0001,0435,Benito Juárez,5570,621,4152,797,423,5083,3500,3438,62,1577,2781,2309,14.57
090140001044A,09,014,0001,044A,Benito Juárez,4368,453,3238,676,302,4011,2898,2845,53,1107,1974,1765,15.0
0901400010454,09,014,0001,0454,Benito Juárez,1940,215,1409,316,170,1763,1202,1187,15,559,901,767,14.63
0901400010469,09,014,0001,0469,Benito Juárez,7095,933,5274,887,579,6359,4561,4482,79,1794,3129,2785,13.83
0901400010473,09,014,0001,0473,Benito Juárez,1915,219,1359,337,175,1751,1340,1320,20,411,739,669,13.53
0901400010488,09,014,0001,0488,Benito Juárez,10448,1563,7715,1170,838,9208,6390,6220,170,2786,4175,3910,13.58
0901400010492,09,014,0001,0492,Benito Juárez,3322,446,2477,399,248,2976,2062,2006,56,912,1387,1325,14.21
0901400010505,09,014,0001,0505,Benito Juárez,3014,348,2212,454,271,2743,1834,1764,70,906,1274,1181,13.51
090140001051A,09,014,0001,051A,Benito Juárez,2793,316,1970,507,232,2546,1605,1547,58,940,1108,963,13.04
0901400010524,09,014,0001,0524,Benito Juárez,2763,309,1986,468,205,2524,1670,1616,54,845,1219,1043,12.95
0901400010539,09,014,0001,0539,Benito Juárez,2679,301,1919,459,238,2449,1621,1564,57,828,1180,980,13.39
0901400010543,09,014,0001,0543,Benito Juárez,5681,734,4293,654,402,5099,3762,3671,91,1328,2651,2375,14.27
0901400010558,09,014,0001,0558,Benito Juárez,2425,350,1785,290,144,2133,1591,1572,19,537,1146,1016,15.18
0901400010562,09,014,0001,0562,Benito Juárez,3819,406,2918,493,299,3470,2614,2591,23,839,1788,1620,14.91
0901400010577,09,014,0001,0577,Benito Juárez,6059,619,4610,830,357,5568,4279,4207,72,1281,3237,2857,15.1
0901400010581,09,014,0001,0581,Benito Juárez,521,57,347,117,39,480,310,306,4,170,212,175,14.67
0901400010596,09,014,0001,0596,Benito Juárez,3156,340,2236,578,250,2885,1949,1897,52,932,1457,1289,14.96
0901400010609,09,014,0001,0609,Benito Juárez,4320,450,3067,801,328,3950,2600,2552,48,1327,2176,1843,15.11
0901400010613,09,014,0001,0613,Benito Juárez,5414,604,3993,817,389,4932,3605,3550,55,1320,2681,2377,15.29
0901400010628,09,014,0001,0628,Benito Juárez,5347,557,3810,979,421,4915,3234,3164,70,1668,2315,2083,14.65
0901400010632,09,014,0001,0632,Benito Juárez,6933,789,5010,1133,547,6331,4255,4135,120,2069,3109,2772,14.55
0901400010647,09,014,0001,0647,Benito Juárez,5658,785,4116,757,490,5060,3471,3397,74,1577,2222,2015,12.96
0901400010651,09,014,0001,0651,Benito Juárez,6444,908,4706,830,606,5754,3893,3804,89,1846,2535,2322,12.92
0901400010666,09,014,0001,0666,Benito Juárez,3479,488,2600,388,314,3097,2177,2144,33,916,1589,1319,13.93
0901400010670,09,014,0001,0670,Benito Juárez,6796,905,5087,804,585,6077,4340,4250,90,1731,2802,2580,14.21
0901400010685,09,014,0001,0685,Benito Juárez,4576,650,3324,602,371,4059,2901,2831,70,1158,1917,1729,13.92
090140001069A,09,014,0001,069A,Benito Juárez,1735,207,1289,238,125,1569,1125,1101,24,438,909,731,14.32
0901400010702,09,014,0001,0702,Benito Juárez,4122,448,3004,670,345,3773,2604,2541,63,1160,1979,1723,14.95
0901400010717,09,014,0001,0717,Benito Juárez,1190,131,809,250,88,1085,740,724,16,345,513,463,14.68
0901400010721,09,014,0001,0721,Benito Juárez,4471,544,3157,770,340,4052,2685,2620,65,1349,1952,1771,14.69
0901400010736,09,014,0001,0736,Benito Juárez,5045,503,3760,782,371,4659,3241,3205,36,1413,2595,2226,14.75
0901400010740,09,014,0001,0740,Benito Juárez,3523,374,2539,610,282,3225,2051,2008,43,1166,1632,1441,14.96
0901400010755,09,014,0001,0755,Benito Juárez,5093,533,3733,827,389,4664,3311,3231,80,1344,2314,2046,14.95
090140001076A,09,014,0001,076A,Benito Juárez,4076,471,3117,488,332,3680,2713,2671,42,960,2130,1717,15.24
0901400010774,09,014,0001,0774,Benito Juárez,7049,881,5231,937,556,6361,4430,4315,115,1923,3225,2733,13.92
0901400010789,09,014,0001,0789,Benito Juárez,2843,314,2129,400,209,2588,1895,1860,35,688,1191,1126,13.72
0901400010793,09,014,0001,0793,Benito Juárez,4670,470,3495,705,545,4304,2941,2889,52,1337,2210,1937,15.1
0901400010806,09,014,0001,0806,Benito Juárez,5486,608,3988,890,433,4987,3471,3407,64,1502,2613,2279,15.19
0901400010810,09,014,0001,0810,Benito Juárez,6987,944,5098,945,509,6227,4325,4234,91,1885,3041,2857,15.22
0901400010825,09,014,0001,0825,Benito Juárez,284,21,226,37,33,268,186,181,5,81,131,114,15.33
090140001083A,09,014,0001,083A,Benito Juárez,3012,367,2252,393,277,2719,1921,1891,30,786,1235,1147,14.19
0901400010844,09,014,0001,0844,Benito Juárez,5577,632,4271,674,435,5054,3567,3492,75,1485,2577,2370,14.93
0901400010859,09,014,0001,0859,Benito Juárez,5794,681,4307,806,406,5249,3595,3509,86,1645,2485,2266,14.14
0901400010863,09,014,0001,0863,Benito Juárez,7925,1005,5920,1000,650,7141,4959,4854,105,2177,3530,3155,14.51
0901400010878,09,014,0001,0878,Benito Juárez,5681,723,4278,680,465,5116,3579,3514,65,1527,2515,2256,13.96
0901400010882,09,014,0001,0882,Benito Juárez,3795,418,2884,493,272,3437,2456,2416,40,974,1863,1720,14.9
0901400010897,09,014,0001,0897,Benito Juárez,1771,171,1319,281,173,1639,1147,1129,18,488,864,731,15.21
090140001090A,09,014,0001,090A,Benito Juárez,2649,258,1824,567,152,2437,1647,1632,15,782,1368,1172,15.39
0901400010914,09,014,0001,0914,Benito Juárez,2250,248,1654,348,125,2046,1527,1517,10,514,1273,1085,15.67
0901400010929,09,014,0001,0929,Benito Juárez,3731,404,2690,637,291,3404,2377,2336,41,1025,1814,1614,15.3
0901400010933,09,014,0001,0933,Benito Juárez,3060,369,2208,483,206,2766,1883,1853,30,880,1465,1310,15.44
0901400010948,09,014,0001,0948,Benito Juárez,3045,301,2194,550,230,2832,1849,1800,49,978,1487,1278,15.22
0901400010952,09,014,0001,0952,Benito Juárez,3854,638,2739,469,302,3350,2304,2273,31,1042,1529,1415,14.3
0901400010967,09,014,0001,0967,Benito Juárez,705,89,534,82,50,631,454,434,20,177,271,251,13.22
0901400010971,09,014,0001,0971,Benito Juárez,3943,500,2861,581,306,3548,2452,2401,51,1092,1742,1563,14.99
0901400010986,09,014,0001,0986,Benito Juárez,5256,684,3792,780,423,4747,3088,3019,69,1643,2340,2046,14.74
0901400010990,09,014,0001,0990,Benito Juárez,5697,723,4257,716,475,5135,3541,3420,121,1587,2729,2233,14.43
0901400011005,09,014,0001,1005,Benito Juárez,7611,921,5639,1051,631,6899,4741,4628,113,2140,3292,2963,14.35
090140001101A,09,014,0001,101A,Benito Juárez,4333,522,3156,655,396,3947,2525,2482,43,1418,1897,1650,14.28
0901400011024,09,014,0001,1024,Benito Juárez,4142,445,3086,611,353,3795,2729,2677,52,1065,1865,1645,14.35
0901500010019,09,015,0001,0019,Cuauhtémoc,4263,665,3080,518,441,3741,2378,2328,50,1353,1513,1362,11.76
0901500010023,09,015,0001,0023,Cuauhtémoc,4902,832,3500,570,479,4256,2664,2583,81,1589,1841,1598,11.85
0901500010038,09,015,0001,0038,Cuauhtémoc,2800,474,2015,311,283,2427,1675,1643,32,751,1034,929,11.53
0901500010042,09,015,0001,0042,Cuauhtémoc,2930,521,2220,189,374,2535,1723,1673,50,807,1059,970,11.8
0901500010057,09,015,0001,0057,Cuauhtémoc,24,,21,,5,23,13,13,0,10,6,6,9.74
0901500010061,09,015,0001,0061,Cuauhtémoc,1327,182,952,193,106,1186,769,760,9,406,587,518,13.53
0901500010076,09,015,0001,0076,Cuauhtémoc,6626,959,4903,764,589,5865,4096,3872,224,1764,2666,2479,12.44
0901500010080,09,015,0001,0080,Cuauhtémoc,7933,1201,5794,938,748,6994,4793,4672,121,2190,2978,2771,12.12
0901500010095,09,015,0001,0095,Cuauhtémoc,3670,579,2532,558,347,3210,2077,2007,70,1130,1328,1202,11.8
0901500010108,09,015,0001,0108,Cuauhtémoc,3456,554,2460,442,365,3064,1991,1949,42,1065,1245,1121,11.5
0901500010112,09,015,0001,0112,Cuauhtémoc,2227,350,1516,358,217,1954,1221,1181,40,728,875,723,11.55
0901500010127,09,015,0001,0127,Cuauhtémoc,8402,1576,6055,771,833,7161,4944,4845,99,2211,3252,2819,11.58
0901500010131,09,015,0001,0131,Cuauhtémoc,2585,478,1917,190,310,2243,1482,1445,37,760,974,838,11.27
0901500010146,09,015,0001,0146,Cuauhtémoc,1384,241,911,232,112,1209,737,711,26,472,521,444,11.81
0901500010150,09,015,0001,0150,Cuauhtémoc,1556,266,1078,212,148,1353,867,845,22,486,555,480,11.56
0901500010165,09,015,0001,0165,Cuauhtémoc,5259,881,3832,546,514,4575,3113,3027,86,1456,1977,1706,12.24
090150001017A,09,015,0001,017A,Cuauhtémoc,5239,832,3979,428,610,4608,3135,3059,76,1469,1871,1781,11.72
0901500010184,09,015,0001,0184,Cuauhtémoc,6961,1347,4978,636,732,5896,3844,3733,111,2047,2408,2236,11.06
0901500010199,09,015,0001,0199,Cuauhtémoc,490,50,355,85,48,456,291,281,10,164,204,194,13.73
0901500010201,09,015,0001,0201,Cuauhtémoc,1612,224,1138,250,146,1440,903,848,55,536,684,645,13.32
0901500010216,09,015,0001,0216,Cuauhtémoc,1285,152,938,195,116,1178,760,722,38,418,584,509,13.76
0901500010220,09,015,0001,0220,Cuauhtémoc,832,102,584,146,85,754,450,433,17,303,348,325,13.35
0901500010235,09,015,0001,0235,Cuauhtémoc,1280,142,936,202,129,1174,789,769,20,384,571,511,13.19
090150001024A,09,015,0001,024A,Cuauhtémoc,1076,131,759,186,92,982,634,617,17,345,510,432,13.73
0901500010254,09,015,0001,0254,Cuauhtémoc,230,23,177,30,21,213,161,154,7,52,101,90,12.82
0901500010269,09,015,0001,0269,Cuauhtémoc,1259,157,904,198,100,1134,768,736,32,365,528,484,13.69
0901500010273,09,015,0001,0273,Cuauhtémoc,594,51,422,121,51,554,339,331,8,215,272,230,14.64
0901500010288,09,015,0001,0288,Cuauhtémoc,235,22,161,52,19,218,114,113,,104,117,92,13.89
0901500010292,09,015,0001,0292,Cuauhtémoc,1418,177,993,248,98,1286,833,811,22,452,686,569,13.5
0901500010305,09,015,0001,0305,Cuauhtémoc,1377,197,947,233,102,1236,779,747,32,457,629,555,13.19
090150001031A,09,015,0001,031A,Cuauhtémoc,1351,173,979,199,139,1214,803,785,18,410,618,545,13.24
0901500010324,09,015,0001,0324,Cuauhtémoc,695,72,532,91,61,637,456,448,8,179,365,302,13.62
0901500010339,09,015,0001,0339,Cuauhtémoc,4888,1081,3345,462,551,4022,2812,2769,43,1201,1627,1496,10.36
0901500010343,09,015,0001,0343,Cuauhtémoc,10857,2481,7400,976,1304,8918,6368,6271,97,2537,3559,3146,9.81
0901500010358,09,015,0001,0358,Cuauhtémoc,9880,2172,6727,981,1072,8157,5851,5732,119,2292,3663,2997,9.74
0901500010362,09,015,0001,0362,Cuauhtémoc,3396,394,2467,535,306,3097,1903,1793,110,1191,1413,1333,13.37
0901500010377,09,015,0001,0377,Cuauhtémoc,1050,123,707,220,85,956,577,562,15,379,458,415,12.93
0901500010381,09,015,0001,0381,Cuauhtémoc,1189,132,863,194,108,1082,684,658,26,395,570,484,13.59
0901500010396,09,015,0001,0396,Cuauhtémoc,448,44,339,65,49,412,276,262,14,136,197,176,13.41
0901500010409,09,015,0001,0409,Cuauhtémoc,1281,134,926,221,119,1187,792,767,25,393,575,512,13.83
0901500010413,09,015,0001,0413,Cuauhtémoc,218,14,164,40,19,206,119,116,3,87,91,78,13.89
0901500010428,09,015,0001,0428,Cuauhtémoc,1578,192,1122,264,141,1443,891,871,20,551,725,624,13.53
0901500010432,09,015,0001,0432,Cuauhtémoc,139,18,101,20,15,125,70,68,,54,73,61,13.72
0901500010447,09,015,0001,0447,Cuauhtémoc,1394,179,1005,210,113,1251,861,834,27,390,632,549,13.47
0901500010451,09,015,0001,0451,Cuauhtémoc,587,72,436,79,59,528,366,356,10,162,290,248,13.7
0901500010466,09,015,0001,0466,Cuauhtémoc,11023,1671,8010,1342,1072,9687,6633,6504,129,3006,4248,3907,12.56
0901500010470,09,015,0001,0470,Cuauhtémoc,6778,1031,4927,820,637,5980,4359,4304,55,1614,2856,2456,12.25
0901500010485,09,015,0001,0485,Cuauhtémoc,9893,1337,7265,1287,928,8861,6127,6032,95,2726,4538,3667,13.02
090150001049A,09,015,0001,049A,Cuauhtémoc,1836,304,1350,181,213,1591,1076,1050,26,490,741,612,11.81
0901500010502,09,015,0001,0502,Cuauhtémoc,8991,1499,6310,1178,823,7804,5176,5025,151,2605,3479,3120,11.76
0901500010517,09,015,0001,0517,Cuauhtémoc,8412,1611,5888,913,833,7156,4897,4785,112,2248,2957,2688,11.53
0901500010521,09,015,0001,0521,Cuauhtémoc,8735,1586,6222,927,832,7481,5052,4982,70,2411,3463,3003,11.69
0901500010536,09,015,0001,0536,Cuauhtémoc,5292,984,3824,484,572,4539,3219,3155,64,1302,2117,1737,10.88
0901500010540,09,015,0001,0540,Cuauhtémoc,6835,1401,4776,657,740,5735,3966,3913,53,1757,2453,2216,9.92
0901500010555,09,015,0001,0555,Cuauhtémoc,4962,604,3535,811,513,4459,2820,2733,87,1632,2161,1761,13.48
090150001056A,09,015,0001,056A,Cuauhtémoc,7081,1184,5043,853,787,6152,4220,4116,104,1891,2714,2360,10.99
0901500010574,09,015,0001,0574,Cuauhtémoc,10841,2008,7640,1193,1113,9272,6189,6049,140,3050,4156,3558,11.16
0901500010589,09,015,0001,0589,Cuauhtémoc,5616,1225,3751,640,565,4666,3210,3162,48,1440,1930,1710,9.84
0901500010593,09,015,0001,0593,Cuauhtémoc,4685,584,3339,759,402,4222,2782,2709,73,1430,1984,1727,13.5
0901500010606,09,015,0001,0606,Cuauhtémoc,5014,623,3719,672,477,4521,3110,3031,79,1341,2179,1872,13.09
0901500010610,09,015,0001,0610,Cuauhtémoc,10667,1733,7792,1142,1187,9349,6347,6202,145,2952,3980,3583,11.86
0901500010625,09,015,0001,0625,Cuauhtémoc,1497,238,1046,213,134,1318,796,775,21,519,574,502,11.3
090150001063A,09,015,0001,063A,Cuauhtémoc,4292,782,3121,389,441,3666,2581,2557,24,1054,1891,1490,11.18
0901500010644,09,015,0001,0644,Cuauhtémoc,8279,1527,5791,961,923,7089,5083,4994,89,1961,3352,2732,10.07
0901500010659,09,015,0001,0659,Cuauhtémoc,4180,841,2892,444,507,3515,2432,2399,33,1072,1486,1234,9.93
0901500010663,09,015,0001,0663,Cuauhtémoc,1838,403,1206,229,164,1525,964,952,12,559,625,552,9.92
0901500010678,09,015,0001,0678,Cuauhtémoc,9903,1309,7399,1195,836,8880,6224,6113,111,2637,4286,3881,13.79
0901500010682,09,015,0001,0682,Cuauhtémoc,5682,667,4347,668,421,5166,3786,3715,71,1366,2561,2327,14.27
0901500010697,09,015,0001,0697,Cuauhtémoc,6982,869,5304,809,607,6283,4471,4363,108,1789,3199,2728,13.83
090150001070A,09,015,0001,070A,Cuauhtémoc,1542,163,1167,212,158,1411,989,963,26,411,778,615,12.72
0901500010714,09,015,0001,0714,Cuauhtémoc,2769,326,2080,363,250,2503,1855,1834,21,632,1373,1107,13.08
0901500010729,09,015,0001,0729,Cuauhtémoc,359,24,312,23,22,342,284,284,0,49,509,194,16.07
0901500010733,09,015,0001,0733,Cuauhtémoc,369,37,296,31,36,337,277,277,0,42,186,146,12.91
0901500010748,09,015,0001,0748,Cuauhtémoc,4753,705,3710,333,369,4196,3084,3038,46,1094,1751,1028,14.76
0901500010752,09,015,0001,0752,Cuauhtémoc,1708,287,1254,167,169,1476,1080,1051,29,378,782,582,11.82
0901500010767,09,015,0001,0767,Cuauhtémoc,260,36,169,55,17,234,152,146,6,65,121,96,12.68
0901500010771,09,015,0001,0771,Cuauhtémoc,947,230,639,78,121,773,567,562,5,198,300,269,9.05
0901500010786,09,015,0001,0786,Cuauhtémoc,2006,471,1398,135,245,1654,1251,1238,13,396,634,545,9.51
0901500010790,09,015,0001,0790,Cuauhtémoc,2984,268,2423,293,175,2756,2255,2228,27,499,1817,1493,15.22
0901500010803,09,015,0001,0803,Cuauhtémoc,974,66,839,69,93,917,830,826,4,86,630,524,15.25
0901500010818,09,015,0001,0818,Cuauhtémoc,172,13,137,22,19,164,123,121,,41,93,77,12.97
0901500010822,09,015,0001,0822,Cuauhtémoc,4209,377,3365,467,230,3895,3106,3063,43,776,2838,1987,15.39
0901500010837,09,015,0001,0837,Cuauhtémoc,732,59,607,66,29,682,569,567,,110,658,410,15.8
0901500010841,09,015,0001,0841,Cuauhtémoc,1803,169,1433,201,130,1662,1351,1317,34,310,1057,929,14.62
0901500010856,09,015,0001,0856,Cuauhtémoc,2963,340,2306,308,206,2678,2204,2175,29,464,1461,1285,13.75
0901500010860,09,015,0001,0860,Cuauhtémoc,1788,202,1387,199,143,1627,1237,1231,6,381,915,717,12.45
0901500010875,09,015,0001,0875,Cuauhtémoc,7970,1327,5850,793,908,6941,4900,4782,118,2036,3121,2708,11.98
090150001088A,09,015,0001,088A,Cuauhtémoc,2011,278,1386,347,177,1792,1171,1152,19,602,750,628,11.24
0901500010894,09,015,0001,0894,Cuauhtémoc,2048,311,1469,268,227,1804,1251,1222,29,549,826,687,11.65
0901500010907,09,015,0001,0907,Cuauhtémoc,2642,548,1891,203,395,2209,1650,1633,17,549,791,719,10.03
0901500010911,09,015,0001,0911,Cuauhtémoc,4562,1059,3187,315,631,3741,2817,2766,51,906,1312,1168,9.16
0901500010926,09,015,0001,0926,Cuauhtémoc,3007,234,2400,373,148,2816,2318,2289,29,493,1889,1542,15.43
0901500010930,09,015,0001,0930,Cuauhtémoc,626,49,492,85,37,584,470,463,7,114,419,301,15.34
0901500010945,09,015,0001,0945,Cuauhtémoc,1082,85,898,99,76,1028,840,826,14,187,733,526,15.26
090150001095A,09,015,0001,095A,Cuauhtémoc,738,79,605,54,53,670,542,532,10,122,464,376,13.31
0901500010964,09,015,0001,0964,Cuauhtémoc,3794,680,2748,366,433,3238,2417,2389,28,806,1448,1305,11.09
0901500010979,09,015,0001,0979,Cuauhtémoc,2385,519,1644,222,232,1978,1382,1350,32,570,818,734,10.28
0901500010983,09,015,0001,0983,Cuauhtémoc,982,62,799,121,65,930,762,746,16,166,692,490,14.65
0901500010998,09,015,0001,0998,Cuauhtémoc,2370,293,1866,211,182,2122,1728,1712,16,390,1457,1088,14.01
0901500011002,09,015,0001,1002,Cuauhtémoc,2701,218,2146,337,201,2524,1993,1966,27,503,1479,1222,15.01
0901500011017,09,015,0001,1017,Cuauhtémoc,4538,516,3427,595,385,4119,3094,3035,59,1016,2345,1826,14.09
0901500011036,09,015,0001,1036,Cuauhtémoc,6722,1132,4861,729,682,5839,4000,3892,108,1827,2545,2308,12.27
0901500011040,09,015,0001,1040,Cuauhtémoc,5119,885,3691,543,545,4429,3201,3134,67,1222,1941,1747,11.92
0901500011055,09,015,0001,1055,Cuauhtémoc,2373,344,1763,266,235,2098,1521,1490,31,577,997,865,12.25
090150001106A,09,015,0001,106A,Cuauhtémoc,6265,1171,4608,486,697,5345,3834,3730,104,1485,2238,2045,11.8
0901500011074,09,015,0001,1074,Cuauhtémoc,7648,1438,5530,680,884,6523,4448,4326,122,2057,2645,2444,11.85
0901500011089,09,015,0001,1089,Cuauhtémoc,2004,183,1629,192,102,1863,1509,1492,17,351,1235,952,14.91
0901500011093,09,015,0001,1093,Cuauhtémoc,901,57,755,89,58,852,694,676,18,156,605,432,15.25
0901500011106,09,015,0001,1106,Cuauhtémoc,1552,142,1221,189,118,1428,1187,1177,10,241,902,744,13.62
0901500011110,09,015,0001,1110,Cuauhtémoc,6307,663,4864,779,483,5781,4370,4272,98,1410,3033,2632,13.91
0901500011125,09,015,0001,1125,Cuauhtémoc,8637,1225,6343,1069,769,7701,5317,5217,100,2350,3528,3265,12.77
090150001113A,09,015,0001,113A,Cuauhtémoc,9074,1419,6654,1001,924,7952,5380,5275,105,2563,3698,3328,12.05
0901500011144,09,015,0001,1144,Cuauhtémoc,7972,1224,5659,1089,717,6996,4930,4850,80,2048,2989,2694,11.61
0901500011159,09,015,0001,1159,Cuauhtémoc,4258,626,3104,528,453,3767,2592,2531,61,1163,1628,1417,11.71
0901500011163,09,015,0001,1163,Cuauhtémoc,2805,436,2041,328,309,2466,1686,1639,47,769,1078,961,11.72
0901500011178,09,015,0001,1178,Cuauhtémoc,3010,297,2258,455,170,2761,2111,2079,32,643,1623,1380,14.93
0901500011182,09,015,0001,1182,Cuauhtémoc,3062,320,2297,445,161,2800,2170,2140,30,630,1677,1394,14.67
0901500011197,09,015,0001,1197,Cuauhtémoc,1206,98,983,125,85,1124,922,919,3,200,893,607,15.19
090150001120A,09,015,0001,120A,Cuauhtémoc,1876,147,1542,184,81,1741,1458,1442,16,281,1185,898,15.47
0901500011214,09,015,0001,1214,Cuauhtémoc,2761,255,2138,368,209,2562,1991,1930,61,556,1446,1292,14.03
0901500011229,09,015,0001,1229,Cuauhtémoc,840,132,619,89,80,720,416,410,6,277,251,205,11.75
0901500011233,09,015,0001,1233,Cuauhtémoc,9393,1667,6758,968,964,8120,5447,5298,149,2660,3633,3142,11.71
0901500011248,09,015,0001,1248,Cuauhtémoc,6418,994,4534,890,637,5649,3777,3678,99,1859,2391,2193,11.43
0901500011252,09,015,0001,1252,Cuauhtémoc,5261,813,3681,767,487,4628,3021,2956,65,1600,1869,1742,11.53
0901500011267,09,015,0001,1267,Cuauhtémoc,3280,478,2329,473,296,2905,2018,1999,19,881,1359,1148,11.69
0901500011271,09,015,0001,1271,Cuauhtémoc,1636,220,1154,259,160,1469,937,931,6,532,684,576,13.3
0901500011286,09,015,0001,1286,Cuauhtémoc,1346,181,922,243,134,1204,773,771,,425,525,432,12.55
0901500011290,09,015,0001,1290,Cuauhtémoc,4939,759,3538,642,468,4343,2913,2828,85,1423,1644,1485,11.47
0901500011303,09,015,0001,1303,Cuauhtémoc,2006,176,1491,339,153,1855,1365,1347,18,488,1036,843,14.58
0901500011318,09,015,0001,1318,Cuauhtémoc,2378,227,1769,382,145,2190,1689,1670,19,491,1374,1084,15.12
0901500011322,09,015,0001,1322,Cuauhtémoc,1252,98,990,164,73,1174,918,904,14,254,812,553,15.34
0901500011337,09,015,0001,1337,Cuauhtémoc,1967,194,1523,250,108,1811,1413,1376,37,395,1108,918,15.07
0901500011341,09,015,0001,1341,Cuauhtémoc,3497,365,2744,388,221,3200,2594,2548,46,602,2191,1606,15.31
0901500011356,09,015,0001,1356,Cuauhtémoc,3309,290,2485,533,219,3091,2247,2178,69,799,1620,1421,14.43
0901500011360,09,015,0001,1360,Cuauhtémoc,1780,151,1387,242,148,1664,1233,1208,25,422,874,770,14.38
0901500011375,09,015,0001,1375,Cuauhtémoc,3238,337,2396,505,242,2966,2148,2105,43,816,1538,1311,14.06
090150001138A,09,015,0001,138A,Cuauhtémoc,584,48,422,114,49,545,339,337,,206,293,256,14.18
0901500011394,09,015,0001,1394,Cuauhtémoc,5232,919,3849,464,518,4534,3269,3225,44,1263,2066,1841,11.47
0901500011407,09,015,0001,1407,Cuauhtémoc,2280,332,1600,348,181,2013,1227,1196,31,785,886,804,12.08
0901500011411,09,015,0001,1411,Cuauhtémoc,2636,292,2027,317,184,2387,1753,1735,18,628,1453,1163,15.09
0901500011426,09,015,0001,1426,Cuauhtémoc,1401,111,1103,187,83,1303,1026,1002,24,275,770,629,15.13
0901500011430,09,015,0001,1430,Cuauhtémoc,1325,109,1083,133,85,1242,1021,1002,19,221,762,629,15.17
0901500011445,09,015,0001,1445,Cuauhtémoc,1674,156,1308,210,109,1542,1203,1188,15,333,871,738,14.99
090150001145A,09,015,0001,145A,Cuauhtémoc,3506,308,2669,529,262,3261,2394,2336,58,864,1637,1508,14.55
0901500011464,09,015,0001,1464,Cuauhtémoc,3031,356,2295,380,231,2752,2041,1979,62,706,1417,1302,14.54
0901500011479,09,015,0001,1479,Cuauhtémoc,3131,273,2348,510,235,2910,2082,2051,31,826,1312,1236,14.08
0901500011483,09,015,0001,1483,Cuauhtémoc,7382,1377,5433,572,738,6302,4585,4501,84,1704,2643,2519,11.87
0901500011498,09,015,0001,1498,Cuauhtémoc,6019,809,4430,780,542,5424,3820,3744,76,1597,2613,2338,13.06
0901500011500,09,015,0001,1500,Cuauhtémoc,3145,388,2276,478,261,2841,1857,1801,56,967,1307,1170,13.82
0901500011515,09,015,0001,1515,Cuauhtémoc,3624,515,2531,578,331,3235,2000,1937,63,1222,1345,1160,12.36
090150001152A,09,015,0001,152A,Cuauhtémoc,3565,605,2549,411,322,3089,2246,2205,41,841,1325,1174,12.11
0901500011534,09,015,0001,1534,Cuauhtémoc,3133,446,2294,393,321,2788,1937,1907,30,845,1271,1129,12.56
0901500011549,09,015,0001,1549,Cuauhtémoc,4833,581,3583,669,443,4396,3093,3011,82,1299,1983,1831,13.61
0901600010016,09,016,0001,0016,Miguel Hidalgo,7,,,,,,,,,,2,2,
0901600010020,09,016,0001,0020,Miguel Hidalgo,2880,489,2208,183,312,2505,1753,1725,28,752,1249,1017,11.94
0901600010035,09,016,0001,0035,Miguel Hidalgo,2,,,,,,,,,,2,2,
090160001004A,09,016,0001,004A,Miguel Hidalgo,7185,1265,5102,817,693,6155,3823,3681,142,2330,3080,2408,11.18
0901600010054,09,016,0001,0054,Miguel Hidalgo,4315,607,3183,524,431,3841,2578,2541,37,1259,1953,1628,12.39
0901600010069,09,016,0001,0069,Miguel Hidalgo,4680,609,3389,682,397,4210,2762,2681,81,1440,1997,1737,13.74
0901600010073,09,016,0001,0073,Miguel Hidalgo,1201,149,837,215,96,1081,688,673,15,393,524,458,13.14
0901600010088,09,016,0001,0088,Miguel Hidalgo,89,,70,17,4,87,55,55,0,28,67,50,14.53
0901600010092,09,016,0001,0092,Miguel Hidalgo,8058,1106,6652,300,756,7231,5504,5442,62,1727,3711,3318,14.68
0901600010105,09,016,0001,0105,Miguel Hidalgo,5129,799,3576,754,538,4527,2774,2719,55,1744,1748,1612,11.24
090160001011A,09,016,0001,011A,Miguel Hidalgo,5077,845,3528,704,477,4407,2657,2567,90,1738,1627,1535,11.56
0901600010124,09,016,0001,0124,Miguel Hidalgo,4285,692,3017,545,447,3717,2437,2387,50,1266,1459,1341,11.72
0901600010139,09,016,0001,0139,Miguel Hidalgo,5001,880,3551,570,520,4318,2726,2661,65,1584,1838,1597,12.12
0901600010143,09,016,0001,0143,Miguel Hidalgo,6897,1250,5029,618,659,5930,4031,3949,82,1896,2597,2306,12.34
0901600010158,09,016,0001,0158,Miguel Hidalgo,4030,698,2963,369,378,3454,2463,2415,48,988,1643,1370,12.67
0901600010162,09,016,0001,0162,Miguel Hidalgo,4905,814,3546,545,392,4257,2908,2853,55,1349,2000,1734,13.16
0901600010177,09,016,0001,0177,Miguel Hidalgo,7071,985,5293,793,622,6269,4409,4300,109,1855,3028,2645,13.19
0901600010181,09,016,0001,0181,Miguel Hidalgo,9026,1225,6694,1106,878,8064,5202,5096,106,2845,3621,3183,13.37
0901600010196,09,016,0001,0196,Miguel Hidalgo,0,0,0,0,0,0,0,0,0,0,0,0,0.0
0901600010209,09,016,0001,0209,Miguel Hidalgo,1289,105,973,211,160,1206,764,750,14,435,605,531,14.16
0901600010213,09,016,0001,0213,Miguel Hidalgo,7545,1032,5551,962,808,6735,4704,4608,96,2027,3057,2655,12.53
0901600010228,09,016,0001,0228,Miguel Hidalgo,2,,,,,,,,,,1,1,
0901600010232,09,016,0001,0232,Miguel Hidalgo,28,5,20,3,,25,15,15,0,8,12,8,12.78
0901600010247,09,016,0001,0247,Miguel Hidalgo,10020,1762,7210,1048,1094,8673,5704,5543,161,2954,3294,2985,11.44
0901600010251,09,016,0001,0251,Miguel Hidalgo,8170,1458,5845,867,784,7088,4579,4440,139,2493,2759,2523,11.44
0901600010270,09,016,0001,0270,Miguel Hidalgo,7375,1211,5306,858,672,6401,4356,4251,105,2043,2644,2454,11.89
0901600010285,09,016,0001,0285,Miguel Hidalgo,7645,1219,5620,806,855,6703,4490,4397,93,2200,3098,2639,12.65
090160001029A,09,016,0001,029A,Miguel Hidalgo,9287,1355,7019,913,886,8232,5723,5655,68,2503,4019,3426,13.46
0901600010302,09,016,0001,0302,Miguel Hidalgo,0,0,0,0,0,0,0,0,0,0,0,0,0.0
0901600010317,09,016,0001,0317,Miguel Hidalgo,1962,170,1416,375,144,1831,1203,1168,35,620,873,836,14.25
0901600010321,09,016,0001,0321,Miguel Hidalgo,2123,241,1523,359,184,1930,1209,1178,31,717,908,840,14.18
0901600010336,09,016,0001,0336,Miguel Hidalgo,1100,136,732,232,77,997,612,594,18,385,455,412,14.3
0901600010340,09,016,0001,0340,Miguel Hidalgo,1041,137,728,176,87,933,610,594,16,321,446,375,12.55
090160001036A,09,016,0001,036A,Miguel Hidalgo,3263,511,2339,413,372,2864,1764,1709,55,1099,1088,1031,10.95
0901600010374,09,016,0001,0374,Miguel Hidalgo,5805,1092,4048,662,618,4996,3254,3170,84,1729,1812,1689,10.67
0901600010389,09,016,0001,0389,Miguel Hidalgo,4656,876,3339,441,456,3976,2610,2536,74,1362,1540,1436,11.01
0901600010393,09,016,0001,0393,Miguel Hidalgo,10717,1633,7844,1237,1018,9397,6644,6513,131,2738,4152,3695,12.38
0901600010410,09,016,0001,0410,Miguel Hidalgo,1560,142,1120,298,142,1449,918,907,11,531,987,604,14.77
0901600010425,09,016,0001,0425,Miguel Hidalgo,2723,314,1959,450,234,2478,1706,1664,42,768,1191,1123,14.33
090160001043A,09,016,0001,043A,Miguel Hidalgo,1613,172,1134,307,109,1483,898,871,27,585,734,661,14.0
0901600010444,09,016,0001,0444,Miguel Hidalgo,18174,3196,13538,1440,1001,15398,11658,11509,149,3692,8222,7377,15.55
0901600010459,09,016,0001,0459,Miguel Hidalgo,3824,572,2829,423,306,3358,2344,2286,58,1004,1529,1369,12.95
0901600010463,09,016,0001,0463,Miguel Hidalgo,4077,673,3020,384,413,3554,2408,2347,61,1141,1434,1293,11.61
0901600010478,09,016,0001,0478,Miguel Hidalgo,6255,1054,4860,339,391,5413,4118,4050,68,1266,2843,2645,15.54
0901600010482,09,016,0001,0482,Miguel Hidalgo,9902,1588,7573,739,714,8610,6444,6339,105,2141,4294,3844,14.11
0901600010497,09,016,0001,0497,Miguel Hidalgo,8511,1492,6146,873,941,7321,4981,4882,99,2322,3393,2801,11.49
090160001050A,09,016,0001,050A,Miguel Hidalgo,4753,760,3474,519,436,4157,2880,2841,39,1273,1979,1743,11.43
0901600010514,09,016,0001,0514,Miguel Hidalgo,303,47,243,13,42,268,143,142,,124,164,91,15.42
0901600010529,09,016,0001,0529,Miguel Hidalgo,0,0,0,0,0,0,0,0,0,0,0,0,0.0
0901600010533,09,016,0001,0533,Miguel Hidalgo,7,,,,,,,,,,5,2,
0901600010548,09,016,0001,0548,Miguel Hidalgo,2003,206,1444,353,126,1848,1213,1197,16,629,980,851,15.1
0901600010552,09,016,0001,0552,Miguel Hidalgo,1276,170,869,237,91,1137,700,688,12,425,488,440,13.71
0901600010571,09,016,0001,0571,Miguel Hidalgo,3127,377,2478,272,166,2814,2195,2159,36,619,1552,1396,15.32
0901600010586,09,016,0001,0586,Miguel Hidalgo,43,5,34,4,5,39,28,28,0,11,526,14,13.42
0901600010590,09,016,0001,0590,Miguel Hidalgo,782,102,586,94,54,697,519,512,7,178,410,320,14.54
0901600010603,09,016,0001,0603,Miguel Hidalgo,2645,319,1948,378,184,2386,1717,1691,26,667,1261,1066,14.29
0901600010618,09,016,0001,0618,Miguel Hidalgo,591,,584,6,538,591,14,14,0,563,7,7,11.94
0901600010622,09,016,0001,0622,Miguel Hidalgo,4721,984,2978,759,357,3907,2488,2458,30,1408,2073,1662,14.0
0901600010637,09,016,0001,0637,Miguel Hidalgo,3488,706,2331,450,257,2923,1913,1887,26,976,1426,1284,14.25
0901600010641,09,016,0001,0641,Miguel Hidalgo,2207,288,1671,248,139,1960,1452,1440,12,502,1238,968,15.53
0901600010656,09,016,0001,0656,Miguel Hidalgo,3967,560,2950,457,196,3482,2603,2584,19,873,2231,1707,15.34
0901600010660,09,016,0001,0660,Miguel Hidalgo,4042,530,2929,583,208,3577,2635,2594,41,934,2420,1743,15.0
0901600010675,09,016,0001,0675,Miguel Hidalgo,2612,362,1905,345,126,2317,1748,1736,12,564,1687,1190,15.46
090160001068A,09,016,0001,068A,Miguel Hidalgo,2198,291,1538,369,104,1950,1393,1369,24,556,1275,1016,15.06
0901600010694,09,016,0001,0694,Miguel Hidalgo,906,119,649,138,45,808,563,551,12,245,492,365,15.34
0901600010707,09,016,0001,0707,Miguel Hidalgo,1745,170,1331,244,110,1611,1173,1156,17,431,917,757,15.14
0901600010711,09,016,0001,0711,Miguel Hidalgo,2471,257,1854,360,138,2252,1796,1763,33,454,1509,1150,15.26
0901600010730,09,016,0001,0730,Miguel Hidalgo,4046,673,2831,542,273,3502,2593,2550,43,897,1772,1592,15.01
0901600010745,09,016,0001,0745,Miguel Hidalgo,2741,464,1830,446,163,2345,1623,1607,16,711,1264,1060,14.46
090160001075A,09,016,0001,075A,Miguel Hidalgo,665,80,460,125,35,600,444,441,3,154,383,299,14.74
0901600010764,09,016,0001,0764,Miguel Hidalgo,349,36,284,29,18,317,263,257,6,48,211,183,15.51
0901600010779,09,016,0001,0779,Miguel Hidalgo,1328,177,984,167,58,1183,873,865,8,280,929,642,15.46
0901600010783,09,016,0001,0783,Miguel Hidalgo,3448,528,2375,545,173,3017,2278,2267,11,710,1815,1469,15.34
0901600010798,09,016,0001,0798,Miguel Hidalgo,309,28,226,55,18,289,217,215,,72,147,138,14.0
0901600010800,09,016,0001,0800,Miguel Hidalgo,1473,352,1084,37,194,1234,682,671,11,551,475,388,13.69
0901600010815,09,016,0001,0815,Miguel Hidalgo,2767,456,1890,419,254,2399,1582,1573,9,804,889,808,12.39
090160001082A,09,016,0001,082A,Miguel Hidalgo,2213,323,1528,360,224,1968,1217,1177,40,747,632,613,11.76
0901600010834,09,016,0001,0834,Miguel Hidalgo,555,107,388,60,48,467,333,333,0,134,199,184,13.55
0901600010849,09,016,0001,0849,Miguel Hidalgo,831,98,567,166,54,752,511,498,13,239,367,308,14.71
0901600010853,09,016,0001,0853,Miguel Hidalgo,2446,327,1510,609,184,2160,1501,1498,3,651,1067,939,13.77
0901600010868,09,016,0001,0868,Miguel Hidalgo,1152,165,744,243,61,1009,735,733,,272,535,424,14.64
0901600010872,09,016,0001,0872,Miguel Hidalgo,1363,77,423,142,52,576,407,403,4,159,524,446,14.09
0901600010887,09,016,0001,0887,Miguel Hidalgo,185,18,116,51,16,168,94,94,0,64,97,66,14.56
0901600010891,09,016,0001,0891,Miguel Hidalgo,2076,197,1578,301,120,1921,1517,1456,61,390,1088,961,14.47
0901600010904,09,016,0001,0904,Miguel Hidalgo,1535,247,1051,234,136,1337,991,990,,346,463,425,13.96
0901600010919,09,016,0001,0919,Miguel Hidalgo,722,96,472,154,55,645,442,436,6,191,250,228,14.03
0901600010923,09,016,0001,0923,Miguel Hidalgo,1521,221,1048,252,138,1363,960,957,3,393,504,437,14.21
0901600010942,09,016,0001,0942,Miguel Hidalgo,862,140,509,207,58,751,484,482,,264,252,226,13.17
0901600010957,09,016,0001,0957,Miguel Hidalgo,83,13,57,13,10,72,44,43,,28,28,22,14.46
0901600010961,09,016,0001,0961,Miguel Hidalgo,877,145,601,131,67,754,532,528,4,211,271,221,13.89
0901600010976,09,016,0001,0976,Miguel Hidalgo,78,,57,20,12,77,56,56,0,19,32,27,13.8
0901600010980,09,016,0001,0980,Miguel Hidalgo,805,104,560,141,60,723,512,511,,204,251,233,13.26
0901600010995,09,016,0001,0995,Miguel Hidalgo,1836,175,1291,370,141,1695,1140,1127,13,549,737,628,13.98
090160001100A,09,016,0001,100A,Miguel Hidalgo,13,,10,,0,12,4,4,0,4,4,4,12.5
0901600011014,09,016,0001,1014,Miguel Hidalgo,265,43,168,54,21,231,156,155,,73,104,93,15.22
0901600011029,09,016,0001,1029,Miguel Hidalgo,2458,250,1777,430,161,2251,1683,1661,22,551,1199,1049,14.95
0901600011033,09,016,0001,1033,Miguel Hidalgo,1059,77,397,141,61,556,364,361,3,186,360,318,13.48
0901600011048,09,016,0001,1048,Miguel Hidalgo,1082,100,501,138,73,668,462,461,,194,342,311,13.69
0901600011052,09,016,0001,1052,Miguel Hidalgo,848,123,521,204,73,761,491,477,14,265,313,256,14.45
0901600011067,09,016,0001,1067,Miguel Hidalgo,639,39,235,75,31,322,216,216,0,103,234,214,14.69
0901600011071,09,016,0001,1071,Miguel Hidalgo,2,,,,,,,,,,3,2,
0901600011086,09,016,0001,1086,Miguel Hidalgo,0,0,0,0,0,0,0,0,0,0,0,0,0.0
0901600011090,09,016,0001,1090,Miguel Hidalgo,4044,656,2873,515,402,3535,2321,2237,84,1201,1263,1149,11.4
0901600011103,09,016,0001,1103,Miguel Hidalgo,3137,576,2152,409,298,2679,1718,1635,83,955,1017,991,10.86
0901600011118,09,016,0001,1118,Miguel Hidalgo,6098,1038,4286,774,597,5311,3414,3326,88,1887,1985,1802,11.27
0901600011122,09,016,0001,1122,Miguel Hidalgo,2020,367,1411,242,197,1748,1104,1081,23,643,718,607,10.71
0901600011137,09,016,0001,1137,Miguel Hidalgo,3762,501,2654,607,335,3370,2096,2017,79,1269,1358,1241,12.47
0901600011141,09,016,0001,1141,Miguel Hidalgo,3492,504,2467,521,260,3101,1990,1949,41,1096,1256,1168,12.33
0901600011156,09,016,0001,1156,Miguel Hidalgo,8675,1466,6242,967,902,7532,4848,4759,89,2647,3164,2937,12.17
0901600011160,09,016,0001,1160,Miguel Hidalgo,7005,849,4987,1169,564,6349,4283,4177,106,2051,2961,2670,13.69
0901600011175,09,016,0001,1175,Miguel Hidalgo,1823,202,1298,323,137,1664,1145,1117,28,513,809,666,13.8
090160001118A,09,016,0001,118A,Miguel Hidalgo,7942,924,5980,1036,626,7198,5223,5116,107,1942,3505,3225,14.28
0901600011194,09,016,0001,1194,Miguel Hidalgo,1448,218,1037,193,134,1279,877,858,19,391,552,504,13.17
0901600011207,09,016,0001,1207,Miguel Hidalgo,8322,1115,6170,1033,703,7451,5296,5195,101,2133,3565,3172,13.51
0901600011211,09,016,0001,1211,Miguel Hidalgo,5224,661,3861,702,444,4710,3181,3097,84,1519,2132,1919,13.14
0901600011226,09,016,0001,1226,Miguel Hidalgo,5300,571,4031,698,418,4858,3602,3541,61,1236,2528,2270,14.55
0901600011230,09,016,0001,1230,Miguel Hidalgo,682,117,446,119,49,592,383,375,8,200,214,192,14.74
0901600011245,09,016,0001,1245,Miguel Hidalgo,0,0,0,0,0,0,0,0,0,0,0,0,0.0
090160001125A,09,016,0001,125A,Miguel Hidalgo,1264,171,809,284,128,1130,699,694,5,430,387,348,13.85
0901600011264,09,016,0001,1264,Miguel Hidalgo,1029,63,431,167,62,606,408,405,3,198,342,299,13.6
0901600011279,09,016,0001,1279,Miguel Hidalgo,1997,198,841,283,116,1162,828,827,,326,751,656,14.13
0901600011283,09,016,0001,1283,Miguel Hidalgo,1905,115,621,188,104,825,558,549,9,267,729,608,14.58
0901600011298,09,016,0001,1298,Miguel Hidalgo,1559,197,1034,326,146,1417,865,862,3,541,506,449,14.12
0901600011300,09,016,0001,1300,Miguel Hidalgo,6096,640,2870,555,472,3558,2513,2495,18,1018,1879,1717,13.65
0901600011315,09,016,0001,1315,Miguel Hidalgo,1526,240,1012,271,108,1337,846,818,28,488,618,567,10.84
090160001132A,09,016,0001,132A,Miguel Hidalgo,2889,486,2034,369,266,2520,1553,1530,23,959,1067,964,11.5
0901600011334,09,016,0001,1334,Miguel Hidalgo,3168,533,2311,324,351,2743,1785,1737,48,957,1187,1009,11.58
0901600011349,09,016,0001,1349,Miguel Hidalgo,15549,2607,11117,1825,1591,13496,8686,8437,249,4795,4909,4733,11.0
0901600011353,09,016,0001,1353,Miguel Hidalgo,1597,453,1126,18,183,1256,657,653,4,599,467,419,14.24
0901600011368,09,016,0001,1368,Miguel Hidalgo,1893,326,1556,11,521,1675,544,535,9,1129,405,364,14.05
0901700010013,09,017,0001,0013,Venustiano Carranza,5152,1007,3614,531,570,4343,2891,2824,67,1446,1752,1550,11.02
0901700010028,09,017,0001,0028,Venustiano Carranza,4855,863,3415,577,489,4195,2542,2498,44,1640,1648,1489,10.75
0901700010032,09,017,0001,0032,Venustiano Carranza,10277,2010,7517,750,1000,8682,6071,5952,119,2598,3717,3480,12.67
0901700010047,09,017,0001,0047,Venustiano Carranza,3850,686,2680,484,390,3308,2217,2180,37,1087,1264,1146,10.96
0901700010051,09,017,0001,0051,Venustiano Carranza,3587,604,2491,492,373,3106,1944,1909,35,1160,1136,1048,11.4
0901700010066,09,017,0001,0066,Venustiano Carranza,2976,483,2065,428,248,2583,1627,1588,39,953,973,918,12.12
0901700010070,09,017,0001,0070,Venustiano Carranza,3664,694,2511,459,366,3130,1898,1842,56,1228,1110,1032,10.9
0901700010085,09,017,0001,0085,Venustiano Carranza,2912,509,2011,392,285,2510,1645,1600,45,865,928,855,10.99
090170001009A,09,017,0001,009A,Venustiano Carranza,4499,830,3115,554,437,3814,2340,2280,60,1466,1472,1342,11.57
0901700010102,09,017,0001,0102,Venustiano Carranza,2899,553,2002,322,286,2429,1598,1541,57,830,903,825,11.13
0901700010117,09,017,0001,0117,Venustiano Carranza,3305,559,2361,385,327,2886,1877,1827,50,1003,1085,991,11.37
0901700010121,09,017,0001,0121,Venustiano Carranza,5176,972,3524,680,517,4437,2763,2702,61,1671,1550,1447,10.56
0901700010136,09,017,0001,0136,Venustiano Carranza,0,0,0,0,0,0,0,0,0,0,0,0,0.0
0901700010140,09,017,0001,0140,Venustiano Carranza,0,0,0,0,0,0,0,0,0,0,0,0,0.0
0901700010155,09,017,0001,0155,Venustiano Carranza,2974,498,2055,421,313,2576,1715,1662,53,858,972,890,10.49
090170001016A,09,017,0001,016A,Venustiano Carranza,1827,329,1250,248,170,1556,1059,1031,28,495,606,547,11.52
0901700010174,09,017,0001,0174,Venustiano Carranza,2235,373,1568,294,223,1939,1335,1315,20,603,751,676,11.31
0901700010189,09,017,0001,0189,Venustiano Carranza,1652,290,1126,236,152,1431,864,841,23,561,504,473,11.72
0901700010193,09,017,0001,0193,Venustiano Carranza,1487,215,1052,220,144,1330,807,788,19,522,490,461,11.42
0901700010206,09,017,0001,0206,Venustiano Carranza,2629,477,1812,340,255,2250,1410,1375,35,835,851,755,11.01
0901700010210,09,017,0001,0210,Venustiano Carranza,13581,3052,9258,1271,1509,11196,7463,7361,102,3716,4389,3907,9.58
0901700010225,09,017,0001,0225,Venustiano Carranza,7677,1737,5207,733,840,6308,4256,4202,54,2041,2470,2231,9.87
090170001023A,09,017,0001,023A,Venustiano Carranza,1910,349,1308,253,168,1643,1059,1047,12,582,592,565,10.71
0901700010244,09,017,0001,0244,Venustiano Carranza,2421,591,1459,331,200,1894,1120,1100,20,771,688,636,11.2
0901700010259,09,017,0001,0259,Venustiano Carranza,1596,261,1096,239,171,1399,845,821,24,553,486,442,11.5
0901700010263,09,017,0001,0263,Venustiano Carranza,1799,310,1225,264,172,1558,946,920,26,611,533,495,11.23
0901700010278,09,017,0001,0278,Venustiano Carranza,2185,385,1509,291,232,1873,1316,1286,30,554,673,611,11.25
0901700010282,09,017,0001,0282,Venustiano Carranza,3381,592,2362,427,345,2917,1837,1801,36,1073,1027,972,10.94
0901700010297,09,017,0001,0297,Venustiano Carranza,3631,715,2499,417,363,3056,1911,1867,44,1140,1151,1056,10.51
090170001030A,09,017,0001,030A,Venustiano Carranza,3513,590,2447,455,354,3046,1900,1852,48,1144,1243,1091,11.71
0901700010314,09,017,0001,0314,Venustiano Carranza,3467,587,2431,367,341,2910,1832,1795,37,1066,1191,1084,11.55
0901700010329,09,017,0001,0329,Venustiano Carranza,3668,660,2543,465,401,3166,2032,1987,45,1129,1294,1168,11.03
0901700010333,09,017,0001,0333,Venustiano Carranza,3022,564,2063,394,287,2579,1696,1659,37,877,966,849,10.83
0901700010348,09,017,0001,0348,Venustiano Carranza,2881,574,2028,279,344,2404,1544,1517,27,860,827,730,10.18
0901700010352,09,017,0001,0352,Venustiano Carranza,3400,651,2387,362,401,2866,1784,1716,68,1075,852,804,9.94
0901700010367,09,017,0001,0367,Venustiano Carranza,5702,1269,3867,563,626,4693,3207,3154,53,1476,1897,1644,10.1
0901700010371,09,017,0001,0371,Venustiano Carranza,7102,1443,4925,734,766,5974,3912,3834,78,2054,2340,2167,9.96
0901700010386,09,017,0001,0386,Venustiano Carranza,1928,321,1326,281,189,1693,1004,987,17,682,596,548,10.95
0901700010390,09,017,0001,0390,Venustiano Carranza,6818,1393,4840,585,801,5696,3848,3773,75,1829,2305,2065,10.51
0901700010403,09,017,0001,0403,Venustiano Carranza,2343,396,1606,341,244,2045,1267,1225,42,774,699,642,11.47
0901700010418,09,017,0001,0418,Venustiano Carranza,2531,452,1708,326,263,2137,1355,1317,38,781,740,679,10.76
0901700010422,09,017,0001,0422,Venustiano Carranza,6439,1276,4467,696,639,5427,3381,3311,70,2040,2134,1971,11.1
0901700010437,09,017,0001,0437,Venustiano Carranza,3905,747,2721,437,396,3335,2044,1986,58,1281,1245,1159,11.0
0901700010441,09,017,0001,0441,Venustiano Carranza,5328,1067,4023,237,493,4491,3188,3125,63,1301,2063,1868,13.2
0901700010456,09,017,0001,0456,Venustiano Carranza,2635,425,1838,372,283,2307,1373,1322,51,932,938,834,11.82
0901700010460,09,017,0001,0460,Venustiano Carranza,4897,856,3353,688,489,4221,2481,2405,76,1732,1572,1481,11.41
0901700010475,09,017,0001,0475,Venustiano Carranza,1419,241,991,164,143,1207,927,906,21,275,490,406,10.55
090170001048A,09,017,0001,048A,Venustiano Carranza,4890,1046,3345,499,525,4073,2744,2681,63,1323,1571,1404,9.75
0901700010494,09,017,0001,0494,Venustiano Carranza,4947,933,3431,583,536,4216,2786,2732,54,1420,1733,1513,10.44
0901700010507,09,017,0001,0507,Venustiano Carranza,2189,350,1578,261,229,1904,1265,1248,17,636,806,684,11.62
0901700010511,09,017,0001,0511,Venustiano Carranza,20,0,19,1,1,20,0,0,0,0,0,0,0.0
0901700010526,09,017,0001,0526,Venustiano Carranza,4882,875,3473,534,494,4208,2828,2774,54,1379,1876,1602,12.13
0901700010530,09,017,0001,0530,Venustiano Carranza,1856,284,1301,271,179,1622,1068,1053,15,546,712,632,11.85
0901700010545,09,017,0001,0545,Venustiano Carranza,3543,565,2497,481,335,3097,1966,1930,36,1128,1334,1183,11.89
090170001055A,09,017,0001,055A,Venustiano Carranza,5390,921,3747,722,552,4672,2974,2894,80,1695,1854,1681,11.5
0901700010564,09,017,0001,0564,Venustiano Carranza,3597,551,2551,495,397,3163,1989,1921,68,1170,1316,1181,11.49
0901700010579,09,017,0001,0579,Venustiano Carranza,2007,503,1369,135,247,1592,1220,1212,8,370,619,546,8.63
0901700010583,09,017,0001,0583,Venustiano Carranza,3123,573,2184,366,374,2668,1613,1574,39,1002,1051,884,10.75
0901700010598,09,017,0001,0598,Venustiano Carranza,4,,,,,,,,,,1,1,
0901700010600,09,017,0001,0600,Venustiano Carranza,1428,184,1015,229,128,1286,753,739,14,532,629,520,12.86
0901700010615,09,017,0001,0615,Venustiano Carranza,1474,161,1021,292,137,1352,779,755,24,566,593,530,13.36
090170001062A,09,017,0001,062A,Venustiano Carranza,2021,312,1423,286,193,1778,1210,1190,20,568,730,654,12.04
0901700010634,09,017,0001,0634,Venustiano Carranza,3946,642,2760,544,369,3452,2226,2162,64,1218,1440,1267,12.07
0901700010649,09,017,0001,0649,Venustiano Carranza,5209,904,3576,729,590,4516,2731,2665,66,1768,1777,1530,11.31
0901700010653,09,017,0001,0653,Venustiano Carranza,4238,673,2989,576,428,3732,2379,2287,92,1353,1518,1379,11.72
0901700010668,09,017,0001,0668,Venustiano Carranza,3103,498,2238,367,334,2707,1789,1737,52,915,1043,940,11.92
0901700010672,09,017,0001,0672,Venustiano Carranza,3902,652,2651,599,371,3397,2125,2070,55,1268,1386,1224,11.89
0901700010687,09,017,0001,0687,Venustiano Carranza,368,87,237,44,41,304,219,216,3,77,168,97,10.01
0901700010691,09,017,0001,0691,Venustiano Carranza,1989,381,1406,202,246,1684,1214,1197,17,465,664,536,10.29
0901700010704,09,017,0001,0704,Venustiano Carranza,40,9,29,,,31,16,16,0,0,9,9,6.25
0901700010719,09,017,0001,0719,Venustiano Carranza,2109,286,1534,289,197,1883,1278,1260,18,600,960,827,12.66
0901700010723,09,017,0001,0723,Venustiano Carranza,815,87,585,143,83,753,480,472,8,273,357,291,13.07
0901700010738,09,017,0001,0738,Venustiano Carranza,961,105,672,184,69,876,573,558,15,299,434,376,13.31
0901700010742,09,017,0001,0742,Venustiano Carranza,1718,226,1216,276,157,1533,975,952,23,555,741,690,13.13
0901700010757,09,017,0001,0757,Venustiano Carranza,643,68,442,133,37,585,384,377,7,201,282,257,13.88
0901700010761,09,017,0001,0761,Venustiano Carranza,1213,152,832,229,98,1088,658,640,18,428,490,434,13.1
0901700010776,09,017,0001,0776,Venustiano Carranza,2153,258,1474,421,201,1954,1244,1232,12,706,803,755,13.53
0901700010780,09,017,0001,0780,Venustiano Carranza,4389,677,3027,685,454,3858,2510,2428,82,1346,1558,1393,11.65
0901700010795,09,017,0001,0795,Venustiano Carranza,201,24,148,29,20,181,120,112,8,60,92,73,11.06
0901700010808,09,017,0001,0808,Venustiano Carranza,3529,681,2423,425,385,3012,1857,1800,57,1152,991,953,10.79
0901700010812,09,017,0001,0812,Venustiano Carranza,3791,694,2625,460,416,3248,2023,1982,41,1212,1245,1188,10.5
0901700010827,09,017,0001,0827,Venustiano Carranza,4011,814,2770,427,531,3384,2016,1983,33,1367,1121,1036,10.44
0901700010831,09,017,0001,0831,Venustiano Carranza,5009,952,3476,581,562,4289,2587,2534,53,1696,1420,1349,10.51
0901700010846,09,017,0001,0846,Venustiano Carranza,3052,513,2132,400,335,2649,1654,1620,34,994,964,918,10.92
0901700010865,09,017,0001,0865,Venustiano Carranza,4462,916,3069,476,519,3749,2266,2215,51,1481,1249,1182,10.19
090170001087A,09,017,0001,087A,Venustiano Carranza,4441,763,3087,591,453,3830,2373,2333,40,1450,1306,1177,11.05
0901700010884,09,017,0001,0884,Venustiano Carranza,8393,1667,5994,732,947,7097,4555,4460,95,2524,2823,2470,10.61
0901700010899,09,017,0001,0899,Venustiano Carranza,3055,655,2180,220,358,2534,1839,1805,34,687,1405,866,10.61
0901700010901,09,017,0001,0901,Venustiano Carranza,1384,202,958,221,155,1221,840,828,12,369,577,420,11.52
0901700010916,09,017,0001,0916,Venustiano Carranza,1426,154,985,287,136,1306,780,771,9,524,587,477,12.46
0901700010920,09,017,0001,0920,Venustiano Carranza,170,31,96,43,8,143,71,71,0,72,50,45,12.53
0901700010935,09,017,0001,0935,Venustiano Carranza,3159,422,2212,525,246,2825,1772,1734,38,1049,1267,1163,13.18
090170001094A,09,017,0001,094A,Venustiano Carranza,1135,152,783,200,121,1011,741,735,6,270,476,427,12.76
0901700010954,09,017,0001,0954,Venustiano Carranza,860,99,583,178,62,780,510,492,18,270,324,294,13.35
0901700010969,09,017,0001,0969,Venustiano Carranza,486,44,346,96,46,455,285,277,8,168,183,168,13.54
0901700010973,09,017,0001,0973,Venustiano Carranza,996,107,705,184,90,912,553,536,17,355,371,334,13.88
0901700010988,09,017,0001,0988,Venustiano Carranza,1288,158,893,237,105,1171,708,674,34,459,472,430,13.74
0901700010992,09,017,0001,0992,Venustiano Carranza,965,124,653,188,68,868,486,463,23,380,351,321,13.49
0901700011007,09,017,0001,1007,Venustiano Carranza,2306,401,1687,218,252,2006,1336,1292,44,669,804,712,11.78
0901700011011,09,017,0001,1011,Venustiano Carranza,3456,535,2441,465,357,3031,2009,1974,35,1021,1297,1144,12.27
0901700011026,09,017,0001,1026,Venustiano Carranza,2822,406,2001,415,282,2513,1721,1675,46,790,1063,915,12.29
0901700011030,09,017,0001,1030,Venustiano Carranza,3171,503,2182,410,323,2694,1597,1562,35,1095,873,815,10.87
0901700011045,09,017,0001,1045,Venustiano Carranza,4132,806,3099,222,364,3495,2516,2458,58,975,1592,1471,13.54
090170001105A,09,017,0001,105A,Venustiano Carranza,4115,610,2853,625,372,3619,2606,2535,71,1008,1527,1368,12.26
0901700011064,09,017,0001,1064,Venustiano Carranza,1702,226,1173,303,124,1524,954,935,19,558,601,562,12.98
0901700011079,09,017,0001,1079,Venustiano Carranza,2580,311,1800,469,248,2345,1433,1395,38,908,967,853,13.55
0901700011083,09,017,0001,1083,Venustiano Carranza,1213,132,854,227,135,1108,691,668,23,415,410,364,13.4
0901700011098,09,017,0001,1098,Venustiano Carranza,807,114,571,122,76,716,466,461,5,246,276,258,13.59
0901700011100,09,017,0001,1100,Venustiano Carranza,1312,149,890,273,115,1201,694,679,15,505,425,370,13.6
0901700011115,09,017,0001,1115,Venustiano Carranza,1753,205,1204,344,136,1598,982,946,36,610,645,572,13.58
090170001112A,09,017,0001,112A,Venustiano Carranza,366,27,261,78,38,350,202,195,7,148,125,114,13.69
0901700011134,09,017,0001,1134,Venustiano Carranza,1331,163,953,215,117,1201,781,751,30,419,556,491,13.02
0901700011149,09,017,0001,1149,Venustiano Carranza,1182,127,819,236,109,1079,769,759,10,309,448,398,13.41
0901700011153,09,017,0001,1153,Venustiano Carranza,885,118,678,89,76,794,586,568,18,206,383,342,14.02
0901700011168,09,017,0001,1168,Venustiano Carranza,2078,294,1485,299,203,1854,1192,1158,34,656,658,585,12.01
0901700011172,09,017,0001,1172,Venustiano Carranza,2458,355,1723,380,227,2192,1402,1369,33,784,818,739,11.79
0901700011187,09,017,0001,1187,Venustiano Carranza,2452,355,1729,368,240,2157,1455,1401,54,702,863,787,11.84
0901700011191,09,017,0001,1191,Venustiano Carranza,2663,420,1856,387,283,2340,1476,1430,46,863,842,786,11.87
0901700011204,09,017,0001,1204,Venustiano Carranza,3016,466,2178,372,326,2648,1714,1667,47,932,1119,967,11.81
0901700011219,09,017,0001,1219,Venustiano Carranza,2419,372,1714,333,252,2128,1373,1338,35,752,787,719,11.98
0901700011223,09,017,0001,1223,Venustiano Carranza,3613,564,2542,507,379,3161,2035,1979,56,1125,1261,1125,12.04
0901700011238,09,017,0001,1238,Venustiano Carranza,3484,539,2463,479,332,3074,2035,1997,38,1032,1347,1125,11.65
0901700011242,09,017,0001,1242,Venustiano Carranza,4012,679,2801,531,400,3483,2270,2226,44,1207,1395,1272,12.06
0901700011257,09,017,0001,1257,Venustiano Carranza,2583,372,1854,357,219,2284,1505,1459,46,778,1063,914,13.37
0901700011261,09,017,0001,1261,Venustiano Carranza,3703,592,2656,449,349,3225,2124,2080,44,1096,1343,1214,11.83
0901700011276,09,017,0001,1276,Venustiano Carranza,2438,391,1699,348,264,2139,1316,1295,21,812,825,748,11.67
0901700011280,09,017,0001,1280,Venustiano Carranza,3707,639,2638,422,397,3208,2102,2074,28,1098,1362,1125,11.39
0901700011295,09,017,0001,1295,Venustiano Carranza,4277,724,3052,493,442,3666,2505,2476,29,1161,1805,1406,11.52
0901700011308,09,017,0001,1308,Venustiano Carranza,2791,439,1996,356,299,2443,1529,1471,58,908,998,862,11.64
0901700011312,09,017,0001,1312,Venustiano Carranza,10188,2077,7359,750,1035,8578,5958,5797,161,2598,3234,2958,11.52
0901700011327,09,017,0001,1327,Venustiano Carranza,2763,379,1935,449,248,2473,1654,1633,21,808,1039,907,12.0
0901700011331,09,017,0001,1331,Venustiano Carranza,3109,435,2128,544,271,2781,1709,1650,59,1068,912,854,11.98
0901700011346,09,017,0001,1346,Venustiano Carranza,1274,153,919,201,137,1163,754,725,29,408,499,444,13.22
0901700011350,09,017,0001,1350,Venustiano Carranza,1222,145,851,226,90,1108,685,673,12,420,452,414,13.51
0901700011365,09,017,0001,1365,Venustiano Carranza,1058,100,750,208,79,977,566,550,16,410,431,393,13.8
090170001137A,09,017,0001,137A,Venustiano Carranza,1940,271,1317,352,172,1726,988,952,36,736,716,646,13.81
0901700011384,09,017,0001,1384,Venustiano Carranza,1299,153,912,234,123,1173,750,739,11,423,524,473,14.38
0901700011399,09,017,0001,1399,Venustiano Carranza,4440,810,3295,335,391,3794,2770,2701,69,1023,1680,1551,12.84
0901700011401,09,017,0001,1401,Venustiano Carranza,4497,825,3204,468,513,3844,2748,2709,39,1087,1290,1180,10.75
0901700011416,09,017,0001,1416,Venustiano Carranza,6791,1276,4830,685,772,5792,3723,3673,50,2059,2014,1864,10.5
0901700011420,09,017,0001,1420,Venustiano Carranza,547,94,367,86,63,475,281,273,8,194,134,128,10.25
0901700011435,09,017,0001,1435,Venustiano Carranza,0,0,0,0,0,0,0,0,0,0,0,0,0.0
090170001144A,09,017,0001,144A,Venustiano Carranza,5519,763,4051,705,644,4928,3175,3085,90,1745,2318,2020,12.97
0901700011454,09,017,0001,1454,Venustiano Carranza,1543,195,1074,274,131,1383,799,777,22,584,609,551,13.73
0901700011469,09,017,0001,1469,Venustiano Carranza,1356,339,940,77,143,1092,723,710,13,365,380,361,9.6
0901700011473,09,017,0001,1473,Venustiano Carranza,1181,284,837,60,138,968,640,618,22,327,331,311,9.58
0901700011488,09,017,0001,1488,Venustiano Carranza,1079,268,751,60,107,866,607,572,35,256,299,284,9.44
0901700011492,09,017,0001,1492,Venustiano Carranza,900,216,630,54,95,724,462,425,37,262,261,242,7.5
0901700011505,09,017,0001,1505,Venustiano Carranza,2513,454,1899,160,291,2148,1364,1324,40,782,1013,823,12.53
090170001151A,09,017,0001,151A,Venustiano Carranza,2248,434,1646,168,242,1904,1217,1182,35,687,839,717,12.03
0901700011524,09,017,0001,1524,Venustiano Carranza,4295,782,3030,483,468,3711,2359,2313,46,1347,1274,1204,10.87
