cvegeo,crime_rate_per_1000,lisa_i,lisa_p,lisa_quadrant,lisa_cluster
0900200010010,26.7,0.004504178982936139,0.058,3,NS
0900200010025,10.73,0.0027996285999406533,0.112,3,NS
090020001003A,11.1,0.004787397101303868,0.438,3,NS
0900200010044,16.36,0.0031863015042482967,0.179,3,NS
0900200010097,36.31,0.002763604685458579,0.206,3,NS
090020001010A,23.91,0.0015072219060873655,0.081,3,NS
0900200010114,20.58,0.0031119422909292598,0.208,3,NS
0900200010129,27.88,0.0019177331363701296,0.161,3,NS
0900200010133,13.45,0.004784547904519412,0.33,3,NS
0900200010148,19.9,0.004627840782060111,0.115,3,NS
0900200010167,29.85,0.003017931869989826,0.206,3,NS
0900200010171,14.7,0.004914296448633119,0.122,3,NS
0900200010186,13.11,0.0030995927836379835,0.152,3,NS
0900200010190,17.6,0.003797040593755636,0.299,3,NS
0900200010203,14.01,0.004911317347404685,0.186,3,NS
0900200010218,16.34,0.004416973793022277,0.444,3,NS
0900200010222,19.82,0.004145336572068437,0.479,3,NS
0900200010237,18.05,-0.1896128726513409,0.005,2,LH
0900200010256,20.64,-0.14673803236873414,0.009,2,LH
0900200010260,15.32,0.0049219528205479675,0.052,3,NS
0900200010275,19.54,0.004602640643686074,0.123,3,NS
090020001028A,16.92,0.0044714255967983965,0.379,3,NS
0900200010294,19.27,0.004301341340526477,0.429,3,NS
0900200010307,18.01,0.0038213979746885033,0.272,3,NS
0900200010311,69.69,0.0019577764037001693,0.471,3,NS
0900200010326,18.27,0.003743839152819224,0.258,3,NS
0900200010330,42.52,0.0034522847931565963,0.271,3,NS
0900200010345,20.31,0.0041853961633240774,0.458,3,NS
090020001035A,18.97,0.003179838626429182,0.262,3,NS
0900200010364,22.31,0.0036735907711362486,0.301,3,NS
0900200010379,15.03,0.004370747270467584,0.422,3,NS
0900200010383,16.58,0.004478997661863981,0.44,3,NS
0900200010398,20.33,0.004441509188770085,0.308,3,NS
0900200010400,21.25,0.004476441943093615,0.221,3,NS
0900200010415,18.01,0.004324800861633844,0.431,3,NS
0900200010434,24.73,-0.08608541861665085,0.014,2,LH
0900200010449,22.12,-0.10191601455355573,0.012,2,LH
0900200010468,59.09,0.0023887838523067692,0.42,3,NS
0900200010472,28.75,0.003382401280870453,0.291,3,NS
0900200010487,34.23,0.0033801865959613895,0.335,3,NS
0900200010491,17.74,0.004247234533038233,0.483,3,NS
0900200010504,24.61,0.003953650969335944,0.457,3,NS
0900200010519,44.83,0.003259747772677679,0.239,3,NS
0900200010542,33.26,0.0035454615640955656,0.472,3,NS
0900200010557,18.55,0.004359242259278347,0.476,3,NS
0900200010561,22.87,0.004330166921451453,0.276,3,NS
0900200010576,17.05,0.004031331072485479,0.315,3,NS
0900200010580,31.28,0.003413322359798276,0.306,3,NS
0900200010595,22.09,0.004617840863305071,0.071,3,NS
0900200010608,13.05,0.004944107098805553,0.154,3,NS
0900200010612,16.62,0.004860588179777294,0.166,3,NS
0900200010627,12.83,0.005108081303953125,0.174,3,NS
0900200010631,20.14,0.004595453423247781,0.117,3,NS
0900200010650,23.08,-0.06472744186765486,0.018,2,LH
0900200010665,31.63,-0.05877628929768114,0.018,2,LH
090020001067A,20.24,0.0041681162509563515,0.474,3,NS
0900200010684,33.07,-0.05781022010815294,0.017,2,LH
0900200010699,24.85,0.0037054512654528726,0.343,3,NS
0900200010701,35.42,0.003227255152508225,0.32,3,NS
0900200010716,36.82,0.003298655992205433,0.407,3,NS
0900200010720,26.76,0.0032153767370565888,0.224,3,NS
090020001074A,91.23,0.0010300996313708794,0.45,3,NS
0900200010754,19.28,0.003686571941054616,0.252,3,NS
0900200010769,24.14,-0.010985104976278953,0.039,2,LH
0900200010773,25.5,-0.011201327768912049,0.039,2,LH
0900200010788,64.49,0.0020365890116569524,0.319,3,NS
0900200010792,22.2,-0.06608048010134897,0.017,2,LH
0900200010805,46.59,0.002980836286640185,0.39,3,NS
090020001081A,14.36,0.003479851653209539,0.172,3,NS
0900200010824,37.65,0.003048503183774336,0.312,3,NS
0900200010839,28.3,0.0038090081855618853,0.443,3,NS
0900200010843,22.51,0.003942685256916427,0.413,3,NS
0900200010858,22.53,0.00404926922278629,0.458,3,NS
0900200010877,330.09,0.0011643994920585619,0.107,1,NS
0900200010881,44.17,-0.002726518588310163,0.076,2,NS
0900200010896,10.44,0.0046974005265575675,0.446,3,NS
0900200010909,11.05,0.004722754122015652,0.457,3,NS
0900200010913,9.06,0.0023100471074218127,0.114,3,NS
0900200010928,191.74,-0.0038131495309765484,0.02,4,HL
0900200010932,142.16,-0.0008701392533744697,0.189,4,NS
0900200010947,9.65,0.0026926226783050514,0.105,3,NS
0900200010966,31.27,0.004202350590431565,0.115,3,NS
0900200010970,16.59,0.0033175727540995428,0.187,3,NS
0900200010985,14.57,0.004880385598765073,0.149,3,NS
090020001099A,15.71,0.004926468598777334,0.108,3,NS
0900200011004,11.24,0.005059438567876607,0.079,3,NS
0900200011019,15.39,0.004589493540396834,0.469,3,NS
0900200011023,21.06,0.004118099495525037,0.494,3,NS
0900200011038,17.44,0.004796685710857447,0.188,3,NS
0900200011042,16.2,-0.10661215966259685,0.012,2,LH
0900200011057,27.3,0.003902271931824482,0.498,3,NS
0900200011061,9.89,0.004691639415925562,0.492,3,NS
0900200011076,16000.0,-0.7669317445330556,0.169,4,NS
0900200011080,15.8,-0.2603099067747187,0.006,2,LH
0900200011095,11.23,-0.13382414736873524,0.012,2,LH
0900200011112,4.48,0.0015106235226930497,0.083,3,NS
0900200011127,5.99,0.002235929179029894,0.114,3,NS
0900200011131,14.16,0.00449207435991042,0.476,3,NS
0900200011146,31.28,0.00334299144778474,0.317,3,NS
0900200011150,9.75,-0.007656587330979601,0.042,2,LH
0900200011165,537.5,-0.003795622241220408,0.108,4,NS
090020001117A,11.24,0.004781824163582643,0.443,3,NS
0900200011184,11.86,0.0034335486554417497,0.198,3,NS
0900300010018,77.2,-4.031749640923831e-05,0.115,2,NS
0900300010022,77.12,-0.0012281013459489413,0.066,2,NS
0900300010037,112.04,-4.646751591211244e-05,0.082,2,NS
0900300010041,48.24,0.0021163155509971287,0.195,3,NS
0900300010056,47.75,0.001916658110077758,0.141,3,NS
0900300010060,33.96,0.002615487606282284,0.179,3,NS
0900300010075,45.31,0.0026848645574520115,0.277,3,NS
090030001008A,25.69,0.003869392748351496,0.395,3,NS
0900300010094,26.34,0.004042904543412046,0.409,3,NS
0900300010107,19.59,0.004109318766902097,0.453,3,NS
0900300010111,68.12,-0.00017187206061518946,0.101,2,NS
0900300010126,64.34,0.00111526500837743,0.116,3,NS
0900300010130,115.15,-1.4770753280119177e-05,0.143,4,NS
0900300010145,80.38,0.001043292282356213,0.189,3,NS
090030001015A,32.58,0.002402768418089921,0.154,3,NS
0900300010164,92.41,0.0008192344290154584,0.258,3,NS
0900300010179,20.93,0.003323136975611402,0.193,3,NS
0900300010183,31.91,0.003249374103041713,0.29,3,NS
0900300010198,24.86,0.004139291202788977,0.345,3,NS
0900300010200,15.93,0.0046993032663184085,0.2,3,NS
0900300010215,13.77,0.004746659524295847,0.316,3,NS
090030001022A,13.44,0.004728070160097615,0.274,3,NS
0900300010234,325.35,-0.004338277470930959,0.129,4,NS
0900300010249,217.57,-0.001258679713411259,0.115,4,NS
0900300010268,70.5,0.0012546364432814174,0.142,3,NS
0900300010272,21.04,0.0028395588114686608,0.194,3,NS
0900300010287,20.82,0.003156108858749288,0.223,3,NS
0900300010291,30.15,0.0023806977078165595,0.139,3,NS
0900300010304,63.52,0.0019099072233273236,0.262,3,NS
0900300010319,61.35,0.0016578732475485071,0.137,3,NS
0900300010323,22.52,0.0035801933691049265,0.322,3,NS
0900300010342,21.62,0.004293901890259248,0.4,3,NS
0900300010357,24.3,0.004225037955619186,0.384,3,NS
0900300010361,29.34,-0.0027956045231653684,0.082,2,NS
0900300010376,1.58,0.0013073420531048204,0.075,3,NS
0900300010380,34.72,-4.7244080267287686e-05,0.104,2,NS
0900300010395,15.65,0.000616250329638447,0.104,3,NS
0900300010408,9.52,0.0025493165103982144,0.108,3,NS
0900300010412,4.41,0.003605420507300595,0.183,3,NS
0900300010427,15.12,0.0046776757007598035,0.383,3,NS
0900300010431,21.52,0.0035692442325223994,0.287,3,NS
0900300010446,17.27,0.004580298863969747,0.31,3,NS
0900300010450,23.57,0.0035234687249671498,0.278,3,NS
0900300010465,39.97,0.0028218318492255557,0.24,3,NS
0900300010484,25.92,0.0036033209592871147,0.337,3,NS
0900300010499,31.18,0.003915039482367649,0.303,3,NS
0900300010501,13.23,0.004240144415441863,0.366,3,NS
0900300010516,43.87,0.003375722474854105,0.21,3,NS
0900300010520,29.06,0.0035956024765620735,0.306,3,NS
0900300010535,20.84,0.00405762291870296,0.464,3,NS
090030001054A,210.46,0.005576296492608657,0.066,1,NS
0900300010554,18.95,-0.008341621380578378,0.053,2,NS
0900300010573,18.63,0.004311660664238642,0.387,3,NS
0900300010588,46.09,0.0032811116736729774,0.165,3,NS
0900300010605,32.31,0.003958070176235082,0.071,3,NS
090030001061A,18.86,-0.011805104061519522,0.044,2,LH
0900300010624,16.97,0.004757427089444503,0.155,3,NS
0900300010639,14.61,0.004832491206935825,0.188,3,NS
0900300010643,18.93,0.004545911163836658,0.231,3,NS
0900300010658,24.66,0.004375035043518113,0.128,3,NS
0900300010662,16.64,0.004718061918740415,0.205,3,NS
0900300010677,13.07,0.004312914520205873,0.413,3,NS
0900300010681,17.1,0.004118286234823903,0.311,3,NS
0900300010696,50.8,0.002538853674262798,0.32,3,NS
0900300010709,27.59,0.0034901889237085796,0.296,3,NS
0900300010713,18.57,0.003943938280141733,0.357,3,NS
0900300010728,31.54,0.003240176693645959,0.252,3,NS
0900300010770,1720.86,0.06547513936209964,0.081,1,NS
0900300010785,23.11,-0.011208517965899745,0.044,2,LH
090030001079A,15.9,-0.009643005280514587,0.047,2,LH
0900300010802,15.8,0.004742963107780744,0.18,3,NS
0900300010817,25.51,0.004108767436938302,0.335,3,NS
0900300010821,18.0,0.0045500581104244075,0.354,3,NS
0900300010836,22.25,0.004463602527326096,0.15,3,NS
0900300010840,15.68,0.004791837453074573,0.144,3,NS
0900300010855,26.34,0.004103882823658367,0.359,3,NS
090030001086A,50.94,0.0025632334191255214,0.329,3,NS
0900300010889,27.58,0.003692355116659112,0.394,3,NS
0900300010893,32.02,0.00327748483955689,0.302,3,NS
0900300010906,60.77,0.002451983712354083,0.242,3,NS
090030001093A,28.08,0.003755346511977283,0.468,3,NS
0900300010959,14.2,0.004698992191425851,0.32,3,NS
0900300010963,52.64,-0.00301243890960244,0.072,2,NS
0900300010978,29.83,0.0037194271417830558,0.421,3,NS
0900300010982,17.16,0.004712355153790399,0.147,3,NS
0900300010997,14.96,0.004252181522187536,0.403,3,NS
0900300011001,27.91,0.003641726308466956,0.307,3,NS
0900300011016,14.38,0.004428939019230634,0.474,3,NS
0900300011020,22.59,0.0035731110032220753,0.227,3,NS
0900300011069,19.6,0.004228251445798934,0.459,3,NS
0900300011073,14.85,0.004513736548499895,0.491,3,NS
0900300011092,22.12,-0.0013479599469713728,0.109,2,NS
0900300011105,168.87,0.004451174372356349,0.054,1,NS
0900300011124,63.73,0.0019765068593895823,0.354,3,NS
0900300011139,63.68,0.0021053115063911073,0.316,3,NS
0900300011143,22.22,0.003587345691521007,0.214,3,NS
0900300011158,20.7,0.004537668085539045,0.185,3,NS
0900300011162,16.29,0.004709956816768702,0.151,3,NS
0900300011181,31.22,0.003743970722272837,0.417,3,NS
0900300011213,27.55,0.003991740916631139,0.359,3,NS
0900300011228,13.16,0.00458428382904324,0.457,3,NS
0900300011232,19.85,0.004305726480649375,0.367,3,NS
0900300011247,17.73,0.004409625521723012,0.396,3,NS
0900300011251,18.1,0.004326869009933551,0.44,3,NS
0900300011266,26.33,0.004176671183996695,0.249,3,NS
0900300011270,13.2,0.004909996994150478,0.121,3,NS
0900300011285,25.1,0.004183589742764801,0.277,3,NS
090030001129A,11.87,0.004667709300070315,0.471,3,NS
0900300011302,24.33,0.004142598873869924,0.36,3,NS
0900300011317,16.7,0.004445953993667448,0.432,3,NS
0900300011321,19.17,0.0043581765890938155,0.445,3,NS
0900300011336,19.6,0.004102390929903381,0.456,3,NS
0900300011340,16.5,0.004083941361120116,0.327,3,NS
0900300011355,22.75,0.0034556171102489703,0.235,3,NS
090030001136A,22.74,0.003836578521087999,0.3,3,NS
0900300011374,20.85,0.004282382544244247,0.444,3,NS
0900300011389,24.72,0.004266588535557281,0.308,3,NS
0900300011393,13.79,0.004479171444857088,0.492,3,NS
0900300011406,13.99,0.004463671874884745,0.49,3,NS
0900300011410,45.03,0.0028442629940989643,0.399,3,NS
0900300011425,19.16,0.0029619454373651373,0.164,3,NS
090030001143A,28.85,0.003548141505120673,0.379,3,NS
0900300011444,25.65,0.0035678301607527233,0.293,3,NS
0900300011459,20.94,0.004452547398209198,0.259,3,NS
0900300011463,15.82,-0.0029169999334821566,0.092,2,NS
0900300011478,22.63,0.004461577664053641,0.139,3,NS
0900300011482,14.5,0.00484575719680735,0.229,3,NS
0900300011497,14.1,0.004876123092498396,0.114,3,NS
090030001150A,18.94,0.004583062631934001,0.27,3,NS
0900300011514,9.99,0.005097450704596027,0.2,3,NS
0900300011529,33.35,-0.009008419555398751,0.042,2,LH
0900300011533,2363.64,0.5309348848639613,0.026,1,HH
0900300011548,7.36,-0.03833151150393748,0.027,2,LH
0900300011552,8.29,-0.012720672464762713,0.043,2,LH
0900300011567,12.49,-0.012723769319662105,0.041,2,LH
0900300011571,18.98,-0.02781324182607741,0.03,2,LH
0900300011586,7.77,0.0054691263881208076,0.017,3,LL
0900300011590,11.33,0.005060295098446994,0.072,3,NS
0900300011618,18.25,0.00420202776402627,0.475,3,NS
0900300011622,6.41,0.004911815723594702,0.499,3,NS
0900300011637,13.47,0.0042427866951852125,0.309,3,NS
0900300011641,54.37,0.0027999847058363483,0.291,3,NS
0900300011656,15.72,0.0035903992207757364,0.214,3,NS
0900300011660,25.84,0.003351933467101735,0.207,3,NS
0900300011675,13.51,0.003926414274018081,0.26,3,NS
090030001168A,79.66,0.0014529129142557531,0.371,3,NS
0900300011694,47.34,0.0025462801852613967,0.232,3,NS
0900300011707,27.17,0.003796416436660773,0.465,3,NS
0900300011726,19.44,0.003950640549621012,0.294,3,NS
0900300011730,4.65,0.004879086148921436,0.422,3,NS
0900300011745,8.77,0.004944588690006057,0.336,3,NS
090030001175A,14.31,0.0045526550923103565,0.478,3,NS
0900300011764,9.69,0.0048265127847014,0.411,3,NS
0900300011779,33.3,0.003952832872922897,0.066,3,NS
0900300011783,18.3,0.004229004890068391,0.486,3,NS
0900300011798,63.66,0.002434537247160271,0.286,3,NS
090040001002A,18.62,0.004829891641015286,0.123,3,NS
0900400010049,17.19,0.0038242830215707933,0.301,3,NS
0900400010053,14.09,0.004892764012173716,0.123,3,NS
0900400010072,24.92,0.004280230825288179,0.299,3,NS
0900400010091,33.23,0.0038531640256746994,0.249,3,NS
0900400010104,24.38,0.0039613799030424465,0.488,3,NS
0900400010119,17.7,0.004401453964138039,0.474,3,NS
0900400010123,19.03,0.00429257307738696,0.481,3,NS
0900400010138,13.28,0.005216392219983819,0.024,3,LL
0900400010176,14.31,0.0050112139337316185,0.052,3,NS
0900400010180,12.36,0.0050537973522633,0.134,3,NS
0900400010195,22.49,0.003524106642363857,0.237,3,NS
0900400010208,10.03,0.0047065635106326355,0.47,3,NS
0900400010212,16.19,0.00423564424956052,0.341,3,NS
0900400010227,15.79,0.005078199015410457,0.058,3,NS
0900400010231,20.63,0.004510026879007759,0.268,3,NS
0900400010250,13.74,0.005095525326087312,0.04,3,LL
090040001027A,18.57,0.004736870064254432,0.084,3,NS
0900400010299,30.86,0.0038074359673537683,0.47,3,NS
0900400010301,22.41,0.004145728250022083,0.466,3,NS
0900400010320,16.64,0.004677497100231768,0.244,3,NS
090040001034A,11.45,0.004798988962093717,0.405,3,NS
0900400010354,30.89,0.003967090429382606,0.205,3,NS
0900400010369,43.67,0.0028841539494739625,0.379,3,NS
0900400010373,8.68,0.00510323840169828,0.139,3,NS
0900400010392,6.68,0.005365250553577252,0.332,3,NS
0900400010405,11.05,0.0051372011761894746,0.069,3,NS
090040001041A,13.17,0.004856446725355743,0.28,3,NS
0900400200246,22.85,0.004745671713594607,0.075,3,NS
0900400200316,15.78,0.0045608069284608236,0.412,3,NS
0900400200388,7.78,0.004930536498728392,0.412,3,NS
0900500010012,8.04,0.005664881573542763,0.001,3,LL
0900500010027,7.46,0.005598806614665677,0.003,3,LL
0900500010050,13.76,0.0051179204720753265,0.01,3,LL
0900500010084,22.67,0.004729835690353658,0.008,3,LL
0900500010099,14.51,0.00521732179458726,0.004,3,LL
0900500010101,13.43,0.005091869071436199,0.026,3,LL
0900500010135,9.97,0.0054541123138863385,0.009,3,LL
090050001014A,9.87,0.005519351083021431,0.017,3,LL
0900500010154,13.69,0.004965979982553817,0.058,3,NS
0900500010169,11.98,0.0053728522404647375,0.001,3,LL
0900500010173,42.39,0.0035528561884782903,0.12,3,NS
0900500010188,11.76,0.004925135777702548,0.218,3,NS
0900500010192,17.11,0.004837228769524554,0.051,3,NS
0900500010205,8.68,0.005491337890026593,0.003,3,LL
0900500010224,13.92,0.004994135952068673,0.052,3,NS
0900500010243,10.16,0.0054580950786044646,0.001,3,LL
0900500010258,18.36,0.00513116639658009,0.001,3,LL
0900500010262,9.95,0.005296413639492156,0.024,3,LL
0900500010277,20.66,0.0045456924969249435,0.263,3,NS
0900500010281,6.83,0.00518196782878579,0.204,3,NS
0900500010296,18.14,0.00491712878072194,0.044,3,LL
0900500010309,17.18,0.004898727992609747,0.048,3,LL
0900500010313,10.99,0.005122521020355577,0.078,3,NS
0900500010328,20.13,0.004831938010905531,0.018,3,LL
0900500010332,12.11,0.005182735582124161,0.038,3,LL
0900500010351,10.96,0.005400915976034053,0.031,3,LL
0900500010366,7.39,0.004973947975435847,0.492,3,NS
0900500010370,21.87,0.004526332445538325,0.195,3,NS
0900500010385,11.84,0.004928322923434575,0.188,3,NS
090050001039A,21.12,0.00478207632262303,0.004,3,LL
0900500010402,10.5,0.005223743636524597,0.088,3,NS
0900500010417,15.02,0.004867437672376175,0.029,3,LL
0900500010421,22.89,0.00440405895857946,0.301,3,NS
0900500010436,28.13,0.004224262883662054,0.145,3,NS
0900500010440,16.31,0.0040400029723443925,0.334,3,NS
0900500010455,17.68,0.004215622432987521,0.465,3,NS
0900500010474,14.45,0.004821902971315724,0.29,3,NS
0900500010489,12.24,0.004173917711915989,0.32,3,NS
0900500010493,20.61,-0.0018687938237408358,0.061,2,NS
0900500010506,19.2,0.003187493614560555,0.168,3,NS
0900500010510,46.8,0.0003522126671243515,0.111,3,NS
0900500010525,112.9,7.411861394895127e-05,0.217,3,NS
0900500010559,27.44,0.004207991876589219,0.159,3,NS
0900500010563,18.1,0.004490895376114193,0.401,3,NS
0900500010582,31.3,0.00394564628867124,0.278,3,NS
0900500010597,7.1,0.005051330035709237,0.391,3,NS
090050001060A,22.53,0.004140509470908136,0.484,3,NS
0900500010614,24.1,0.004277184335011441,0.369,3,NS
0900500010629,12.88,0.004505908016357298,0.483,3,NS
0900500010633,23.41,-0.00012848026321966548,0.109,2,NS
0900500010667,11.84,0.005039025215204968,0.13,3,NS
0900500010671,15.06,0.004821021022941355,0.101,3,NS
0900500010703,10.29,0.004989532952283048,0.32,3,NS
0900500010722,30.84,0.0031918265655329933,0.277,3,NS
0900500010737,36.19,0.0024044065180388267,0.132,3,NS
0900500010741,34.74,-0.0012266567517243536,0.088,2,NS
0900500010756,789.81,-0.028594939288811433,0.404,4,NS
0900500010760,26.21,-0.0008467187600473643,0.101,2,NS
0900500010775,45.98,-0.002053798138570228,0.065,2,NS
090050001078A,23.49,-0.0007365934323085841,0.095,2,NS
0900500010794,14.38,0.004772432651079207,0.334,3,NS
0900500010807,18.66,0.004669388340151434,0.036,3,LL
0900500010811,19.51,0.004419077227600053,0.363,3,NS
0900500010826,13.05,0.005011945204586485,0.103,3,NS
0900500010830,17.55,0.00459040330814811,0.229,3,NS
0900500010845,16.19,0.0047658707011066686,0.122,3,NS
090050001085A,23.87,0.00448123647099514,0.103,3,NS
0900500010864,15.92,0.004819004109537027,0.148,3,NS
0900500010879,16.16,-0.0036199414417929783,0.054,2,NS
0900500010883,156.66,0.00034529740652070474,0.095,1,NS
0900500010898,2.61,0.00311159686387763,0.115,3,NS
0900500010900,8.88,0.003891481716668192,0.219,3,NS
0900500010915,12.42,0.004133450760291591,0.311,3,NS
090050001092A,13.77,0.004211769811211275,0.375,3,NS
0900500010934,16.76,0.003988745369224311,0.278,3,NS
0900500010949,69.49,0.0016102563376697654,0.187,3,NS
0900500010953,91.42,8.82489288942604e-05,0.108,3,NS
0900500010968,57.29,0.0017283569265665625,0.157,3,NS
0900500010972,12.38,0.004497530765291124,0.408,3,NS
0900500010987,17.67,0.004467208163492967,0.402,3,NS
0900500010991,13.57,0.004849993538228124,0.263,3,NS
0900500011006,24.51,0.00429024894938724,0.165,3,NS
0900500011025,15.75,0.004718060847625948,0.177,3,NS
090050001103A,22.35,0.004441048731098163,0.142,3,NS
0900500011044,17.3,0.0046231115254979456,0.205,3,NS
0900500011059,13.17,0.005054882818935617,0.057,3,NS
0900500011063,7.14,0.003506419596039323,0.156,3,NS
0900500011082,15.95,0.0017167418779466656,0.145,3,NS
0900500011097,34.94,2.069388971867763e-05,0.095,3,NS
090050001110A,19.95,-0.002822883486358029,0.054,2,NS
0900500011114,49.24,-0.0010671158591562542,0.076,2,NS
0900500011129,51.0,-0.001452180614642782,0.083,2,NS
0900500011133,18.47,0.0037799128242788026,0.276,3,NS
0900500011148,22.51,0.004252555190348369,0.393,3,NS
0900500011152,22.57,0.00437529318929994,0.306,3,NS
0900500011167,14.02,0.004756083959148037,0.229,3,NS
0900500011171,25.26,0.004355479633957109,0.239,3,NS
0900500011186,11.23,0.004992682879578356,0.156,3,NS
0900500011190,20.01,0.0046291085221771425,0.079,3,NS
0900500011203,23.21,0.004431941773274127,0.137,3,NS
0900500011218,22.49,0.004588936241811767,0.058,3,NS
0900500011222,16.16,0.004967347614018771,0.045,3,LL
0900500011237,64.26,-0.008516969077087318,0.036,2,LH
0900500011241,1393.44,0.021419539969636726,0.062,1,NS
0900500011256,470.12,0.0024189775420428274,0.126,1,NS
0900500011260,64.65,0.00011552112883726321,0.103,3,NS
0900500011275,96.82,0.0006195770367488406,0.303,3,NS
090050001128A,29.11,0.002937366712454856,0.207,3,NS
0900500011294,25.14,0.004168947182950109,0.28,3,NS
0900500011307,14.5,0.00452636839340224,0.367,3,NS
0900500011311,19.89,0.004376965166784634,0.387,3,NS
0900500011326,16.91,0.0047992892054044755,0.074,3,NS
0900500011330,15.57,0.004883480810809781,0.088,3,NS
0900500011345,11.42,0.004999435186737074,0.142,3,NS
090050001135A,12.1,0.0050414406881580985,0.123,3,NS
0900500011364,13.29,0.005053828218167366,0.056,3,NS
0900500011379,12.1,-0.01901101491270557,0.028,2,LH
0900500011383,22.73,7.904848318128744e-05,0.092,3,NS
0900500011398,29.97,0.0009071640713063002,0.116,3,NS
0900500011400,37.64,-0.0024937323379560323,0.052,2,NS
0900500011415,27.19,0.0012661990934974038,0.138,3,NS
090050001142A,17.41,0.0025252597458554054,0.103,3,NS
0900500011434,88.49,0.0008596818403658635,0.159,3,NS
0900500011449,34.98,0.0020940912839227236,0.152,3,NS
0900500011453,37.31,-0.20186166847823783,0.008,2,LH
0900500011468,17.08,0.004458280177463854,0.442,3,NS
0900500011472,20.16,0.004552764119622357,0.192,3,NS
0900500011487,15.74,0.004222501450615778,0.34,3,NS
0900500011504,64.73,0.002512785693506692,0.047,3,LL
0900500011523,15.54,0.004960982419721674,0.046,3,LL
0900500011538,20.82,0.0047647552369943945,0.029,3,LL
0900500011542,14.39,0.004984829904653293,0.157,3,NS
0900500011557,19.38,-3.299297361874937e-05,0.091,2,NS
0900500011561,36.34,0.0005547421351598361,0.103,3,NS
0900500011576,14.69,0.004384937385677181,0.401,3,NS
0900500011580,23.13,0.004114316161142005,0.489,3,NS
0900500011595,22.64,0.004031330515164937,0.422,3,NS
0900500011608,25.54,0.003057228252031637,0.171,3,NS
0900500011612,34.51,0.0023688301250036296,0.139,3,NS
0900500011627,120.88,0.019585768716188678,0.007,1,HH
0900500011631,21.46,-0.2427231707804659,0.008,2,LH
0900500011646,36857.14,-1.4452836465145673,0.306,4,NS
0900500011650,15.66,-0.19971122234212657,0.009,2,LH
0900500011665,16.07,0.004743302845037939,0.169,3,NS
090050001167A,14.48,-0.004259471343624843,0.076,2,NS
0900500011684,15.66,-0.004080890718407691,0.076,2,NS
0900500011699,10.99,-0.011369411530540786,0.041,2,LH
0900500011701,13.54,0.005073754741348323,0.039,3,LL
0900500011716,20.34,0.0048654825788796525,0.02,3,LL
0900500011720,34.93,0.0035511470552304046,0.468,3,NS
0900500011735,31.14,0.003209221906493306,0.285,3,NS
090050001174A,24.43,0.003983220894988018,0.484,3,NS
0900500011754,22.72,0.004028147412656938,0.486,3,NS
0900500011769,25.92,0.003943655304177794,0.498,3,NS
0900500011773,38.6,0.0027924606094396147,0.312,3,NS
0900500011788,28.55,0.0029168392913519934,0.171,3,NS
0900500011792,29.83,0.001969955738667021,0.117,3,NS
0900500011805,166.12,-0.0021691454467452093,0.452,4,NS
090050001181A,34.59,0.001262471074136744,0.088,3,NS
0900500011824,30.99,0.001281472909098745,0.087,3,NS
0900500011839,15.62,0.0020477022048076953,0.113,3,NS
0900500011843,21.61,-0.2850436203678703,0.004,2,LH
0900500011858,18.03,-0.3538471646904477,0.006,2,LH
0900500011862,20.49,0.003503555365579096,0.257,3,NS
0900500011877,22.68,-0.27994042631140437,0.005,2,LH
0900500011881,17.52,0.004178842529858855,0.386,3,NS
0900500011896,18.72,-0.2922251736359707,0.005,2,LH
0900500011909,26.12,0.004187563917419077,0.188,3,NS
0900500011913,20.92,-0.003916962380948954,0.076,2,NS
0900500011928,1285.71,-0.05850062537984976,0.033,4,HL
0900500011932,14.18,-0.004086225443725465,0.076,2,NS
0900500011951,25.05,0.004287548708508182,0.279,3,NS
0900500011970,16.62,-0.005681675187893654,0.062,2,NS
0900500011985,16.42,0.0036101201712129137,0.217,3,NS
090050001199A,18.59,-0.0054923945384418174,0.062,2,NS
0900500012004,23.61,0.0035060949148048404,0.257,3,NS
0900500012019,11.61,0.0050578421417736795,0.096,3,NS
0900500012023,5.87,0.005354075408760859,0.153,3,NS
0900500012038,20.79,0.004836471695797386,0.051,3,NS
0900500012042,18.87,0.003088222927116833,0.151,3,NS
0900500012057,20.79,0.0019422362450187216,0.088,3,NS
0900500012061,31.08,0.0030241281889106914,0.227,3,NS
0900500012076,23.08,0.0033226313894885117,0.23,3,NS
0900500012080,30.73,0.0037441655560075376,0.476,3,NS
0900500012095,11.15,0.004355964103353695,0.348,3,NS
0900500012108,22.84,0.004028188963146246,0.428,3,NS
0900500012112,57.29,0.0027662900644551043,0.079,3,NS
0900500012127,17.95,0.0037793715755429368,0.309,3,NS
0900500012131,32.14,0.0032252320577085894,0.277,3,NS
0900500012146,13.17,0.004524862567954934,0.471,3,NS
0900500012150,15.45,0.0035244269388257604,0.195,3,NS
0900500012165,145.69,-0.0015002526778382158,0.035,4,HL
090050001217A,22.89,0.003108260663225972,0.188,3,NS
0900500012184,19.51,0.0033221417772383616,0.216,3,NS
0900500012199,24.1,0.004197865366146561,0.343,3,NS
0900500012201,21.48,0.004303338539586866,0.33,3,NS
0900500012216,23.15,0.004163718047654025,0.462,3,NS
0900500012220,21.9,0.004083377243789894,0.499,3,NS
0900500012235,13.01,0.0044917822618877855,0.443,3,NS
090050001224A,25.87,0.0034778005952213584,0.283,3,NS
0900500012254,16.84,0.003702672553447649,0.247,3,NS
0900500012269,16.59,0.0032627263014683256,0.164,3,NS
0900500012273,16.1,0.004521620587285252,0.381,3,NS
0900500012288,19.84,0.0044026964545988605,0.308,3,NS
0900500012292,21.44,0.004249346036607558,0.395,3,NS
0900500012305,17.99,0.004518530650534619,0.339,3,NS
090050001231A,15.73,0.00473900220761387,0.156,3,NS
0900500012324,16.35,0.0038084512723630254,0.27,3,NS
0900500012339,14.65,0.00276541863603879,0.116,3,NS
0900500012343,15.61,0.003742484667820849,0.262,3,NS
0900500012358,31.13,0.00267555129966697,0.148,3,NS
0900500012362,14.04,0.0034675197616222137,0.183,3,NS
0900500012377,18.75,0.003227296208638207,0.169,3,NS
0900500012381,26.73,0.0026109045998801857,0.132,3,NS
0900500012396,16.82,0.004547304867872412,0.332,3,NS
0900500012409,17.7,0.00408904312192502,0.424,3,NS
0900500012428,28.25,0.004220826934787948,0.143,3,NS
0900500012432,15.04,0.004889222435450172,0.126,3,NS
0900500012447,11.36,0.005209095941961111,0.03,3,LL
0900500012451,13.25,0.0051310362929338745,0.034,3,LL
0900500012466,11.7,0.005187943764930975,0.064,3,NS
0900500012470,10.79,0.005062340013932406,0.2,3,NS
0900500012485,16.03,0.00509920029628983,0.018,3,LL
0900500012536,14.46,0.005378458165786325,0.001,3,LL
0900500012574,12.68,0.0053359613732447304,0.001,3,LL
0900500012593,8.03,0.005741442271289078,0.001,3,LL
0900500012606,10.49,0.005390123616818847,0.017,3,LL
0900500012610,8.87,0.0054847597418930805,0.003,3,LL
0900500012625,9.42,0.00557499790885241,0.001,3,LL
090050001263A,17.85,0.004798389061758525,0.13,3,NS
0900500012644,12.04,0.004980635566108323,0.322,3,NS
0900500012659,18.29,0.004799460324966483,0.072,3,NS
0900500012663,20.04,0.00472379887277923,0.104,3,NS
0900500012678,16.43,0.00490522215673754,0.054,3,NS
0900500012682,18.5,0.004794596150720574,0.07,3,NS
0900500012697,11.34,0.005092500647921688,0.111,3,NS
090050001270A,13.07,0.004147444691406382,0.351,3,NS
0900500012714,15.21,0.0028862616132472414,0.124,3,NS
0900500012729,15.35,0.005181926143986727,0.003,3,LL
0900500012733,14.64,0.005211325106126829,0.003,3,LL
0900500012748,9.86,0.005450434502130309,0.006,3,LL
0900500012752,8.65,0.005566247690807145,0.006,3,LL
0900500012767,6.84,0.005647390060492492,0.001,3,LL
0900500012771,7.26,0.00567195093049348,0.004,3,LL
0900500012786,27.26,0.004355153667366231,0.04,3,LL
0900500012790,11.47,0.0052983600022803905,0.008,3,LL
0900500012803,7.96,0.005317576620503729,0.04,3,LL
0900500012822,16.57,0.005160858989803245,0.001,3,LL
0900500012837,12.67,0.005297779305267093,0.015,3,LL
0900500012841,5.38,0.005592710483203649,0.034,3,LL
0900500012856,14.52,0.004792982797447093,0.164,3,NS
0900500012860,18.16,0.004437500874967524,0.409,3,NS
0900500012875,27.79,0.004210816610090283,0.172,3,NS
090050001288A,18.21,0.004779465515327489,0.089,3,NS
0900500012894,17.29,0.004832795058300187,0.083,3,NS
0900500012907,25.04,0.0038624020081720147,0.429,3,NS
0900500012930,12.37,0.004935060093095795,0.155,3,NS
0900500012945,11.09,0.004805373535257534,0.34,3,NS
090050001295A,12.19,-0.005360896609459974,0.067,2,NS
0900500012964,9.82,0.005549571995847127,0.002,3,LL
0900500012979,9.38,0.005555721910478906,0.001,3,LL
0900500012983,5.92,0.005657810251367191,0.005,3,LL
0900500012998,10.74,0.005605720169506021,0.001,3,LL
0900500013017,6.23,0.005741679616497626,0.002,3,LL
0900500013055,22.95,0.0041892066477776145,0.384,3,NS
090050001306A,11.73,0.004923672167437263,0.312,3,NS
0900500013074,17.48,0.004614255829439913,0.235,3,NS
0900500013089,16.48,0.005025285281433438,0.006,3,LL
0900500013093,15.2,0.005052728939960173,0.016,3,LL
0900500013110,5.72,0.004854997296973043,0.437,3,NS
0900500013125,3.96,0.0047804134375264914,0.352,3,NS
090050001313A,18.19,0.004470795378037662,0.345,3,NS
0900500013144,10.94,0.005289677168999062,0.081,3,NS
0900500013159,10.44,0.005302280967536319,0.09,3,NS
0900500013163,39.25,0.0035627745235423678,0.285,3,NS
0900500013178,26.2,0.004016229538481178,0.494,3,NS
0900500013182,9.91,0.005434432264554757,0.007,3,LL
0900500013197,4.2,0.0057039660437055014,0.003,3,LL
090050001320A,5.02,0.005508944738916843,0.053,3,NS
0900500013214,7.57,0.005725997888244507,0.001,3,LL
0900500013229,6.21,0.0058042320173176745,0.006,3,LL
0900500013233,8.57,0.005557074308931006,0.003,3,LL
0900500013248,8.83,0.0055295750378683345,0.006,3,LL
0900500013252,12.48,0.005236174014783619,0.008,3,LL
0900500013267,10.37,0.0053287354294490425,0.038,3,LL
0900500013271,11.96,0.005394998373076256,0.003,3,LL
0900500013286,7.42,0.0054487272619852135,0.026,3,LL
0900500013290,8.81,0.0052194630284235054,0.114,3,NS
0900500013303,9.13,0.005192601990405884,0.123,3,NS
0900500013318,11.85,0.005553340283573409,0.011,3,LL
0900500013322,7.01,0.005763371411996194,0.001,3,LL
0900500013337,6.24,0.00464581587405446,0.448,3,NS
0900500013341,33.29,0.004159111981457813,0.038,3,LL
0900500013356,40.15,0.003635146543607973,0.037,3,LL
0900500013360,8.89,-0.0010059838726751576,0.089,2,NS
0900500013375,24.25,0.003960530115116461,0.488,3,NS
090050001338A,14.01,0.0035269846737212046,0.184,3,NS
0900500013394,5.88,0.004242294444008219,0.239,3,NS
0900500013407,52.06,-0.12580428131755586,0.013,2,LH
0900500013411,8.78,0.005591797443387261,0.001,3,LL
0900500013426,6.14,0.005613883247031491,0.008,3,LL
0900500013430,7.36,0.005662472783707181,0.004,3,LL
0900500013445,5.33,0.005811775526966561,0.001,3,LL
090060001001A,40.9,0.0033892331707746693,0.343,3,NS
0900600010024,13.39,0.004632130009257633,0.489,3,NS
0900600010039,22.43,0.004491258331081563,0.122,3,NS
0900600010043,14.46,0.0048023464502250654,0.162,3,NS
0900600010058,23.99,0.0036501094888889054,0.285,3,NS
0900600010077,17.89,0.004534257144441204,0.31,3,NS
0900600010081,14.59,0.0047780377263842815,0.297,3,NS
0900600010096,12.53,0.004708644141445903,0.407,3,NS
0900600010109,29.36,0.003865143564390702,0.484,3,NS
0900600010128,33.64,0.0037624657386521165,0.216,3,NS
0900600010132,70.42,-0.01107803694131933,0.042,2,LH
0900600010166,19.81,0.003791690110995628,0.247,3,NS
0900600010170,34.26,0.0037377848582966417,0.411,3,NS
0900600010185,22.9,0.0037122311388394793,0.333,3,NS
090060001019A,43.94,0.003098728609848328,0.463,3,NS
0900600010202,18.39,0.0042995501520833816,0.485,3,NS
0900600010217,14.9,0.004699042541590503,0.228,3,NS
0900600010221,45.88,0.0026325407587737895,0.286,3,NS
0900600010236,30.56,0.003562336669793141,0.419,3,NS
0900600010240,22.94,0.0038305793051779343,0.396,3,NS
0900600010255,26.75,0.0037332012344951262,0.423,3,NS
090060001026A,39.28,0.0033969742713442653,0.409,3,NS
0900600010274,28.14,0.003564405268530292,0.35,3,NS
0900600010289,20.23,0.004008197442994365,0.405,3,NS
0900600010293,33.48,0.0033232805673700416,0.338,3,NS
0900600010310,22.2,0.0040914203413280675,0.498,3,NS
0900600010325,37.59,0.0034350686202376606,0.488,3,NS
090060001033A,18.8,0.004059868512505423,0.355,3,NS
0900600010344,30.43,0.0038679696997960073,0.424,3,NS
0900600010359,21.34,0.004446540367843795,0.175,3,NS
0900600010363,21.89,0.00453177609082349,0.111,3,NS
0900600010378,41.53,0.0031487414440169717,0.459,3,NS
0900600010382,30.99,0.003764093991798822,0.462,3,NS
0900600010397,20.0,0.004262736208364729,0.391,3,NS
0900600010414,34.17,0.003600484261529265,0.447,3,NS
0900600010429,22.37,0.004000953617922985,0.372,3,NS
0900600010433,23.38,0.003857059732918797,0.397,3,NS
0900600010448,18.22,0.003931641699079978,0.301,3,NS
0900600010452,31.22,-0.028265864665719665,0.033,2,LH
0900600010467,5300.0,-0.20233771147889568,0.285,4,NS
0900600010471,29.6,-0.028568126799996384,0.035,2,LH
0900600010486,23.3,0.0038986031165572743,0.373,3,NS
0900600010490,23.42,0.004175335489974667,0.396,3,NS
0900600010503,24.14,0.003919989116074271,0.464,3,NS
0900600010518,17.05,0.003946455651129276,0.335,3,NS
0900600010522,21.33,0.003928756387082692,0.393,3,NS
0900600010537,12.83,0.004868389652246022,0.288,3,NS
0900600010541,20.48,0.004489796881710228,0.169,3,NS
0900600010556,14.35,0.004790866241939511,0.203,3,NS
0900600010575,22.25,0.004151712849023249,0.425,3,NS
090060001058A,32.91,0.0038440006018960866,0.283,3,NS
0900600010594,22.07,0.004291454287024792,0.38,3,NS
0900600010607,22.35,0.004289296118414423,0.301,3,NS
0900600010611,16.29,0.004762453836787964,0.106,3,NS
0900600010626,7.56,0.005140377943932497,0.266,3,NS
0900600010630,26.12,0.004054230572489868,0.439,3,NS
0900600010645,15.51,0.004499155625441542,0.495,3,NS
090060001065A,36.23,0.003614501721065532,0.32,3,NS
0900600010664,18.7,0.004520542703175426,0.278,3,NS
0900600010679,23.69,-0.044313799386192246,0.027,2,LH
0900600010683,22.32,0.004168297419847723,0.445,3,NS
0900600010698,21.1,-0.037215793725584416,0.029,2,LH
0900600010700,22.25,0.004157818451451028,0.417,3,NS
0900600010715,29.89,0.0038304065670589278,0.48,3,NS
090060001072A,25.79,0.003906725275040712,0.406,3,NS
0900600010734,26.78,0.003965642354916676,0.488,3,NS
0900600010749,25.26,0.0037702677373619453,0.416,3,NS
0900600010753,19.4,0.004259499848406042,0.453,3,NS
0900600010768,21.33,0.004455055299138319,0.177,3,NS
0900600010772,17.76,0.0045858924433422555,0.274,3,NS
0900600010787,25.68,0.00409347708600678,0.348,3,NS
0900600010791,21.73,0.004168586879014247,0.488,3,NS
0900600010804,25.91,0.004165133997047472,0.251,3,NS
0900600010823,14.58,0.004745713461624345,0.159,3,NS
0900600010838,27.02,0.004165807863998653,0.226,3,NS
0900600010842,22.73,0.004041606060285687,0.5,3,NS
0900600010876,25.82,0.003961692261286647,0.446,3,NS
0900600010880,14.58,0.004579231090838955,0.4,3,NS
0900600010895,23.89,0.004304726338325352,0.207,3,NS
0900600010908,10.87,0.004729929230530092,0.458,3,NS
0900600010927,14.3,0.004768162686033511,0.315,3,NS
0900600010931,21.04,0.0042691665786298814,0.41,3,NS
0900600010946,35.56,0.0035938812531195992,0.397,3,NS
0900600010950,20.03,0.003997977749431249,0.414,3,NS
0900600010965,29.47,0.004124696568445958,0.147,3,NS
090060001097A,21.6,0.004430651285717884,0.221,3,NS
0900600010984,16.58,0.00439327537836875,0.484,3,NS
0900600010999,15.09,0.004820624365370239,0.15,3,NS
0900600011003,23.92,0.004461314831546369,0.125,3,NS
0900600011018,23.12,0.004229940274601412,0.324,3,NS
0900600011022,23.22,0.004208488992013514,0.41,3,NS
0900600011037,28.93,-0.0012218010756560955,0.08,2,NS
0900600011041,19.87,0.004375759310974481,0.361,3,NS
0900600011056,24.42,0.004192614559502266,0.331,3,NS
0900600011060,22.41,0.004106998823627084,0.466,3,NS
0900600011075,19.4,0.0045820536737444404,0.179,3,NS
090060001108A,28.26,-0.0012551445123056414,0.079,2,NS
0900600011094,38.24,-0.0479629523314165,0.019,2,LH
0900600011107,45.54,-0.04288240735350609,0.019,2,LH
0900600011111,25.48,0.004029105223123531,0.483,3,NS
0900600011126,19.07,0.004147351092600718,0.401,3,NS
0900600011130,22.75,0.004002720161866369,0.492,3,NS
090060001115A,18.42,0.004294089246721139,0.438,3,NS
0900600011164,27.32,0.003935519773317028,0.451,3,NS
0900600011179,13.17,0.0047766464593967965,0.283,3,NS
0900600011183,11.6,0.004878789528231992,0.333,3,NS
0900600011198,32.87,0.003254190116354519,0.325,3,NS
0900600011200,17.08,0.004344584009972652,0.488,3,NS
0900700010017,29.14,0.003842709412624644,0.464,3,NS
0900700010021,23.94,0.004325574574085088,0.183,3,NS
0900700010036,18.98,0.004410093803777336,0.338,3,NS
0900700010040,30.31,0.0034349548431580426,0.304,3,NS
0900700010055,11.89,0.003931035229210394,0.229,3,NS
090070001006A,10.82,0.005007230808851608,0.194,3,NS
0900700010074,28.23,0.0036146027758517784,0.339,3,NS
0900700010089,41.51,0.0028574545223723886,0.26,3,NS
0900700010093,14.31,0.004651278589275352,0.382,3,NS
0900700010106,21.65,0.0045294783256366235,0.129,3,NS
0900700010110,19.67,0.0038154301808866592,0.267,3,NS
090070001013A,15.63,0.0040802069328660096,0.351,3,NS
0900700010144,16.17,0.004313298481473919,0.427,3,NS
0900700010178,34.6,0.0036485998419380633,0.388,3,NS
0900700010182,19.69,-0.0012628693167602034,0.081,2,NS
0900700010197,16.65,-0.00313648623384686,0.065,2,NS
0900700010214,17.25,0.004588581202309579,0.285,3,NS
0900700010233,65.7,0.001972436175828336,0.26,3,NS
0900700010248,59.39,0.0023565792691972805,0.415,3,NS
0900700010252,16.94,0.00415469542312674,0.408,3,NS
0900700010271,17.83,0.004454169064369049,0.412,3,NS
0900700010286,27.82,0.004053879980646084,0.284,3,NS
0900700010290,25.82,0.004253868059079263,0.285,3,NS
0900700010303,13.6,0.00477689190990193,0.375,3,NS
0900700010318,26.08,0.004234480195117289,0.298,3,NS
0900700010322,32.38,0.00386603142789827,0.241,3,NS
0900700010337,19.33,0.004403650267440011,0.399,3,NS
0900700010356,25.38,0.0043367377473076275,0.138,3,NS
0900700010360,13.13,0.004793844244641872,0.235,3,NS
0900700010375,26.44,0.003980917845224642,0.423,3,NS
090070001038A,22.45,0.004212045209500406,0.481,3,NS
0900700010407,20.94,-0.0011013150965795886,0.091,2,NS
0900700010411,24.12,0.004350145989748539,0.271,3,NS
0900700010426,12.18,0.00497589166401984,0.111,3,NS
0900700010445,17.93,0.00461562050320197,0.138,3,NS
0900700010464,18.71,0.004634445410658204,0.109,3,NS
0900700010479,23.5,0.004254380295430133,0.397,3,NS
0900700010483,16.96,0.004374660124067968,0.449,3,NS
0900700010498,18.93,0.0045724176996145725,0.211,3,NS
0900700010500,10.6,0.00490368872734893,0.282,3,NS
0900700010515,24.2,0.004284340798572277,0.192,3,NS
0900700010534,19.59,0.004431892652738845,0.259,3,NS
0900700010553,19.67,0.004404936123355401,0.381,3,NS
0900700010568,14.04,0.005081463186709794,0.041,3,LL
0900700010572,17.84,0.004804996071087926,0.053,3,NS
0900700010587,26.17,0.0044455629447818406,0.035,3,LL
0900700010591,16.81,0.00492914959877949,0.03,3,LL
0900700010604,17.25,0.004690701335300481,0.206,3,NS
0900700010619,20.5,0.0044941487412797475,0.183,3,NS
0900700010623,21.72,0.004420559238240585,0.322,3,NS
0900700010638,14.18,0.00510914168374147,0.013,3,LL
0900700010642,19.09,0.004311064073821275,0.408,3,NS
0900700010657,14.09,0.00473931489599505,0.243,3,NS
0900700010676,33.72,0.0036833794379857814,0.328,3,NS
0900700010680,22.08,0.0042155835155171925,0.487,3,NS
0900700010695,18.72,0.004311772156715504,0.432,3,NS
0900700010708,24.43,0.004361516917411333,0.192,3,NS
0900700010727,64.19,0.0019221337267605833,0.288,3,NS
0900700010731,15.59,-0.09328153366558263,0.016,2,LH
0900700010746,27.02,-0.060482181350931266,0.025,2,LH
0900700010750,18.26,-0.09639902816920207,0.015,2,LH
0900700010765,21.42,0.004413401261621444,0.224,3,NS
090070001077A,16.31,0.004433617402191809,0.489,3,NS
0900700010784,21.74,0.004413817409044465,0.183,3,NS
0900700010801,18.64,0.0042386524210934135,0.411,3,NS
0900700010816,28.17,0.0040845037785044724,0.35,3,NS
0900700010820,23.38,0.0039690982955609,0.437,3,NS
0900700010835,14.5,0.004621476514223593,0.367,3,NS
090070001084A,20.13,0.003543547083403988,0.243,3,NS
0900700010854,36.18,0.003312824645071837,0.325,3,NS
0900700010888,12.98,0.00485745016561575,0.331,3,NS
0900700010892,22.52,0.004303925359352587,0.391,3,NS
0900700010905,22.87,0.0039298487621766565,0.441,3,NS
090070001091A,27.01,0.003888521829333995,0.476,3,NS
0900700010924,32.19,0.0035528385925451262,0.455,3,NS
0900700010939,44.48,0.003085857967604057,0.48,3,NS
0900700010943,19.19,0.003982387827898362,0.381,3,NS
0900700010958,12.86,0.004220616885399474,0.357,3,NS
0900700010962,20.53,0.002478632927945678,0.118,3,NS
0900700010977,26.57,0.0032459163234325873,0.224,3,NS
0900700010981,26.11,0.004146313917124289,0.305,3,NS
0900700011000,20.65,0.004520384409568781,0.181,3,NS
0900700011015,21.39,0.0045772404159657104,0.132,3,NS
0900700011034,28.33,0.004242248900764141,0.076,3,NS
0900700011049,22.6,0.0044331134669195115,0.202,3,NS
0900700011053,20.27,0.004446838228204204,0.242,3,NS
0900700011087,14.4,-0.00505096373538403,0.066,2,NS
0900700011091,18.67,0.004573321276893654,0.189,3,NS
0900700011104,20.89,0.004363704260624894,0.289,3,NS
0900700011123,93.07,0.0009075534280651914,0.352,3,NS
0900700011138,63.13,0.0022432186133107173,0.498,3,NS
0900700011142,9.38,0.004407160377661113,0.338,3,NS
0900700011157,18.41,0.004489168036464667,0.4,3,NS
0900700011176,42.66,0.003178178355933734,0.489,3,NS
0900700011180,44.37,0.0030557144027921965,0.47,3,NS
0900700011195,17.74,0.0022055709406511087,0.109,3,NS
0900700011208,142.28,-0.001265335634651485,0.38,4,NS
0900700011227,20.26,0.004422937932903602,0.265,3,NS
0900700011246,31.2,0.0038370921525137675,0.319,3,NS
0900700011250,12.45,0.004585021013146384,0.486,3,NS
0900700011265,20.43,0.0045112459251665975,0.143,3,NS
090070001127A,32.2,0.003924706170950403,0.23,3,NS
0900700011284,12.33,0.004909342855462626,0.219,3,NS
0900700011299,18.49,0.004725449838360399,0.068,3,NS
0900700011301,26.7,0.004270412243167158,0.139,3,NS
0900700011316,24.14,-0.008951937265648916,0.046,2,LH
090070001134A,17.77,0.004667436429695132,0.137,3,NS
0900700011354,13.48,0.004471313100387414,0.491,3,NS
0900700011369,26.21,0.003467273430677229,0.315,3,NS
0900700011388,10.76,0.0044048951346373245,0.424,3,NS
090070001141A,36.33,0.0035614787667506516,0.468,3,NS
0900700011424,37.49,0.003335341016872587,0.426,3,NS
0900700011439,26.69,0.003517933603221556,0.301,3,NS
0900700011443,27.88,0.0037574268284567562,0.428,3,NS
0900700011458,51.56,0.002658277859239511,0.346,3,NS
0900700011462,27.31,0.0038814287709632747,0.433,3,NS
0900700011477,11.13,0.004965147330291616,0.221,3,NS
0900700011481,5.75,0.005236778884982978,0.302,3,NS
0900700011496,21.39,0.004379381670524251,0.319,3,NS
0900700011509,16.98,-0.003474459957745652,0.078,2,NS
0900700011513,19.75,0.004597594611895069,0.186,3,NS
0900700011566,19.71,0.0044576293852706455,0.242,3,NS
090070001159A,14.29,0.004716588266373525,0.24,3,NS
0900700011621,22.08,0.004244804621531345,0.298,3,NS
0900700011636,16.65,0.004830379734980793,0.113,3,NS
0900700011640,17.04,0.004682125411015382,0.195,3,NS
0900700011655,20.83,0.004658297830805518,0.045,3,LL
090070001166A,20.3,0.004454040275891608,0.275,3,NS
0900700011674,21.01,-0.0024236745137013295,0.095,2,NS
0900700011689,17.58,0.004702930280299135,0.23,3,NS
0900700011693,16.9,0.004447194461965194,0.424,3,NS
0900700011706,17.76,0.0042071340406351874,0.396,3,NS
0900700011710,29.08,0.003964988084555202,0.282,3,NS
0900700011759,21.03,0.0046163750523642065,0.084,3,NS
0900700011763,18.07,0.0044482334510330184,0.342,3,NS
0900700011778,22.22,0.00461439006191228,0.036,3,LL
0900700011814,16.78,0.0047862784396455835,0.119,3,NS
0900700011833,15.59,0.004796321945332442,0.12,3,NS
0900700011848,10.2,0.00495781418333925,0.328,3,NS
0900700011852,23.23,0.004417163083347794,0.128,3,NS
0900700011867,15.16,-0.00409674726942617,0.078,2,NS
0900700011890,17.67,0.004785904980432219,0.058,3,NS
0900700011918,16.76,0.005001921070734063,0.006,3,LL
0900700011941,20.01,-0.0025902921924920667,0.095,2,NS
0900700011960,35.59,0.003590177998373075,0.358,3,NS
0900700011975,19.43,0.0042007514497964145,0.487,3,NS
090070001198A,29.33,0.0037172643371150564,0.409,3,NS
0900700011994,24.88,0.004428339378211944,0.059,3,NS
0900700012047,16.98,2.6576410506601172e-05,0.113,3,NS
0900700012051,13.92,0.0017774317848409957,0.171,3,NS
0900700012070,18.06,0.004993553570354775,0.016,3,LL
0900700012085,10.0,0.005287016451272926,0.019,3,LL
090070001209A,19.01,0.004325471709390018,0.417,3,NS
0900700012102,45.57,-0.0003550981762881982,0.095,2,NS
0900700012117,22.52,0.004325841170894359,0.319,3,NS
0900700012121,726.03,-0.026906785231447225,0.464,4,NS
0900700012140,9.69,0.0051972979044244295,0.059,3,NS
0900700012155,15.12,0.004932296945112717,0.088,3,NS
090070001216A,16.61,0.0045122220727868215,0.345,3,NS
0900700012174,28.95,-0.002362454500825944,0.066,2,NS
0900700012189,19.16,0.004411615525474609,0.4,3,NS
0900700012193,15.15,0.005052351498091465,0.016,3,LL
0900700012206,14.04,0.004762555098916261,0.341,3,NS
0900700012371,20.81,0.00400163816949787,0.299,3,NS
0900700012386,24.93,0.0040288506500177085,0.457,3,NS
0900700012390,88.52,0.0003033545021408197,0.137,3,NS
0900700012403,740.61,0.3439083533368287,0.027,1,HH
0900700012437,18.91,0.004734970105957277,0.099,3,NS
0900700012441,18.85,0.004724933855181744,0.069,3,NS
0900700012456,21.93,-0.06844731111673409,0.023,2,LH
0900700012460,34.21,-0.05573384589407692,0.025,2,LH
0900700012475,11735.29,0.16691451655755646,0.077,1,NS
0900700012494,37.61,0.0037834213458304974,0.072,3,NS
0900700012507,19.72,0.003948200088950379,0.307,3,NS
0900700012511,18.07,0.004526551580539268,0.326,3,NS
0900700012526,17.05,0.004390166662824683,0.495,3,NS
0900700012530,11.39,0.004217203650447308,0.338,3,NS
0900700012545,18.57,0.004396066012148952,0.48,3,NS
090070001255A,39.38,0.0037372033541680084,0.061,3,NS
0900700012564,12.79,0.004809397491504376,0.217,3,NS
0900700012579,24.22,0.00324904149416142,0.215,3,NS
0900700012600,33.0,0.0035760771336836154,0.497,3,NS
0900700012615,8.97,0.005415836784777403,0.032,3,LL
090070001262A,11.23,0.005311747956159001,0.005,3,LL
0900700012634,10.48,0.005413198294041755,0.013,3,LL
0900700012649,6.03,0.005613812992005361,0.016,3,LL
0900700012653,9.05,0.005643097600448567,0.007,3,LL
0900700012668,8.96,0.005520534622401216,0.003,3,LL
0900700012672,8.7,0.005519657289456139,0.002,3,LL
0900700012687,9.45,0.005242517405892349,0.073,3,NS
0900700012691,17.6,0.0046868114060425155,0.166,3,NS
0900700012704,14.75,0.005159094779933109,0.001,3,LL
0900700012719,10.05,0.005513342236065075,0.001,3,LL
0900700012723,11.99,0.0054199904854023125,0.001,3,LL
0900700012738,13.59,0.005263002336537028,0.002,3,LL
0900700012757,15.5,0.004994250338434179,0.026,3,LL
0900700012776,17.85,0.004919544909973032,0.015,3,LL
0900700012780,10.62,0.005368890880849326,0.005,3,LL
0900700012795,19.67,0.0049336384311983875,0.004,3,LL
0900700012808,13.89,0.004664010604440075,0.43,3,NS
0900700012812,13.4,0.0046011727231554675,0.402,3,NS
0900700012831,28.57,0.004270320220045622,0.036,3,LL
0900700012846,9.72,0.005072315531327745,0.165,3,NS
0900700012850,22.53,0.004680913155003925,0.009,3,LL
090070001287A,17.14,0.004969631862548939,0.012,3,LL
0900700012884,9.82,0.005228568556167371,0.053,3,NS
0900700012899,12.81,0.004710273916765796,0.393,3,NS
0900700012901,10.95,0.004976807541749628,0.189,3,NS
0900700012920,13.6,0.005181679182369854,0.016,3,LL
0900700012935,6.89,0.005551788137507741,0.004,3,LL
090070001294A,10.96,0.005453565387339332,0.001,3,LL
0900700012954,11.65,0.005410207810721407,0.001,3,LL
0900700012969,6.47,0.005623040091451906,0.034,3,LL
0900700012973,10.13,0.00545852455609926,0.001,3,LL
0900700012988,13.18,0.005115271256757587,0.043,3,LL
0900700013026,14.04,0.005019556009063455,0.066,3,NS
0900700013030,8.8,0.005464180456050172,0.003,3,LL
0900700013045,9.43,0.005201868751996376,0.062,3,NS
090070001305A,17.09,0.0049352382961803465,0.013,3,LL
0900700013064,16.52,0.005015760631835791,0.009,3,LL
0900700013079,21.36,0.004841563513172173,0.002,3,LL
0900700013083,11.39,0.005395030788486223,0.001,3,LL
0900700013100,12.61,0.005393407761208549,0.001,3,LL
0900700013115,8.36,0.00552845485554738,0.002,3,LL
0900700013134,10.9,0.005459251900917708,0.003,3,LL
0900700013149,12.43,0.005391173971881886,0.001,3,LL
0900700013153,10.11,0.005538506296030817,0.001,3,LL
0900700013204,9.7,0.005308862559725924,0.06,3,NS
0900700013219,11.95,0.005291853614377714,0.004,3,LL
0900700013223,12.45,0.005236905606420783,0.005,3,LL
0900700013238,11.5,0.005473020876836241,0.001,3,LL
0900700013242,8.65,0.005572697726740844,0.001,3,LL
0900700013257,9.88,0.005510118136995302,0.003,3,LL
0900700013276,10.59,0.005505162256373339,0.001,3,LL
0900700013295,15.99,0.005112449709208674,0.002,3,LL
0900700013327,15.19,0.004959086801220981,0.054,3,NS
0900700013346,10.93,0.0055009462997797605,0.001,3,LL
0900700013365,6.89,0.005669367649717471,0.021,3,LL
090070001337A,14.89,0.004952619694899615,0.047,3,LL
0900700013401,10.49,0.005424217020990334,0.001,3,LL
0900700013420,7.44,0.005701261746358131,0.001,3,LL
0900700013488,15.71,0.005042993089368789,0.023,3,LL
0900700013492,20.62,-0.004993426515600919,0.07,2,NS
0900700013505,11.74,0.005173783530661669,0.029,3,LL
090070001351A,16.48,0.005051585970178776,0.004,3,LL
0900700013539,10.78,0.005229576953294884,0.046,3,LL
0900700013558,49.9,0.002736003023294109,0.413,3,NS
0900700013562,27.09,0.0034243573566448216,0.303,3,NS
0900700013577,12.91,0.004133582509767437,0.327,3,NS
0900700013581,23.34,0.003821319481464298,0.342,3,NS
0900700013596,46.58,0.0031287582383101894,0.263,3,NS
0900700013613,48.58,0.0029981189848444167,0.479,3,NS
0900700013628,5.18,0.004017560472463695,0.176,3,NS
0900700013632,13.47,0.00477695915557884,0.231,3,NS
0900700013647,16.37,0.004764437004802356,0.184,3,NS
0900700013651,53.86,-0.00014234140654991403,0.102,2,NS
0900700013666,10.73,0.004945224021164167,0.261,3,NS
0900700013670,10.38,0.005124365544237265,0.075,3,NS
090070001369A,18.54,0.004799807832415455,0.101,3,NS
0900700013702,13.12,0.004686937300982238,0.443,3,NS
0900700013717,17.69,0.004565095270232722,0.317,3,NS
0900700013721,20.22,0.004720736802285739,0.05,3,NS
0900700013740,21.87,0.003684324327990854,0.32,3,NS
0900700013755,12.73,0.005075591318053668,0.077,3,NS
090070001376A,20.46,0.004341954348925348,0.409,3,NS
0900700013774,27.92,0.004128784522411139,0.189,3,NS
0900700013789,6.45,0.003666276158365113,0.174,3,NS
0900700013793,13.81,0.005197599358541765,0.009,3,LL
0900700013806,22.12,0.004556464590741871,0.09,3,NS
0900700013810,8.96,0.005091555441854926,0.288,3,NS
0900700013825,12.06,0.005142906656228198,0.057,3,NS
090070001383A,49.51,0.002941397330147326,0.408,3,NS
0900700013844,5.16,0.004740448445789146,0.358,3,NS
0900700013859,10.53,0.00530009661849575,0.044,3,LL
0900700013863,13.24,0.004986988038981144,0.072,3,NS
0900700013897,42.67,0.0032240685095253985,0.44,3,NS
090070001390A,24.46,0.004034698518347902,0.477,3,NS
0900700013914,17.55,0.004781388069476966,0.149,3,NS
0900700013967,13.19,0.00506868363601655,0.069,3,NS
0900700013971,6.65,0.005152561819025788,0.251,3,NS
0900700013986,7.62,0.005171988397789014,0.243,3,NS
0900700013990,10.78,0.005206667321242233,0.093,3,NS
090070001401A,7.28,0.005358093624296901,0.106,3,NS
0900700014024,10.49,0.0053551560227968085,0.004,3,LL
0900700014039,10.21,0.0053287742081457885,0.039,3,LL
0900700014043,10.64,0.005339050205815721,0.004,3,LL
0900700014058,10.23,0.005219863813030773,0.035,3,LL
0900700014062,13.04,0.005079582513718377,0.035,3,LL
0900700014077,10.95,0.005401935109663403,0.002,3,LL
0900700014081,4.96,0.005752070257961788,0.003,3,LL
0900700014096,12.93,0.005295900518758531,0.003,3,LL
0900700014109,10.16,0.005489420247376866,0.001,3,LL
0900700014113,25.58,0.004510926806000209,0.018,3,LL
0900700014128,6.45,0.00524960282973253,0.222,3,NS
0900700014147,15.75,0.004736486071367914,0.234,3,NS
0900700014151,7.59,0.00526248013751959,0.128,3,NS
0900700014166,16.23,0.004902510013706257,0.059,3,NS
0900700014170,12.95,0.005117925391147981,0.077,3,NS
0900700014185,14.1,0.00505184629469761,0.083,3,NS
090070001419A,2.71,0.005770520206608551,0.004,3,LL
0900700014202,15.66,0.005141743972338336,0.003,3,LL
0900700014217,12.63,0.005154778443615866,0.027,3,LL
0900700014236,9.63,0.0053682477586943275,0.01,3,LL
0900700014240,11.89,0.005372085610807277,0.002,3,LL
090070001426A,10.47,0.00561202326882436,0.001,3,LL
0900700014274,5.18,0.005782275080394272,0.014,3,LL
0900700014289,10.83,0.00557665058402734,0.001,3,LL
0900700014293,7.61,0.005345190673445954,0.144,3,NS
0900700014306,10.47,0.005150886856592246,0.14,3,NS
0900700014310,11.34,0.0052171467862068745,0.044,3,LL
0900700014325,21.42,-0.00690394713713674,0.059,2,NS
090070001433A,14.93,0.0050580201570930555,0.015,3,LL
0900700014344,8.24,0.0055254317818481564,0.003,3,LL
0900700014359,6.88,0.0056688815822527674,0.001,3,LL
0900700014363,8.74,0.005220574420810621,0.06,3,NS
0900700014382,12.3,0.005495572887934025,0.001,3,LL
0900700014397,9.15,0.005287685534264966,0.034,3,LL
090070001440A,11.36,0.0053040621091035405,0.025,3,LL
0900700014414,17.56,0.0045770450099235395,0.28,3,NS
0900700014429,16.59,0.004782421521223779,0.244,3,NS
0900700014433,19.19,0.004743973110285165,0.047,3,LL
0900700014448,25.86,0.00424490863742401,0.213,3,NS
0900700014452,11.22,0.005087871000024803,0.092,3,NS
0900700014467,5.47,0.005260071975511964,0.173,3,NS
0900700014471,15.39,0.0052681319818452714,0.001,3,LL
0900700014503,3.95,0.005819015053393853,0.001,3,LL
0900700014522,24.03,0.004885644015398647,0.001,3,LL
0900700014537,3.62,0.005777864346429993,0.008,3,LL
0900700014541,4.95,0.005660933003114854,0.004,3,LL
0900700014556,3.76,0.00568707627042362,0.005,3,LL
0900700014560,9.29,0.005145134220982233,0.155,3,NS
0900700014575,9.47,0.005318001791818269,0.043,3,LL
0900700014594,5.15,0.005618663018842194,0.007,3,LL
0900700014611,11.98,0.005433340933102299,0.001,3,LL
0900700014645,27.03,0.004403659155327264,0.023,3,LL
090070001465A,15.75,0.004557213624148795,0.443,3,NS
0900700014664,9.89,0.0049664127596989035,0.211,3,NS
0900700014679,20.45,0.004747536935392324,0.045,3,LL
0900700014683,3.61,0.005464494778836045,0.122,3,NS
0900700014698,12.35,0.004963921975436929,0.059,3,NS
0900700014715,1187.5,-0.05124804213579156,0.132,4,NS
090070001472A,16.47,-0.006806752533102263,0.059,2,NS
0900700014734,13.81,-0.0026123060615042006,0.096,2,NS
0900700014749,16.32,0.005095255324286996,0.002,3,LL
0900700014768,14.97,0.005200852365637172,0.001,3,LL
0900700014772,8.88,0.005477529111924566,0.004,3,LL
0900700014791,1.87,0.005127988372722263,0.5,3,NS
0900700014804,16.82,0.005185115474456175,0.026,3,LL
0900700014838,10.9,0.005430691541374914,0.021,3,LL
0900700014842,7.92,0.005674493958837034,0.001,3,LL
0900700014857,8.9,0.005600435242808529,0.001,3,LL
0900700014861,6.42,0.005664205471758225,0.005,3,LL
0900700014876,7.95,0.005615187216556537,0.001,3,LL
0900700014880,7.17,0.005709864952203563,0.002,3,LL
0900700014895,14.89,0.004193387838164002,0.383,3,NS
0900700014908,25.69,0.003786312932246469,0.431,3,NS
0900700014912,21.76,0.004318239257933651,0.303,3,NS
0900700014927,13.21,0.004417327116982552,0.473,3,NS
0900700014931,13.49,0.004915643913171281,0.137,3,NS
0900700014946,12.15,0.004996448267547338,0.163,3,NS
0900700014965,13.61,0.0050323561563871645,0.046,3,LL
090070001497A,29.06,0.0038232339635767966,0.474,3,NS
0900700014984,8.5,0.004744806385785027,0.475,3,NS
0900700014999,54.5,0.0029802127001826405,0.062,3,NS
0900700015003,6.04,0.004724070781198166,0.373,3,NS
0900700015018,15.39,0.005030546052951295,0.03,3,LL
0900700015037,9.45,0.005600185107892661,0.001,3,LL
0900700015041,6.08,0.005762103065463818,0.001,3,LL
0900700015056,2.48,0.005985014998222329,0.01,3,LL
0900700015060,14.33,0.0051618281263684715,0.002,3,LL
0900700015075,7.65,0.005620602915065536,0.001,3,LL
090070001508A,8.87,0.005640437299321682,0.001,3,LL
0900700015094,6.6,0.005747952556333074,0.005,3,LL
0900700015107,17.31,0.004573904848156,0.182,3,NS
0900700015111,5.75,0.0053534107248933765,0.165,3,NS
0900700015126,5.36,0.005271755974540208,0.253,3,NS
0900700015130,14.66,0.005058146828403866,0.021,3,LL
0900700015145,12.06,0.005263186912776761,0.004,3,LL
090070001515A,11.63,0.0054993116089102016,0.001,3,LL
0900700015179,12.08,0.005214285014899793,0.016,3,LL
0900700015183,5.6,0.005593925050342976,0.026,3,LL
0900700015198,17.51,0.0004653384148159567,0.15,3,NS
0900700015200,16.6,-0.004920248432280374,0.069,2,NS
0900700015215,18.78,0.004834642057595669,0.008,3,LL
090070001522A,15.99,0.005160222260977874,0.001,3,LL
0900700015249,13.09,0.0052186625206014775,0.004,3,LL
0900700015253,11.22,0.005096291106227221,0.15,3,NS
0900700015268,10.97,0.0050275331265197155,0.151,3,NS
0900700015272,25.4,0.004134877951961197,0.286,3,NS
0900700015287,26.27,0.003976228132490013,0.458,3,NS
0900700015291,12.02,0.005243623479418347,0.008,3,LL
0900700015304,7.74,0.005491876619958569,0.013,3,LL
0900700015319,13.47,0.0053493366133952214,0.001,3,LL
0900700015323,9.88,0.005475771953100497,0.002,3,LL
0900700015338,7.17,0.005664774806591099,0.001,3,LL
0900700015342,10.56,0.005463196942468362,0.019,3,LL
0900700015357,27.94,0.004122015778087272,0.318,3,NS
0900700015361,13.19,0.004903613998096604,0.084,3,NS
0900700015376,0.0,0.006062414275553148,0.03,3,LL
0900700015380,13.88,0.005206094930703736,0.001,3,LL
0900700015395,5.61,0.005361732486234054,0.13,3,NS
0900700015408,12.25,0.003979243796403201,0.237,3,NS
0900700015412,2.61,0.005872690485751013,0.003,3,LL
0900700015427,5.37,0.004545600276534061,0.368,3,NS
0900700015431,21.11,0.004343201921785097,0.381,3,NS
0900700015446,21.82,0.00397561953311115,0.421,3,NS
0900700015450,20.24,0.0048209120620351445,0.01,3,LL
0900700015465,9.57,0.005207282133169947,0.185,3,NS
090070001547A,27.83,0.0038538223727706813,0.422,3,NS
0900700015484,11.8,0.005266796043998207,0.001,3,LL
0900700015499,11.4,0.0054019596095781185,0.001,3,LL
0900700015501,6.65,0.005606597341900164,0.034,3,LL
0900700015516,12.62,0.005278821566592902,0.001,3,LL
0900700015520,10.12,0.0054389136816123404,0.008,3,LL
0900700015535,10.46,0.005126423086479934,0.077,3,NS
090070001554A,10.91,0.005039415586173555,0.138,3,NS
0900700015554,8.29,0.0054938186213793665,0.003,3,LL
0900700015569,5.83,0.005633346685352145,0.012,3,LL
0900700015573,11.3,0.005373707722842915,0.001,3,LL
0900700015588,9.38,0.0055448899250696345,0.001,3,LL
0900700015592,18.0,0.004474752343213487,0.309,3,NS
0900700015605,16.51,0.00462906065000251,0.311,3,NS
090070001561A,3.97,0.00580281913537669,0.002,3,LL
0900700015624,5.76,-0.0018815511118191798,0.106,2,NS
0900700015639,5.18,0.0045964265575393305,0.344,3,NS
0900700015643,9.57,0.005072832668494968,0.246,3,NS
0900700015658,10.55,0.0049827298070935725,0.137,3,NS
0900700015662,43.69,-0.0016968210759730888,0.097,2,NS
0900700015677,13.29,-0.002485062036365066,0.097,2,NS
0900700015681,7.02,0.005161484481230662,0.161,3,NS
0900700015696,46.46,0.003361821974488737,0.086,3,NS
0900700015709,17.86,0.004794237395990609,0.134,3,NS
0900700015713,17.38,0.004848219486743997,0.057,3,NS
0900700015728,11.31,0.005521420022614576,0.011,3,LL
0900700015732,4.09,0.005569024646505689,0.025,3,LL
0900700015747,5.56,0.005713640181932878,0.02,3,LL
0900700015751,3.53,0.005882868417687426,0.001,3,LL
0900700015766,13.68,0.005457811262456003,0.001,3,LL
0900700015770,5.23,0.005735270129209115,0.003,3,LL
0900700015785,26.0,0.004691389924155543,0.001,3,LL
090070001579A,10.99,0.00522761532560354,0.117,3,NS
0900700015802,4.32,0.005847920001067129,0.001,3,LL
0900700015817,7.94,0.005627644180827665,0.001,3,LL
0900700015821,8.55,0.0055596199029159105,0.002,3,LL
0900700015836,6.1,0.005502086973250656,0.053,3,NS
0900700015840,17.22,0.005057983005102977,0.001,3,LL
0900700015855,3.57,0.0053193662973432445,0.283,3,NS
090070001586A,5.55,-0.007985581775426603,0.058,2,NS
0900700015874,14.74,0.005193544517833508,0.004,3,LL
0900700015889,9.57,0.005270868924925054,0.094,3,NS
0900700015893,7.27,0.005436570780983487,0.038,3,LL
0900700015906,9.79,0.005242212551558537,0.048,3,LL
0900700015910,9.73,0.005358618486127513,0.019,3,LL
0900700015925,9.03,0.0053747271615605585,0.046,3,LL
090070001593A,5.79,0.00545768677643663,0.061,3,NS
0900800010014,28.17,0.004164446266377989,0.115,3,NS
0900800010029,17.01,0.003860590696872308,0.228,3,NS
0900800010033,28.62,0.0036917086020590555,0.376,3,NS
0900800010048,12.07,0.0044652161026877855,0.4,3,NS
0900800010052,20.15,0.0042507602184202785,0.461,3,NS
0900800010067,10.38,0.004583938458694919,0.397,3,NS
0900800010071,9.31,0.004488145450968782,0.323,3,NS
0900800010086,51.02,0.0025752297644122428,0.396,3,NS
0900800010090,14.72,0.0049782879330026375,0.056,3,NS
0900800010103,11.45,0.004980432105926938,0.2,3,NS
0900800010118,10.56,0.004960052509505304,0.182,3,NS
0900800010122,39.15,0.003395477215804491,0.496,3,NS
0900800010137,15.04,0.00485055210349292,0.125,3,NS
0900800010141,22.14,0.004567276586316935,0.065,3,NS
0900800010156,21.7,0.004625622518664874,0.058,3,NS
0900800010160,13.68,0.004902847451708666,0.104,3,NS
0900800010175,16.96,0.004606204418241442,0.281,3,NS
090080001018A,15.51,0.004567993890240063,0.413,3,NS
0900800010194,26.78,0.003418192001326479,0.276,3,NS
0900800010207,18.09,0.004583288909645458,0.254,3,NS
0900800010211,20.12,0.004590878090068475,0.096,3,NS
0900800010226,16.85,0.004660758829646133,0.264,3,NS
0900800010230,27.53,0.004189606295386451,0.182,3,NS
0900800010245,18.62,0.004535826419491536,0.303,3,NS
090080001025A,15.53,0.004503403535535767,0.427,3,NS
0900800010264,19.23,0.004346379237296175,0.359,3,NS
0900800010283,38.13,0.003169200781206062,0.371,3,NS
0900800010298,20.34,0.004387255623933648,0.338,3,NS
0900800010300,21.99,0.004213392552020823,0.375,3,NS
0900800010315,38.45,0.0034746625326418502,0.459,3,NS
090080001032A,32.07,0.003682834370265571,0.492,3,NS
0900800010334,33.36,0.0037499627683131964,0.338,3,NS
0900800010349,18.23,0.004325481976829843,0.468,3,NS
0900800010353,26.6,0.0038550189146219966,0.482,3,NS
0900800010387,18.5,0.004706336671704077,0.088,3,NS
0900800010404,19.99,0.0045659278175418285,0.166,3,NS
0900800010423,20.25,0.004422375406067295,0.341,3,NS
0900800010438,14.59,0.004920034046088913,0.094,3,NS
0900800010457,20.37,0.004362993880925506,0.362,3,NS
0900800010461,17.96,0.004751082792083089,0.134,3,NS
0900800010476,9.85,0.005416265282388375,0.046,3,LL
0900800010495,30.59,0.003736632050720462,0.452,3,NS
0900800010508,8.11,0.004485800740672919,0.318,3,NS
0900800010512,13.55,0.005092613917185153,0.044,3,LL
0900800010527,13.76,0.0050735832111282455,0.047,3,LL
0900800010531,13.7,0.0048973722438538266,0.263,3,NS
0900800010546,17.7,0.004736861715569517,0.06,3,NS
0900800010550,19.81,0.004558051208651544,0.151,3,NS
0900800010565,25.97,0.004227808482943659,0.256,3,NS
090080001057A,18.41,0.004565147081349668,0.283,3,NS
0900800010584,14.68,0.00496249837530781,0.122,3,NS
0900800010599,12.64,0.005094087494592315,0.147,3,NS
0900900010026,40.26,0.003470162037347748,0.354,3,NS
0900900010308,19.52,0.004273007794248191,0.457,3,NS
0900900010312,22.26,0.004201206849996915,0.498,3,NS
0900900010327,36.14,0.0036742134757082826,0.342,3,NS
0900900010331,25.35,0.003787948592538564,0.314,3,NS
0900900010492,19.23,0.0045613421158638215,0.458,3,NS
0900900010505,5.54,0.0044871400842725105,0.274,3,NS
0900900010562,19.25,0.004494579981308521,0.447,3,NS
0900900110401,17.85,0.004718872159433898,0.161,3,NS
0900900110416,21.36,0.004605236947824342,0.075,3,NS
0900900110420,23.84,0.0043941441674060465,0.236,3,NS
0900900110435,18.74,0.0047106054659840175,0.166,3,NS
090090011051A,8.24,0.005129517311170205,0.43,3,NS
0900900110543,18.18,0.004692748310432366,0.395,3,NS
0900900170365,22.01,0.004506895961608827,0.216,3,NS
090090017037A,15.44,0.004813503569592473,0.177,3,NS
0900900170384,14.21,0.004602616890981043,0.445,3,NS
0900900170399,18.35,0.004785920326187279,0.12,3,NS
0900900170558,12.12,0.005037409569495992,0.266,3,NS
0900900240191,13.67,0.004974592627168995,0.084,3,NS
0900900240204,12.12,0.005143507394889878,0.094,3,NS
0900900240219,17.99,0.004588977434443282,0.324,3,NS
0900900240577,13.02,0.005087273480751188,0.185,3,NS
0900900240581,41.88,0.003611610041906857,0.219,3,NS
0900900240596,14.68,0.005114014792684415,0.032,3,LL
0900900240651,0.0,0.005820181404221755,0.237,3,NS
090090029044A,24.56,0.004356738683710883,0.239,3,NS
0900900290454,34.41,0.003941702790017353,0.265,3,NS
0900900290469,17.46,0.0048461002736734735,0.153,3,NS
0900900290473,9.16,0.004727223493671089,0.443,3,NS
0900900290609,12.58,0.004803269343177974,0.45,3,NS
0900900330346,13.11,0.005161755488113342,0.051,3,NS
0900900330350,12.58,0.005117048381903405,0.095,3,NS
0900900330488,13.11,0.005007514253068366,0.192,3,NS
0900900360223,21.26,0.004706414055471924,0.121,3,NS
0900900360238,11.92,0.005039494126490973,0.272,3,NS
0900900360242,12.83,0.005018100801547571,0.257,3,NS
0900901520613,17.54,0.004751566589310456,0.285,3,NS
0900901520628,12.31,0.004994818759550308,0.391,3,NS
0900903000632,14.22,0.004805009857285531,0.207,3,NS
0900903000647,13.2,0.004983229971699143,0.267,3,NS
0901000010012,31.4,0.003822428089769977,0.389,3,NS
0901000010027,18.73,0.004288761338786038,0.481,3,NS
0901000010031,33.43,0.003636353056280553,0.472,3,NS
0901000010046,20.45,0.004230773283602113,0.497,3,NS
0901000010050,16.65,0.004406367748618339,0.457,3,NS
0901000010065,24.69,0.004075291788803892,0.48,3,NS
0901000010084,18.4,0.00481541492526011,0.103,3,NS
0901000010099,18.58,0.004531205557689122,0.203,3,NS
0901000010101,10.73,0.004767684691251784,0.477,3,NS
0901000010116,26.23,0.0041960988398026785,0.252,3,NS
0901000010135,16.37,0.004160961305113539,0.469,3,NS
090100001014A,20.96,0.004678323946059434,0.052,3,NS
0901000010169,17.65,0.004697945074447202,0.229,3,NS
0901000010173,31.84,0.0042017799749896525,0.012,3,LL
0901000010188,2.96,0.0053428611219718675,0.147,3,NS
0901000010192,50.46,0.0031996811191641853,0.041,3,LL
0901000010205,5.64,0.006000036668047657,0.001,3,LL
090100001021A,8.85,0.005237786163007331,0.073,3,NS
0901000010224,18.04,0.004538686053640921,0.374,3,NS
0901000010239,14.36,0.004448172071771405,0.425,3,NS
0901000010243,26.06,0.004269443500972711,0.061,3,NS
0901000010258,0.0,0.005981140672120745,0.005,3,LL
0901000010262,8.87,0.005548575554998115,0.002,3,LL
0901000010277,10.96,0.0051811286153851084,0.076,3,NS
0901000010281,151.9,-0.0013326861327901413,0.205,4,NS
0901000010296,40.58,0.0026583214046009274,0.216,3,NS
0901000010309,18.74,0.001999195529919548,0.118,3,NS
0901000010313,14.94,0.004626823731204772,0.345,3,NS
0901000010328,18.66,0.004629239995875502,0.164,3,NS
0901000010332,14.83,0.004947499225533253,0.074,3,NS
0901000010347,13.65,0.005149918461611453,0.025,3,LL
0901000010351,12.19,0.005205616720283352,0.03,3,LL
0901000010370,13.16,0.005034684539428022,0.067,3,NS
0901000010385,13.73,0.004869658764335775,0.164,3,NS
0901000010417,27.42,0.0039541739304825,0.474,3,NS
0901000010421,29.08,0.004080481292238978,0.113,3,NS
0901000010440,13.48,0.005092054029446274,0.035,3,LL
0901000010455,17.74,0.005013666531064661,0.011,3,LL
0901000010474,13.06,0.004818860053891446,0.218,3,NS
0901000010489,17.33,0.004694905377748734,0.129,3,NS
0901000010493,24.36,0.0041639310559495905,0.321,3,NS
0901000010506,10.3,0.004713312352360457,0.482,3,NS
0901000010510,20.15,0.004286840393906895,0.427,3,NS
0901000010525,28.11,0.004182346722162635,0.158,3,NS
090100001053A,10.28,0.005289288359562196,0.02,3,LL
0901000010544,16.92,0.0049792839744583145,0.011,3,LL
0901000010559,15.61,0.005025160179713074,0.031,3,LL
0901000010563,13.12,0.005017585952345062,0.114,3,NS
0901000010578,14.07,0.005133566008342058,0.007,3,LL
0901000010597,27.55,0.004137708921560155,0.249,3,NS
090100001060A,32.57,0.0037706135892052197,0.344,3,NS
0901000010614,20.69,0.004114102462926499,0.421,3,NS
0901000010629,25.5,0.004116297833643783,0.364,3,NS
0901000010633,12.18,0.0046011120591393185,0.455,3,NS
0901000010648,5.77,0.0045077316857016865,0.351,3,NS
0901000010667,16.97,0.005036909897217503,0.004,3,LL
0901000010671,7.65,0.005397133688761501,0.014,3,LL
0901000010686,15.58,0.00508060943965324,0.03,3,LL
0901000010690,56.4,0.0027562541609677284,0.148,3,NS
0901000010703,12.55,0.004600191682252743,0.469,3,NS
0901000010718,2.06,0.004924981930129799,0.391,3,NS
0901000010722,23.25,0.004096394620205392,0.433,3,NS
0901000010737,41.87,0.0033347626031863193,0.476,3,NS
0901000010741,22.77,0.004375831528729619,0.112,3,NS
0901000010756,24.19,0.003884010974017543,0.422,3,NS
0901000010760,16.65,0.004762137144833083,0.224,3,NS
0901000010775,10.74,0.005257024539342375,0.041,3,LL
090100001078A,0.9,0.005684761309649947,0.109,3,NS
0901000010794,11.89,0.0047937819351016224,0.35,3,NS
0901000010807,15.54,0.00476033571457882,0.22,3,NS
0901000010811,57.72,0.002850930994703044,0.045,3,LL
0901000010826,14.12,0.0042132654229174145,0.409,3,NS
0901000010830,29.72,0.0034356098287256884,0.336,3,NS
0901000010845,38.89,0.002375210612665277,0.186,3,NS
0901000010864,19.52,0.004758554170556905,0.032,3,LL
0901000010898,17.11,0.005043416597422343,0.003,3,LL
0901000010900,16.51,0.005015943305838139,0.069,3,NS
0901000010915,30.26,0.003812480933428277,0.483,3,NS
090100001092A,14.88,0.00417965894189968,0.377,3,NS
0901000010949,15.54,0.004413803451145234,0.473,3,NS
0901000010953,19.04,0.004766364884049254,0.082,3,NS
0901000010968,21.66,0.004418175629834788,0.269,3,NS
0901000010972,35.73,0.002505903593474488,0.187,3,NS
0901000010987,173.18,-0.0012861960384263937,0.177,4,NS
0901000010991,54.12,0.000493922794166202,0.133,3,NS
0901000011006,49.14,-0.0003960770843628621,0.091,2,NS
0901000011010,9.3,0.004577628395654486,0.401,3,NS
0901000011025,63.14,0.00251359617273048,0.087,3,NS
090100001103A,21.51,0.0031053018846198045,0.237,3,NS
0901000011044,48.38,0.0016847783026582783,0.141,3,NS
0901000011059,64.86,0.0005655375154528671,0.106,3,NS
0901000011063,28.73,0.002169921606697254,0.118,3,NS
0901000011078,13.43,0.004583992182305113,0.478,3,NS
090100001110A,32.72,0.0027725435567437116,0.223,3,NS
0901000011114,55.56,0.0016448561467747307,0.143,3,NS
0901000011129,128.08,7.949149603811877e-05,0.095,1,NS
0901000011133,76.71,-0.0008449427615111248,0.11,2,NS
0901000011148,9.29,0.004882503309736499,0.346,3,NS
0901000011152,12.5,0.004459452563084255,0.384,3,NS
0901000011171,14.44,0.004538092075110897,0.388,3,NS
0901000011186,28.31,0.003982413378055433,0.4,3,NS
0901000011190,45.26,-0.0009092310035088458,0.08,2,NS
0901000011203,553.03,-0.005229593481491203,0.114,4,NS
0901000011218,9.2,0.004921197780755036,0.322,3,NS
0901000011222,36.3,0.0032714839316987598,0.386,3,NS
0901000011237,37.81,0.002643821751818669,0.215,3,NS
0901000011241,55.11,-0.005034136354551144,0.058,2,NS
0901000011260,94.28,-0.0017011008542648603,0.058,2,NS
0901000011275,21.88,-0.011077578075567722,0.046,2,LH
090100001128A,62.36,0.00180820071812274,0.217,3,NS
0901000011294,21.67,0.00269478015443761,0.129,3,NS
0901000011307,49.07,0.002009339180999963,0.198,3,NS
0901000011330,14.62,0.005073689456489845,0.023,3,LL
0901000011345,17.74,0.004912589728014414,0.033,3,LL
090100001135A,16.07,0.005041948957678365,0.068,3,NS
0901000011364,24.87,0.004533239175913539,0.028,3,LL
0901000011379,132.29,-0.0005926444526464505,0.216,4,NS
0901000011434,8.82,0.005045106715831637,0.229,3,NS
0901000011453,9.43,0.005042645447683467,0.279,3,NS
0901000011468,14.62,0.005074176346655077,0.032,3,LL
0901000011472,25.61,0.003091913393425753,0.196,3,NS
0901000011487,14.04,0.005128432742815091,0.014,3,LL
0901000011519,19.14,0.004848408812068413,0.02,3,LL
0901000011523,12.19,0.0050395534775546,0.091,3,NS
0901000011542,92.48,0.0006853963888114573,0.144,3,NS
0901000011557,9.19,0.005295919289164414,0.029,3,LL
0901000011561,10.46,0.005244510243821238,0.035,3,LL
0901000011580,14.26,0.005012515131824501,0.034,3,LL
0901000011595,11.46,0.00512374064422938,0.041,3,LL
0901000011627,11.31,0.005269037035774082,0.009,3,LL
0901000011631,15.63,0.004530416755835664,0.364,3,NS
0901000011646,10.78,0.00469303127841799,0.484,3,NS
0901000011650,6.91,0.004894241686709811,0.423,3,NS
0901000011665,31.44,0.00340106096330772,0.257,3,NS
090100001167A,15.74,0.004923015468939683,0.048,3,LL
0901000011684,16.25,0.00495144684307301,0.028,3,LL
0901000011699,15.76,0.004950779444476189,0.047,3,LL
0901000011716,10.22,0.005129403078099403,0.136,3,NS
0901000011720,14.9,0.005033828595514748,0.042,3,LL
0901000011735,13.64,0.004693024410995932,0.337,3,NS
090100001174A,12.3,0.004752562276511284,0.374,3,NS
0901000011754,10.53,0.0048324102038050385,0.417,3,NS
0901000011769,10.02,0.005341251880111799,0.006,3,LL
0901000011773,29.49,0.0039453297146859745,0.347,3,NS
0901000011788,25.36,0.004025009293648689,0.493,3,NS
0901000011792,12.03,0.0047382516256451335,0.363,3,NS
0901000011805,25.26,0.004031889011694467,0.409,3,NS
090100001181A,9.15,0.004717135475643215,0.481,3,NS
0901000011824,12.63,0.005206364327587504,0.043,3,LL
0901000011839,16.54,0.004548653328281688,0.346,3,NS
0901000011843,13.35,0.005152026545656202,0.006,3,LL
0901000011858,11.45,0.005117677227755245,0.045,3,LL
0901000011881,9.15,0.004866356989977461,0.317,3,NS
0901000011913,14.06,0.005220668512591854,0.004,3,LL
0901000011928,3.26,0.005432128554649571,0.203,3,NS
0901000011932,14.67,0.005024162109212313,0.037,3,LL
0901000011947,15.89,0.004939717178489611,0.069,3,NS
0901000011951,13.65,0.005038352120482468,0.042,3,LL
0901000011966,20.6,0.0047571980731239,0.037,3,LL
0901000011970,11.52,0.005089012754210669,0.116,3,NS
0901000011985,14.7,0.004989854938407131,0.054,3,NS
090100001199A,16.53,0.004888361512054503,0.055,3,NS
0901000012019,21.08,0.004616809724457401,0.083,3,NS
0901000012023,14.87,0.0050543702615462975,0.024,3,LL
0901000012038,10.7,0.005224556195031562,0.09,3,NS
0901000012042,11.96,0.0051576798174135085,0.029,3,LL
0901000012057,18.81,0.004846470735056836,0.037,3,LL
0901000012061,11.47,-0.044001451780675334,0.027,2,LH
0901000012076,31.73,-0.09327424951927801,0.013,2,LH
0901000012080,7.6,0.005325025675381742,0.165,3,NS
0901000012095,16.08,0.00500495743428286,0.024,3,LL
0901000012108,25.2,0.004247258408748827,0.251,3,NS
0901000012112,16.69,0.004698189826254944,0.228,3,NS
0901000012131,32.28,0.003911889408530626,0.182,3,NS
0901000012146,8.47,0.004842859860592124,0.5,3,NS
0901000012150,22.45,0.004316137535304416,0.247,3,NS
0901000012165,21.24,0.004589602187608401,0.136,3,NS
0901000012184,22.74,0.004084132049206874,0.46,3,NS
0901000012199,21.6,0.0041778036077656025,0.5,3,NS
0901000012201,6.35,0.0051762436595859974,0.212,3,NS
0901000012216,13.43,0.005276883863167202,0.002,3,LL
0901000012220,11.31,0.0051771037141071,0.047,3,LL
0901000012235,16.81,0.0050313542523089646,0.015,3,LL
090100001224A,12.71,0.005223448489405703,0.01,3,LL
0901000012254,8.34,0.005235507859749791,0.072,3,NS
0901000012269,18.24,0.0046206298942188745,0.093,3,NS
0901000012273,75.0,0.0020137493897032926,0.006,3,LL
0901000012288,14.85,0.004761990175152765,0.109,3,NS
0901000012292,15.87,0.0045613103488703725,0.314,3,NS
0901000012305,11.49,0.005121456162375288,0.092,3,NS
090100001231A,11.62,0.005138025884240523,0.157,3,NS
0901000012324,28.45,0.004207948469166036,0.092,3,NS
0901000012339,5.38,0.005251024945402632,0.188,3,NS
0901000012343,24.88,0.004549849720777916,0.016,3,LL
0901000012358,9.08,0.004083966644367072,0.251,3,NS
0901000012362,12.29,0.004894359339091482,0.235,3,NS
0901000012377,2.4,0.005384392673961117,0.28,3,NS
0901000012381,47.62,0.0034498686784039264,0.057,3,NS
090110001001A,19.31,-0.0023850194786351774,0.071,2,NS
0901100010039,28.01,0.0041722161208656815,0.148,3,NS
0901100010043,19.64,0.004334576879964517,0.371,3,NS
0901100010058,38.77,-0.0002029310063105401,0.102,2,NS
0901100010077,28.57,0.003963821189362968,0.341,3,NS
0901100010096,25.29,0.00429186016518701,0.19,3,NS
0901100010113,26.49,0.004382133649462655,0.055,3,NS
0901100010128,11.6,0.0048598491547405896,0.361,3,NS
0901100010132,29.01,0.0039646506410908385,0.236,3,NS
0901100010147,37.08,0.003582062406999844,0.356,3,NS
0901100010151,24.5,0.004154057531054857,0.44,3,NS
0901100010166,18.23,0.004421653241771824,0.432,3,NS
0901100010170,15.76,0.004559075633327859,0.366,3,NS
0901100010185,24.86,0.004432831193584891,0.149,3,NS
0901100010202,19.52,0.004268423456434179,0.434,3,NS
0901100010217,19.68,0.004612786990229506,0.143,3,NS
0901100010240,24.19,0.004147461102674277,0.387,3,NS
0901100010255,15.39,0.004659048357950466,0.298,3,NS
090110001026A,24.88,0.003996528565299672,0.456,3,NS
0901100010274,30.25,0.0038630486452076915,0.36,3,NS
0901100010289,14.16,0.0044848891595837105,0.443,3,NS
0901100010306,12.39,0.004289779753276202,0.341,3,NS
0901100010310,23.95,0.0043577380327674605,0.221,3,NS
0901100010325,23.13,0.003835733873857863,0.393,3,NS
0901100010344,42.11,0.0029669605290393976,0.31,3,NS
0901100010359,27.1,0.003721893628255124,0.426,3,NS
0901100010363,15.04,0.004388664831126752,0.432,3,NS
0901100010378,24.3,0.004020735749691725,0.496,3,NS
0901100010382,37.99,0.0035370457101081393,0.362,3,NS
0901100010397,17.94,0.004022417222495232,0.289,3,NS
090110001040A,15.71,0.004456435008041817,0.474,3,NS
0901100010414,19.81,0.004124665185588354,0.371,3,NS
0901100010433,53.63,0.002562535879087724,0.378,3,NS
0901100010448,31.27,0.0033600408691797637,0.317,3,NS
0901100010452,30.55,0.0035240881086261357,0.374,3,NS
0901100010575,14.12,0.004214467652214372,0.306,3,NS
0901100010594,23.06,0.004538927449786941,0.037,3,LL
0901100010607,13.63,0.004806924110225421,0.412,3,NS
0901100010626,19.56,0.004247987769370397,0.48,3,NS
0901100010630,35.89,0.003671962071978564,0.323,3,NS
0901100010645,17.97,0.004577515885463307,0.341,3,NS
090110001065A,8.1,0.0051364924764082534,0.209,3,NS
0901100010664,17.34,0.004184935691657573,0.421,3,NS
0901100010679,11.31,0.004935995568603126,0.245,3,NS
0901100010753,20.66,0.0032648714149324546,0.196,3,NS
0901100010768,55.56,0.002802438621843081,0.276,3,NS
0901100010772,16.3,0.004449866123789327,0.389,3,NS
0901100010804,5.46,0.004927230479628166,0.376,3,NS
0901100010819,16.78,0.00496117534806564,0.06,3,NS
0901100010823,117.12,-0.00012567651085923972,0.497,4,NS
0901100010927,15.27,0.0048964602722759145,0.092,3,NS
0901100010931,24.89,0.0042952855107574895,0.171,3,NS
0901100010946,28.29,0.0037285055653940155,0.39,3,NS
0901100010950,16.54,0.004522471659963344,0.442,3,NS
0901100010984,15.83,0.004790266762128204,0.184,3,NS
0901100010999,24.63,0.004398324857888364,0.299,3,NS
0901100011056,58.07,0.0027047572440544354,0.171,3,NS
0901100011075,6.83,0.003473788231111648,0.155,3,NS
090110001108A,16.98,0.004912339732485425,0.052,3,NS
0901100011094,129.56,-0.0007810977954536003,0.015,4,HL
0901100011111,16.87,0.004879087233750342,0.078,3,NS
0901100011145,9.72,0.004810758375100181,0.355,3,NS
090110001122A,19.64,0.004692386650664206,0.082,3,NS
0901100011234,6.38,0.005171626722393503,0.218,3,NS
0901100011249,22.22,0.00435240358781889,0.221,3,NS
0901100011253,24.01,0.004053502145997254,0.481,3,NS
0901100011268,18.23,0.004454805330746718,0.294,3,NS
0901100011272,9.21,0.005020154604303505,0.314,3,NS
0901100011287,18.19,0.004590027377655754,0.163,3,NS
0901100011291,23.29,0.003993027640599828,0.451,3,NS
0901100011304,32.28,0.0038487605471044777,0.279,3,NS
0901100011319,10.07,0.004648068813120584,0.455,3,NS
0901100011323,2.85,0.005546139612711316,0.183,3,NS
0901100011338,29.35,0.004206889680738564,0.028,3,LL
0901100011342,37.04,0.003742163286591562,0.285,3,NS
0901100011357,19.81,0.004715775525943261,0.025,3,LL
0901100011361,10.06,0.004968333597252798,0.247,3,NS
0901100011376,20.84,0.004341476253196147,0.299,3,NS
0901100011380,28.28,0.0042597265572333395,0.154,3,NS
0901100011395,17.23,0.0049442478172134615,0.091,3,NS
0901100011412,14.1,0.004897930273178809,0.205,3,NS
0901100011427,26.46,0.0038972736031900107,0.442,3,NS
0901100011431,14.32,0.0043532050529330015,0.43,3,NS
0901100011446,20.78,0.004444190732879395,0.295,3,NS
0901100011450,19.7,0.004595241174738149,0.19,3,NS
0901100011465,8.0,0.005180044748154444,0.226,3,NS
090110001147A,12.84,0.004928917058426286,0.161,3,NS
0901100011484,20.61,0.003983590950944529,0.382,3,NS
0901100011499,8.76,0.00458591858568457,0.427,3,NS
0901100011535,0.52,0.005330061500232354,0.418,3,NS
090110001154A,13.45,0.0051646534090076055,0.076,3,NS
090110011072A,17.79,0.004988925637185156,0.055,3,NS
0901100111037,14.49,0.004954547949002814,0.246,3,NS
0901100111041,14.66,0.004950402601666471,0.244,3,NS
0901100210787,10.61,0.005152466095622399,0.141,3,NS
0901100210791,7.39,0.005372040252789966,0.19,3,NS
0901100211003,14.26,0.005009065124645156,0.081,3,NS
0901100211018,18.99,0.004808452688452941,0.056,3,NS
0901100211022,11.03,0.005289287627942234,0.028,3,LL
090110021115A,14.23,0.005244274778180833,0.006,3,LL
0901100211516,0.0,0.005787845192554156,0.262,3,NS
0901100240734,30.55,0.004269762962998767,0.056,3,NS
0901100240749,19.61,0.004552552241258645,0.314,3,NS
0901100241183,7.35,0.004879082717970021,0.439,3,NS
0901100241408,13.22,0.005001781649191984,0.156,3,NS
0901100241520,0.0,0.005846165860026076,0.227,3,NS
0901100260965,16.43,0.004855520017009573,0.196,3,NS
090110026097A,21.69,0.004588134044741701,0.346,3,NS
0901100261164,27.16,0.004511840928604763,0.09,3,NS
0901100261501,0.0,0.005660810075288585,0.346,3,NS
0901200010017,31.93,0.0036835406361191143,0.495,3,NS
0901200010021,38.75,0.0031633214567837937,0.381,3,NS
0901200010040,27.54,0.004029670231413286,0.395,3,NS
0901200010074,38.06,0.002244856763434983,0.158,3,NS
0901200010093,26.67,0.0022655002238785066,0.143,3,NS
0901200010106,42.62,0.0017765974058232643,0.165,3,NS
0901200010125,29.11,0.0037345131670923127,0.382,3,NS
090120001013A,20.53,0.004088551694978536,0.436,3,NS
0901200010144,14.78,0.0022244139952553557,0.125,3,NS
0901200010159,20.81,0.004174508744504922,0.458,3,NS
0901200010163,20.35,0.004244578990528196,0.498,3,NS
0901200010178,7.74,0.004824400154192195,0.415,3,NS
0901200010182,24.14,0.0027061503199768645,0.195,3,NS
0901200010197,35.26,0.00277624410737318,0.234,3,NS
090120001020A,28.94,0.002829779164234292,0.163,3,NS
0901200010214,100.16,0.0005558755723115499,0.251,3,NS
0901200010229,40.15,0.0010112955282771644,0.116,3,NS
0901200010233,33.24,0.002224651677007056,0.203,3,NS
0901200010248,34.72,0.00315070543610333,0.221,3,NS
0901200010267,21.56,0.004230005205353373,0.4,3,NS
0901200010303,29.95,0.003986685333531046,0.246,3,NS
0901200010318,17.54,0.004595428847876768,0.248,3,NS
0901200010322,10.96,0.005115651892961816,0.125,3,NS
0901200010337,15.96,0.004624210081502402,0.292,3,NS
0901200010341,31.82,0.003039636588866203,0.244,3,NS
0901200010360,15.85,0.003945926830014286,0.3,3,NS
0901200010375,68.47,0.000943940304521386,0.137,3,NS
090120001038A,201.56,-0.0021580097601398653,0.195,4,NS
0901200010394,43.9,0.0017287482219845538,0.129,3,NS
0901200010407,81.28,0.0001878119374744225,0.085,3,NS
0901200010411,143.38,-0.00047482734914178535,0.136,4,NS
0901200010426,102.14,-0.00014359841739677178,0.089,2,NS
0901200010430,58.02,9.386982138788514e-05,0.118,3,NS
0901200010445,45.42,0.002763125361320463,0.298,3,NS
090120001045A,27.54,0.003007542767393117,0.224,3,NS
0901200010464,65.04,0.000873707453582035,0.121,3,NS
0901200010479,268.72,-0.0065897611532951825,0.445,4,NS
0901200010483,45.74,0.002256363158563104,0.225,3,NS
0901200010498,44.86,0.0023351548069565227,0.199,3,NS
0901200010500,18.86,0.004509999712491226,0.312,3,NS
0901200010515,24.36,0.004312680754162948,0.211,3,NS
090120001052A,28.26,0.004048737510519175,0.33,3,NS
0901200010534,17.42,0.001701685539827638,0.137,3,NS
0901200010549,24.93,0.0035482295836218444,0.273,3,NS
0901200010553,31.13,0.0030727693906017622,0.254,3,NS
0901200010568,17.45,0.0038128989253411487,0.235,3,NS
0901200010572,20.46,0.0005523463344540736,0.069,3,NS
0901200010587,13.12,0.004088267690242593,0.262,3,NS
0901200010591,44.78,0.0029088683817180493,0.341,3,NS
0901200010604,14.26,0.0049606386502449844,0.07,3,NS
0901200010619,14.39,0.0048329572792178265,0.168,3,NS
0901200010623,20.57,0.004508292485259864,0.192,3,NS
0901200010638,20.29,0.004453008875638214,0.259,3,NS
0901200010642,38.19,0.0031088374494897845,0.322,3,NS
0901200010657,93.29,0.000938070534231283,0.488,3,NS
0901200010661,24.06,0.0034170673510859713,0.23,3,NS
0901200010676,16.44,0.004419338841161932,0.499,3,NS
0901200010680,48.41,0.001532064895799647,0.137,3,NS
0901200010695,225.35,-0.0008613441161541032,0.099,4,NS
0901200010708,22.51,0.002576876313800494,0.196,3,NS
0901200010712,17.22,0.0025373982996983488,0.144,3,NS
0901200010727,11.63,0.002763518573252756,0.161,3,NS
0901200010731,35.84,0.0037058970335556722,0.317,3,NS
0901200010746,22.01,0.004129095730682994,0.46,3,NS
0901200010750,31.11,0.004103977762609391,0.162,3,NS
0901200010765,16.6,0.00446998596560853,0.453,3,NS
090120001077A,13.66,0.0051820547637410185,0.019,3,LL
0901200010784,15.04,0.005099577003840193,0.031,3,LL
0901200010799,11.79,0.005127201996612072,0.06,3,NS
0901200010801,13.35,0.005179500354844942,0.033,3,LL
0901200010816,14.06,0.005011144489140023,0.062,3,NS
0901200010820,21.17,0.004407946893889602,0.263,3,NS
0901200010835,19.48,0.0038902801445702506,0.328,3,NS
090120001084A,25.22,0.0037149285000707406,0.329,3,NS
0901200010854,21.09,0.003520400225612772,0.208,3,NS
0901200010869,16.34,0.0047200568582608455,0.117,3,NS
0901200010888,20.27,0.004493354679531243,0.32,3,NS
0901200010892,18.19,0.004705050236757795,0.126,3,NS
0901200010905,18.48,0.004776582198717066,0.072,3,NS
090120001091A,10.33,0.004886230145945082,0.387,3,NS
0901200010924,15.73,0.0033308227530952873,0.261,3,NS
0901200010939,51.21,0.002310384599838473,0.21,3,NS
0901200010943,43.37,0.002362667788411466,0.182,3,NS
0901200010958,92.87,0.000544254318415407,0.15,3,NS
0901200010962,42.52,-3.822891606130022e-05,0.114,2,NS
0901200010977,266.97,-0.0023837343501913696,0.152,4,NS
0901200010981,50.78,0.0006314191171958042,0.133,3,NS
0901200010996,122.3,-0.0003242273323614652,0.342,4,NS
0901200011000,48.04,0.0023277885899910247,0.194,3,NS
0901200011015,40.47,0.003028598923679592,0.327,3,NS
090120001102A,48.72,0.0026859275021007133,0.382,3,NS
0901200011034,25.13,0.00019998054929946664,0.099,3,NS
0901200011049,189.19,-0.002195607769088058,0.155,4,NS
0901200011053,9.25,0.00306169851058414,0.125,3,NS
0901200011068,48.03,0.0009190868182392793,0.089,3,NS
0901200011072,17.86,0.004678698438104083,0.05,3,NS
0901200011087,0.0,0.005518761716891629,0.289,3,NS
0901200011091,15.35,0.004700804143866902,0.341,3,NS
0901200011104,23.46,0.004240560229334261,0.293,3,NS
0901200011119,14.63,0.004871184083666424,0.202,3,NS
0901200011123,17.63,0.004353732755568161,0.421,3,NS
0901200011142,12.02,0.005024295432408964,0.145,3,NS
0901200011157,19.64,0.004139694927313377,0.405,3,NS
0901200011161,15.19,0.004841314387448073,0.137,3,NS
0901200011176,44.25,0.0034511799017609445,0.168,3,NS
0901200011195,13.77,0.0049466971017058225,0.143,3,NS
0901200011212,28.17,0.004537495086662057,0.002,3,LL
0901200011299,11.45,0.005314632552151038,0.002,3,LL
0901200011316,11.01,0.005219020094866121,0.053,3,NS
0901200011369,15.82,0.00480160066659062,0.17,3,NS
0901200011388,12.84,0.004592292363000688,0.405,3,NS
0901200011424,10.26,0.005197165531859458,0.04,3,LL
0901200011439,13.19,0.004964052680132907,0.181,3,NS
0901200011443,12.24,0.005087160362472594,0.059,3,NS
0901200011458,9.54,0.005095499873782012,0.153,3,NS
0901200011462,20.61,0.0047680385616119215,0.025,3,LL
0901200011477,12.3,0.00511559812022424,0.077,3,NS
0901200011481,22.71,0.004626406489843882,0.039,3,LL
0901200011496,9.41,0.005394705556036491,0.019,3,LL
0901200011509,18.72,0.004995736447326201,0.008,3,LL
0901200011513,19.2,0.004892453418393578,0.028,3,LL
0901200011547,9.09,0.005293500222306818,0.015,3,LL
0901200011566,32.79,0.004227271293556509,0.015,3,LL
0901200011570,10.21,0.0010769221141988551,0.087,3,NS
0901200011585,9.03,0.0013795970235934347,0.106,3,NS
090120001159A,23.79,0.004316340346735461,0.205,3,NS
0901200011602,11.66,0.005122802913597428,0.123,3,NS
0901200011617,10.28,0.002436689283912938,0.135,3,NS
0901200011621,15.6,0.004939615234636736,0.048,3,LL
0901200011636,8.42,0.0053881250474792615,0.098,3,NS
0901200011640,6.87,0.005372076053080447,0.049,3,LL
0901200011655,10.87,0.005367419109095538,0.014,3,LL
090120001173A,5.2,0.005250962336344233,0.435,3,NS
0901200011744,12.92,0.003018422359061667,0.193,3,NS
0901200011759,333.33,-0.010126739280908851,0.437,4,NS
0901200011890,179.72,-0.002391725953735721,0.199,4,NS
0901200011903,29.48,0.0026842464567815487,0.188,3,NS
0901200011918,63.15,0.0023752992142728694,0.355,3,NS
0901200011922,12.04,0.0019995655313033204,0.124,3,NS
0901200011937,9.02,0.004498111693453012,0.365,3,NS
0901200011941,7.02,0.004649663808755185,0.395,3,NS
0901200011956,30.67,0.0017609439352425328,0.116,3,NS
0901200011960,35.15,0.003573344650845055,0.323,3,NS
0901200011975,44.77,0.0023660371838557085,0.219,3,NS
090120001198A,13.22,0.003829373389116583,0.213,3,NS
0901200011994,6.9,-0.012428717309148237,0.046,2,LH
0901200012009,20.91,0.004671307982016942,0.023,3,LL
0901200012013,18.76,0.004807226238102139,0.05,3,NS
0901200012047,9.67,0.005322991107152931,0.042,3,LL
0901200012051,10.43,0.00531687326227915,0.048,3,LL
0901200012066,11.36,0.004009167429331701,0.27,3,NS
0901200012070,72.88,0.001738012834108403,0.332,3,NS
0901200012085,7.12,0.005369774258051816,0.079,3,NS
0901200012102,10.62,0.002881333207046665,0.137,3,NS
0901200012121,10.16,0.0026388883533824455,0.184,3,NS
0901200012136,12.58,0.0053939928624383,0.002,3,LL
0901200012140,9.06,0.0056212931634256405,0.008,3,LL
0901200012155,3.5,0.005680672852679917,0.003,3,LL
090120001216A,22.22,0.004110387959515627,0.498,3,NS
0901200012174,11.04,0.004450393299597142,0.341,3,NS
0901200012189,12.12,0.004908904709444712,0.232,3,NS
0901200012193,14.15,0.005077111707583668,0.049,3,LL
0901200012206,7.37,0.005329823417970233,0.169,3,NS
0901200012210,18.86,0.004945604166993553,0.049,3,LL
0901200012225,16.06,0.005099185088755312,0.011,3,LL
090120001223A,15.1,0.005157820104308758,0.035,3,LL
0901200012244,19.08,0.004531475641557954,0.247,3,NS
0901200012259,15.19,0.0036402193951077847,0.226,3,NS
0901200012263,9.94,0.005017520287374801,0.163,3,NS
0901200012278,10.31,0.005528533653255444,0.01,3,LL
0901200012282,8.38,0.005425856962545284,0.004,3,LL
0901200012333,30.3,0.0044234439084007,0.121,3,NS
0901200012348,4.7,0.005427818485435799,0.193,3,NS
0901200012352,1.09,0.005861986691598191,0.09,3,NS
0901200012367,318.18,-0.010706759908826146,0.121,4,NS
0901200012371,58.82,-0.0002129385889678607,0.062,2,NS
0901200012386,13.07,0.004948195903108406,0.309,3,NS
0901200012441,13.07,0.005373059509125647,0.001,3,LL
0901200012456,9.52,0.005577349377465971,0.01,3,LL
0901200192460,18.28,0.0035141368560154453,0.174,3,NS
0901200192475,42.04,0.0035141368560154445,0.401,3,NS
0901200261528,14.09,0.005052265254084758,0.045,3,LL
0901200261532,13.51,0.004693388522373502,0.34,3,NS
090120026166A,16.36,0.0049320015460328085,0.063,3,NS
0901200261674,15.2,0.004621162812220401,0.332,3,NS
0901200261689,14.02,0.004657601975302314,0.429,3,NS
0901200261693,29.41,0.0041107673596798445,0.255,3,NS
0901200261706,13.74,0.004897714685615259,0.228,3,NS
0901200261710,15.29,0.004918853690862653,0.106,3,NS
0901200262297,47.38,0.0033853895463958643,0.054,3,NS
0901200262314,14.08,0.004968030395611411,0.338,3,NS
0901200262329,0.0,0.004392479915862109,0.195,3,NS
0901200262390,15.38,0.004903693164221048,0.338,3,NS
0901200262403,28.2,0.0044456192267169296,0.061,3,NS
0901200262418,8.34,0.0051146949709976516,0.301,3,NS
0901200262437,27.72,0.004343745328444147,0.3,3,NS
090120026248A,13.29,0.00490964336135249,0.335,3,NS
0901200271763,31.45,0.003751000925504481,0.491,3,NS
0901200271778,11.48,0.004250537145479999,0.281,3,NS
0901200271782,9.47,0.005202536029669987,0.111,3,NS
0901200271797,13.88,0.003985175822774865,0.243,3,NS
090120027180A,44.56,0.002869363802620759,0.257,3,NS
0901200272028,53.96,0.0026569078620755212,0.425,3,NS
0901200272032,35.71,0.003665641158132322,0.411,3,NS
090120027230A,7.28,0.005144514258209227,0.377,3,NS
0901200272422,7.19,0.005146398758856858,0.377,3,NS
0901300010014,20.25,0.0034705003728381593,0.255,3,NS
0901300010029,27.03,0.0032195373754365765,0.255,3,NS
0901300010033,16.38,0.004306557364710537,0.427,3,NS
0901300010052,84.16,-0.0006102708493575837,0.108,2,NS
0901300010067,19.98,0.004607561047439305,0.075,3,NS
0901300010086,42.54,0.003179965105835705,0.495,3,NS
0901300010090,12.27,0.004369074572313123,0.42,3,NS
0901300010122,23.5,0.003565941169991955,0.228,3,NS
0901300010137,24.27,0.003847771192921748,0.43,3,NS
0901300010160,27.7,-0.005442165664159771,0.072,2,NS
0901300010175,31.8,0.003948803676786907,0.189,3,NS
090130001018A,13.03,0.00465327640214094,0.482,3,NS
0901300010194,18.28,0.0043313377114406965,0.493,3,NS
0901300010207,20.5,0.00432380060921149,0.427,3,NS
0901300010211,24.84,-0.010507991949189447,0.05,2,NS
0901300010226,89.2,0.0010353763139990986,0.348,3,NS
0901300010230,76.9,-0.005346615783235322,0.044,2,LH
0901300010245,47.24,0.002358197890600993,0.195,3,NS
090130001025A,20.25,0.0031769567559075773,0.185,3,NS
0901300010279,17.94,0.004850849544128854,0.046,3,LL
0901300010283,21.16,0.004585539052603529,0.141,3,NS
0901300010298,13.86,0.004682403519256545,0.281,3,NS
0901300010300,35.23,0.0038067465039120594,0.143,3,NS
0901300010315,25.43,-0.009575878122738721,0.052,2,NS
090130001032A,2153.85,-0.08021810938537018,0.279,4,NS
0901300010334,44.28,-0.0078351903881542,0.052,2,NS
0901300010353,19.27,0.004875052071700325,0.034,3,LL
0901300010368,12.96,0.005166151667656361,0.022,3,LL
0901300010372,27.04,0.004436452877577945,0.025,3,LL
0901300010387,16.54,0.004517531722544789,0.322,3,NS
0901300010391,18.3,0.004632566791013887,0.131,3,NS
0901300010404,19.8,-0.012780024448314954,0.044,2,LH
0901300010419,15.4,0.004438378113069724,0.43,3,NS
0901300010423,50.05,0.0030280596007033287,0.32,3,NS
0901300010438,29.28,0.004274995771022848,0.075,3,NS
0901300010442,16.48,0.004534387148116958,0.355,3,NS
0901300010461,13.26,0.005169241056193522,0.005,3,LL
0901300010480,12.44,0.004997297707036359,0.123,3,NS
0901300010495,13.06,0.005086802187961091,0.109,3,NS
0901300010508,13.96,0.004892051055942413,0.105,3,NS
0901300010527,24.17,0.004539915171522721,0.062,3,NS
0901300010550,33.84,0.0038396989809423316,0.268,3,NS
0901300010565,48.86,0.003001622270205411,0.367,3,NS
090130001057A,59.48,0.0025194544620096384,0.471,3,NS
0901300010599,45.01,0.0034775044217163773,0.11,3,NS
0901300010601,12.52,0.005195917138096414,0.027,3,LL
090130001064A,16.63,0.004932806263970204,0.125,3,NS
0901300010654,23.89,0.004684671175839838,0.013,3,LL
0901300010669,19.93,0.004798689728620578,0.097,3,NS
0901300010688,15.58,0.0037550224067950605,0.263,3,NS
0901300010692,12.93,0.005136809661343931,0.047,3,LL
0901300010705,1.1,0.005424169600827223,0.325,3,NS
090130001071A,11.58,0.004971344305991883,0.346,3,NS
0901300010724,9.64,0.005333716101434737,0.133,3,NS
0901300010739,8.1,0.00544158654119905,0.037,3,LL
0901300010743,14.13,0.005090132390852897,0.009,3,LL
0901300010758,14.94,0.004979970808312021,0.025,3,LL
0901300010762,12.42,0.005243397330286731,0.01,3,LL
0901300010777,7.14,0.005326651809096983,0.104,3,NS
0901300010809,4.56,0.005685343241821715,0.088,3,NS
0901300010813,10.77,0.00551423001303944,0.009,3,LL
0901300010828,10.77,0.004671252096197798,0.469,3,NS
0901300010832,25.2,0.004372969118878684,0.228,3,NS
0901300010847,16.89,0.0047862375953068295,0.144,3,NS
0901300010851,13.43,0.005158837727356936,0.044,3,LL
0901300010866,8.81,0.005653102823759335,0.004,3,LL
0901300010870,11.72,0.0056015812722400105,0.001,3,LL
0901300010885,11.2,0.00492458931118475,0.465,3,NS
090130001089A,10.38,0.005510186114999001,0.002,3,LL
0901300010917,17.74,0.004824101780955943,0.122,3,NS
0901300011027,16.14,0.004633351984240067,0.308,3,NS
0901300011031,11.38,0.0052440364929896045,0.033,3,LL
0901300011046,23.37,0.004084801691544666,0.474,3,NS
0901300011050,22.38,0.0041845516471502656,0.427,3,NS
0901300011065,32.99,0.003619459226033258,0.478,3,NS
090130001107A,36.89,0.0034368670624381646,0.483,3,NS
0901300011084,17.97,0.0040188629517601635,0.325,3,NS
0901300011099,12.01,0.0041449330299380225,0.262,3,NS
0901300011101,10.67,0.005182345613452774,0.117,3,NS
0901300011116,24.58,0.004522293384100973,0.06,3,NS
0901300011120,14.01,0.004499619740994257,0.482,3,NS
0901300011135,23.6,0.004704987726899119,0.002,3,LL
090130001114A,14.09,0.004597517930255314,0.347,3,NS
0901300011154,19.84,0.0048091057505578755,0.059,3,NS
0901300011169,7.13,0.005484930719666538,0.023,3,LL
0901300011173,21.47,0.004416806513535046,0.277,3,NS
0901300011188,20.88,0.004644925805636537,0.039,3,LL
0901300011192,12.17,0.005026433913393395,0.064,3,NS
0901300011205,17.19,0.004475359216794227,0.467,3,NS
090130001121A,12.9,0.0014791300352892452,0.061,3,NS
0901300011224,19.02,0.0036183703578279726,0.314,3,NS
0901300011239,19.58,0.004123263731671158,0.407,3,NS
0901300011243,152.17,-0.001539496434915441,0.355,4,NS
0901300011262,14.4,0.0023324632400169025,0.107,3,NS
0901300011277,1254.55,-0.05332192775771334,0.223,4,NS
0901300011296,13.43,0.005406798322886226,0.001,3,LL
0901300011309,19.83,0.004704467332400896,0.132,3,NS
0901300011313,15.83,0.004756332116603426,0.224,3,NS
0901300011328,9.11,0.005418766511569113,0.003,3,LL
0901300011332,17.75,0.004779180674697841,0.122,3,NS
0901300011347,9.8,0.004756044593145046,0.426,3,NS
0901300011366,13.76,0.0050036164478634276,0.041,3,LL
0901300011370,20.72,0.004768164566270649,0.052,3,NS
0901300011385,23.69,0.0033271646966548693,0.225,3,NS
090130001139A,24.43,0.002899179555668957,0.15,3,NS
0901300011402,7.75,0.005372820387800466,0.093,3,NS
0901300011417,7.69,0.005313466863910367,0.094,3,NS
0901300011421,8.82,0.004815854343873499,0.45,3,NS
0901300011436,5.16,0.00579233952095532,0.002,3,LL
0901300011440,6.14,0.005727291531270727,0.014,3,LL
0901300011455,12.07,0.004486566561317117,0.387,3,NS
090130001146A,6.7,0.005329571203733406,0.118,3,NS
0901300011474,18.72,0.004920968605861222,0.2,3,NS
0901300011489,9.26,0.005342967794681819,0.139,3,NS
0901300011493,3.16,0.006076505108822191,0.001,3,LL
0901300011506,14.29,0.004900634630472496,0.153,3,NS
0901300011510,14.15,0.0051588894634657205,0.2,3,NS
0901300011525,13.9,0.004919866068875282,0.196,3,NS
0901300011544,0.0,0.0061608664914339665,0.01,3,LL
0901300011559,0.81,0.00604445446125299,0.002,3,LL
0901300011563,6.19,0.005599657818465101,0.091,3,NS
0901300011578,0.0,0.0060295006315343415,0.042,3,LL
0901400010011,49.84,0.0013233608825772435,0.176,3,NS
0901400010026,135.3,-0.0005243538552124279,0.188,4,NS
0901400010030,44.91,0.0020730828694165856,0.197,3,NS
0901400010045,55.17,0.001352789241154271,0.137,3,NS
090140001005A,26.21,0.003237830288210204,0.238,3,NS
0901400010064,48.97,0.0021758868369847993,0.196,3,NS
0901400010079,44.86,0.0021789525252262285,0.186,3,NS
0901400010083,30.22,0.0033165308372751032,0.283,3,NS
0901400010098,30.58,0.0026664293496964997,0.188,3,NS
0901400010100,24.21,0.003489239033670062,0.263,3,NS
0901400010115,52.68,0.0024244650685466837,0.293,3,NS
090140001012A,27.99,0.0032722886305256364,0.251,3,NS
0901400010134,43.74,0.0026719654880951213,0.257,3,NS
0901400010149,39.43,0.00275897439953432,0.213,3,NS
0901400010153,18.27,0.0036417390839400196,0.23,3,NS
0901400010168,47.31,0.002649591136667821,0.264,3,NS
0901400010172,38.29,0.0030206059055270227,0.289,3,NS
0901400010187,63.5,0.0022586282269348554,0.492,3,NS
0901400010191,23.74,0.003098893257296848,0.209,3,NS
0901400010204,26.77,0.0029871808614419966,0.175,3,NS
0901400010219,100.02,0.0003346425677077629,0.137,3,NS
0901400010223,208.52,-0.002844384938620053,0.21,4,NS
0901400010238,25.53,0.002322752071376349,0.172,3,NS
0901400010242,32.34,0.003357460541917752,0.268,3,NS
0901400010257,26.78,0.0032866890564294303,0.259,3,NS
0901400010261,27.04,0.0032938126078837855,0.264,3,NS
0901400010276,42.89,0.0030360023527904473,0.403,3,NS
0901400010280,42.61,0.0030357966204455702,0.424,3,NS
0901400010295,34.42,0.003416034251792594,0.371,3,NS
0901400010308,28.7,0.0034310465479875842,0.325,3,NS
0901400010312,28.61,0.003476972212632883,0.289,3,NS
0901400010327,37.14,0.00342891158515311,0.414,3,NS
0901400010331,23.67,0.0038427945861489476,0.376,3,NS
0901400010346,30.89,0.003405643314523019,0.338,3,NS
0901400010350,29.18,0.003255831966218352,0.21,3,NS
0901400010365,37.02,0.0031816588455335433,0.333,3,NS
090140001037A,27.89,0.003343766972203399,0.263,3,NS
0901400010384,42.9,0.0012624811932744069,0.11,3,NS
0901400010399,37.9,0.0017246577659579296,0.136,3,NS
0901400010401,29.46,0.0031927912262251666,0.247,3,NS
0901400010416,44.5,0.0026317566914141758,0.253,3,NS
0901400010420,66.86,0.0019333707439946977,0.349,3,NS
0901400010435,29.26,0.0031921263851244597,0.249,3,NS
090140001044A,28.39,0.003393061299934194,0.284,3,NS
0901400010454,42.27,0.0031944432394888323,0.482,3,NS
0901400010469,19.03,0.003753930294318405,0.283,3,NS
0901400010473,31.33,0.003285099234048734,0.316,3,NS
0901400010488,13.88,0.003718834987524385,0.217,3,NS
0901400010492,32.81,0.003303100293968557,0.327,3,NS
0901400010505,64.7,0.002137346244750315,0.465,3,NS
090140001051A,33.66,0.0034981994360136783,0.405,3,NS
0901400010524,40.9,0.002889770986651707,0.283,3,NS
0901400010539,42.55,0.00292592955444711,0.315,3,NS
0901400010543,14.08,0.0032859264526140346,0.18,3,NS
0901400010558,53.2,0.0020284161647534955,0.184,3,NS
0901400010562,33.25,0.002404685674439842,0.16,3,NS
0901400010577,37.3,0.0006514610611008207,0.12,3,NS
0901400010581,82.53,-1.0887426274084605e-05,0.094,2,NS
0901400010596,32.32,0.0016242819285068903,0.14,3,NS
0901400010609,40.51,0.0026869764274256493,0.231,3,NS
0901400010613,59.29,-0.0038862017944655547,0.071,2,NS
0901400010628,30.86,0.0029049029200391555,0.226,3,NS
0901400010632,21.64,0.0039877477650512375,0.428,3,NS
0901400010647,23.15,0.003716935003441573,0.316,3,NS
0901400010651,35.85,0.00317802903555129,0.325,3,NS
0901400010666,24.43,0.003588301467089024,0.295,3,NS
0901400010670,32.67,0.003651889482944983,0.469,3,NS
0901400010685,24.69,0.003300517973412388,0.238,3,NS
090140001069A,149.86,-0.0014029740645461672,0.317,4,NS
0901400010702,29.35,0.00031224635964022517,0.097,3,NS
0901400010717,259.66,-0.004335021473859296,0.248,4,NS
0901400010721,18.34,0.0008382536808710474,0.084,3,NS
0901400010736,38.26,0.0016568346989813986,0.13,3,NS
0901400010740,58.47,0.0023418991482244025,0.365,3,NS
0901400010755,35.15,-0.008546440404686655,0.05,2,NS
090140001076A,74.09,-0.0027000440083950663,0.073,2,NS
0901400010774,27.66,0.0035069068719343205,0.381,3,NS
0901400010789,33.77,0.0035394773870878124,0.461,3,NS
0901400010793,55.89,0.00013456956213831492,0.096,3,NS
0901400010806,38.28,0.0010232278447138102,0.086,3,NS
0901400010810,24.76,-0.004917318098982682,0.083,2,NS
0901400010825,1711.27,-0.05466686863691677,0.204,4,NS
090140001083A,29.22,-0.01175023627169158,0.043,2,LH
0901400010844,49.49,0.0024713527088949714,0.264,3,NS
0901400010859,33.31,0.0031553183938126134,0.281,3,NS
0901400010863,20.69,0.003920826561259877,0.364,3,NS
0901400010878,24.12,0.003989668906906542,0.454,3,NS
0901400010882,41.11,0.002048102870923936,0.209,3,NS
0901400010897,35.57,0.0018124711285520357,0.127,3,NS
090140001090A,22.65,0.0029581568193757382,0.138,3,NS
0901400010914,75.11,0.0004511389363757891,0.128,3,NS
0901400010929,28.68,0.001925986942521101,0.146,3,NS
0901400010933,25.49,-0.000416938629906689,0.099,2,NS
0901400010948,18.06,-0.0023290549761974927,0.068,2,NS
0901400010952,54.49,-0.008523840337817227,0.043,2,LH
0901400010967,544.68,-0.012288549030331851,0.181,4,NS
0901400010971,49.2,-0.005936560120260077,0.059,2,NS
0901400010986,26.45,0.003183940122794512,0.208,3,NS
0901400010990,33.53,0.0033107202794248705,0.343,3,NS
0901400011005,29.83,0.0036182256974615153,0.396,3,NS
090140001101A,25.62,0.0033978273989234784,0.263,3,NS
0901400011024,41.04,0.0032514815807632774,0.44,3,NS
0901500010019,19.47,0.004178457062404559,0.425,3,NS
0901500010023,19.99,0.004251923303425547,0.439,3,NS
0901500010038,25.36,0.0039229728217037825,0.471,3,NS
0901500010042,33.11,-0.007898460295926633,0.054,2,NS
0901500010057,2000.0,-0.07913899861497112,0.333,4,NS
0901500010061,55.76,-0.005970190634410116,0.054,2,NS
0901500010076,32.15,0.0035488710978424103,0.442,3,NS
0901500010080,41.35,0.002289347522168257,0.263,3,NS
0901500010095,28.88,0.0037047481270665,0.427,3,NS
0901500010108,21.7,0.004027955368749152,0.464,3,NS
0901500010112,30.98,0.0036497317062468304,0.474,3,NS
0901500010127,25.95,0.003938858581379497,0.449,3,NS
0901500010131,39.07,0.0023224579567379814,0.215,3,NS
0901500010146,30.35,0.003462430982104533,0.308,3,NS
0901500010150,43.7,0.002878902192710668,0.322,3,NS
0901500010165,27.57,0.003611188323536117,0.421,3,NS
090150001017A,22.52,-0.00781544111879676,0.062,2,NS
0901500010184,17.81,-0.009661008638592868,0.053,2,NS
0901500010199,89.8,-0.0004499833955510854,0.072,2,NS
0901500010201,8.06,-0.0011388072993828604,0.091,2,NS
0901500010216,17.9,0.00488566004481905,0.045,3,LL
0901500010220,8.41,0.00496695862742043,0.389,3,NS
0901500010235,32.03,0.0038260812763536863,0.351,3,NS
090150001024A,29.74,0.003217321463373489,0.261,3,NS
0901500010254,69.57,0.0016862810291202643,0.253,3,NS
0901500010269,46.07,0.0013864545018250352,0.134,3,NS
0901500010273,121.21,-6.082650528618217e-05,0.127,4,NS
0901500010288,119.15,-5.741178135562393e-05,0.126,4,NS
0901500010292,28.21,-2.8863027739311063e-05,0.083,2,NS
0901500010305,14.52,0.0022045864448895307,0.138,3,NS
090150001031A,11.84,0.004100532084161929,0.286,3,NS
0901500010324,53.24,0.0026020251291278764,0.386,3,NS
0901500010339,44.6,0.0026479017192984552,0.268,3,NS
0901500010343,28.37,0.0034350083326297213,0.283,3,NS
0901500010358,21.96,0.004102796362095336,0.483,3,NS
0901500010362,4.42,0.0003745774565077984,0.111,3,NS
0901500010377,31.43,-0.0005942981798840652,0.093,2,NS
0901500010381,28.6,-0.0005471831904982045,0.101,2,NS
0901500010396,51.34,-0.0004019504531821715,0.101,2,NS
0901500010409,42.94,0.0020949210283434144,0.162,3,NS
0901500010413,119.27,-0.00016200693518012615,0.194,4,NS
0901500010428,23.45,-0.0009217520025728465,0.092,2,NS
0901500010432,287.77,-0.005682124825943218,0.208,4,NS
0901500010447,4.3,0.0011683978678204401,0.09,3,NS
0901500010451,59.63,0.0011737197296806863,0.135,3,NS
0901500010466,21.77,-0.006245540771078008,0.071,2,NS
0901500010470,28.18,0.00024039050592352624,0.117,3,NS
0901500010485,29.11,-0.00015009374996526108,0.105,2,NS
090150001049A,548.47,-0.015198155609941576,0.311,4,NS
0901500010502,28.47,-0.002068013065960867,0.069,2,NS
0901500010517,26.87,0.0002014616786304505,0.127,3,NS
0901500010521,25.3,0.0017202324997189784,0.172,3,NS
0901500010536,58.39,0.0018371478825492823,0.2,3,NS
0901500010540,50.33,0.002217804290464378,0.201,3,NS
0901500010555,37.28,0.0032903962342587453,0.367,3,NS
090150001056A,40.39,0.0032383619629702282,0.379,3,NS
0901500010574,23.06,0.0030986698657273046,0.209,3,NS
0901500010589,32.41,0.0031598423085925256,0.281,3,NS
0901500010593,30.52,0.0034639751761913152,0.358,3,NS
0901500010606,41.48,-0.0011958793059214895,0.09,2,NS
0901500010610,32.81,-0.009525413277976454,0.049,2,LH
0901500010625,64.13,-0.007930227989189808,0.04,2,LH
090150001063A,82.95,-0.00514307528731531,0.049,2,LH
0901500010644,60.76,0.0011612268688908198,0.137,3,NS
0901500010659,50.96,0.0014539121922251229,0.129,3,NS
0901500010663,47.33,-5.353780859947057e-05,0.124,2,NS
0901500010678,20.5,0.0030818605193604323,0.189,3,NS
0901500010682,30.98,0.002729220517266194,0.156,3,NS
0901500010697,42.39,-0.00398759291558808,0.078,2,NS
090150001070A,193.9,0.00596672972269008,0.066,1,NS
0901500010714,66.09,-0.005708516373505787,0.05,2,NS
0901500010729,618.38,0.04419105845558971,0.057,1,NS
0901500010733,1376.69,0.07890891547481226,0.078,1,NS
0901500010748,277.72,0.05829225868761072,0.033,1,HH
0901500010752,154.57,0.004354249239472823,0.053,1,NS
0901500010767,1488.46,0.39682720006569455,0.032,1,HH
0901500010771,518.48,0.10097697500806362,0.042,1,HH
0901500010786,58.82,-0.0005045516984511272,0.101,2,NS
0901500010790,105.23,-0.0002865656381657871,0.106,2,NS
0901500010803,511.29,0.07590241409627088,0.053,1,NS
0901500010818,2401.16,0.2974470665721174,0.043,1,HH
0901500010822,50.37,-0.0018367201499444477,0.081,2,NS
0901500010837,202.19,0.011471583117753401,0.046,1,HH
0901500010841,125.9,0.0012855361745047345,0.051,1,NS
0901500010856,84.37,-0.005414864461806098,0.037,2,LH
0901500010860,235.46,0.016102623471722144,0.05,1,NS
0901500010875,75.16,-0.006983991523312013,0.049,2,LH
090150001088A,95.97,-0.004321259923369087,0.033,2,LH
0901500010894,62.99,-0.01124233351555626,0.033,2,LH
0901500010907,87.43,-0.004723105768029942,0.043,2,LH
0901500010911,31.57,-0.007140052477845183,0.059,2,NS
0901500010926,62.19,-0.0014590236601462738,0.075,2,NS
0901500010930,515.97,0.03276410200727825,0.063,1,NS
0901500010945,440.85,0.06646347509945708,0.037,1,HH
090150001095A,842.82,0.04914290420540999,0.071,1,NS
0901500010964,71.16,0.0007136124559193121,0.167,3,NS
0901500010979,81.34,-0.0006925971193725283,0.111,2,NS
0901500010983,130.35,0.002923180528670686,0.036,1,HH
0901500010998,137.97,0.0018796621719274567,0.061,1,NS
0901500011002,142.91,0.0018261677333246838,0.075,1,NS
0901500011017,105.11,-0.00017740932993541908,0.104,2,NS
0901500011036,123.48,5.518453058741106e-05,0.116,1,NS
0901500011040,56.26,0.0013468734963982252,0.145,3,NS
0901500011055,105.35,0.00027331806096264253,0.174,3,NS
090150001106A,48.2,0.0016885873137616747,0.142,3,NS
0901500011074,26.15,-0.0017209485327573883,0.104,2,NS
0901500011089,68.36,-0.003823241479248228,0.059,2,NS
0901500011093,405.11,-0.0005516961066411787,0.113,4,NS
0901500011106,111.47,-8.764542311518527e-05,0.076,2,NS
0901500011110,78.01,-0.00010316933842360492,0.106,2,NS
0901500011125,37.51,-0.000989669733269089,0.108,2,NS
090150001113A,36.37,-0.0004423493198765823,0.117,2,NS
0901500011144,28.47,0.0027325153197712555,0.214,3,NS
0901500011159,40.16,0.002295586818478261,0.206,3,NS
0901500011163,59.54,0.0016706314457616762,0.176,3,NS
0901500011178,45.18,-0.002541675669664212,0.086,2,NS
0901500011182,48.33,-0.0010803264824014252,0.091,2,NS
0901500011197,138.47,0.0003482162578565543,0.088,1,NS
090150001120A,127.4,0.00016423235773908897,0.108,1,NS
0901500011214,109.02,7.227599455554757e-05,0.147,3,NS
0901500011229,236.9,-0.003462166933116988,0.209,4,NS
0901500011233,27.47,0.0021118832191736156,0.142,3,NS
0901500011248,23.06,0.0039058628768188276,0.426,3,NS
0901500011252,21.86,0.003809074752182488,0.343,3,NS
0901500011267,29.27,0.0029682072030054302,0.214,3,NS
0901500011271,106.36,0.0002711046844714549,0.201,3,NS
0901500011286,71.32,0.0013912064305151418,0.163,3,NS
0901500011290,23.69,0.0032095798735213956,0.248,3,NS
0901500011303,48.85,0.0013899004770890728,0.13,3,NS
0901500011318,58.03,0.0010829123125930336,0.114,3,NS
0901500011322,105.43,0.00018838398861637716,0.142,3,NS
0901500011337,88.97,0.00027712094540292115,0.119,3,NS
0901500011341,84.07,0.00022065198744040894,0.137,3,NS
0901500011356,77.67,0.0006134849988792919,0.153,3,NS
0901500011360,75.84,0.000987636896057686,0.132,3,NS
0901500011375,53.12,0.0011562724259156628,0.114,3,NS
090150001138A,97.6,4.8527608621662974e-05,0.099,3,NS
0901500011394,35.74,0.001799034369966543,0.124,3,NS
0901500011407,37.72,0.0023274624650971255,0.152,3,NS
0901500011411,93.7,0.0005498271091969534,0.172,3,NS
0901500011426,77.8,0.0008117966403631687,0.132,3,NS
0901500011430,95.85,0.0004197063189404712,0.121,3,NS
0901500011445,80.05,0.0004825931204349723,0.149,3,NS
090150001145A,42.78,0.0020673369236050548,0.169,3,NS
0901500011464,36.29,0.002304420333698886,0.175,3,NS
0901500011479,66.75,0.0003118489964321515,0.115,3,NS
0901500011483,19.51,0.0013731253907987696,0.121,3,NS
0901500011498,38.88,0.002503156214802835,0.23,3,NS
0901500011500,75.36,0.001222574512467157,0.183,3,NS
0901500011515,22.35,0.003013392546102948,0.165,3,NS
090150001152A,24.96,0.0037844874153925337,0.405,3,NS
0901500011534,472.39,-0.004024786314599119,0.14,4,NS
0901500011549,39.93,-0.003404265688201178,0.047,2,LH
0901600010016,9000.0,-0.36752171979234105,0.359,4,NS
0901600010020,25.35,-0.13078281271662542,0.012,2,LH
0901600010035,6000.0,-0.2672269081592932,0.429,4,NS
090160001004A,30.34,-0.04734142369872836,0.025,2,LH
0901600010054,75.78,-0.012935943240370337,0.039,2,LH
0901600010069,20.73,-0.008589164799100914,0.058,2,NS
0901600010073,41.63,-0.004708376717276208,0.066,2,NS
0901600010088,1550.56,-0.06222904013055779,0.456,4,NS
0901600010092,12.16,-0.06516999778121688,0.025,2,LH
0901600010105,19.11,-0.06076924826609546,0.025,2,LH
090160001011A,35.06,-0.05614196175498452,0.022,2,LH
0901600010124,24.74,-0.03467457432725681,0.032,2,LH
0901600010139,24.2,0.0033523371043865284,0.232,3,NS
0901600010143,26.97,0.003732991156889413,0.39,3,NS
0901600010158,60.3,0.002122584462481422,0.262,3,NS
0901600010162,32.42,0.0026862836412047935,0.155,3,NS
0901600010177,37.62,0.0030998301620287854,0.309,3,NS
0901600010181,22.93,0.0035965647515246195,0.294,3,NS
0901600010209,48.1,-0.0096641654019719,0.043,2,LH
0901600010213,26.91,-0.004498499008833043,0.082,2,NS
0901600010228,10500.0,0.5355105135748239,0.059,1,NS
0901600010232,821.43,0.3830103897823586,0.03,1,HH
0901600010247,20.26,0.00018965553825863712,0.13,3,NS
0901600010251,26.93,0.004217712448864105,0.135,3,NS
0901600010270,24.54,0.0038704212784720156,0.442,3,NS
0901600010285,24.59,0.0028392812651501843,0.156,3,NS
090160001029A,18.31,-0.008162709090373362,0.057,2,NS
0901600010317,4.59,-0.15109966275952808,0.015,2,LH
0901600010321,19.78,-0.07962843626360794,0.02,2,LH
0901600010336,20.91,-0.10236158359798736,0.018,2,LH
0901600010340,71.09,-0.00021070270298015063,0.118,2,NS
090160001036A,17.16,-7.44069941977232e-05,0.127,2,NS
0901600010374,17.05,0.004872029492333182,0.115,3,NS
0901600010389,14.6,0.004987938004975121,0.087,3,NS
0901600010393,20.43,0.004248418574531669,0.447,3,NS
0901600010410,66.67,-0.02092674059658598,0.025,2,LH
0901600010425,26.07,0.003112917697520258,0.18,3,NS
090160001043A,21.08,0.003039440013201542,0.155,3,NS
0901600010444,30.37,-0.001128877466969709,0.111,2,NS
0901600010459,25.1,0.002906389278907604,0.165,3,NS
0901600010463,23.3,0.004232313795498023,0.311,3,NS
0901600010478,25.42,-0.012662591871380155,0.04,2,LH
0901600010482,30.9,-0.00483334501518847,0.072,2,NS
0901600010497,23.38,0.0028475748885994083,0.185,3,NS
090160001050A,28.19,0.0027979721962611416,0.164,3,NS
0901600010514,363.04,0.10121924298324361,0.027,1,HH
0901600010533,5428.57,-0.025296326930418653,0.099,4,NS
0901600010548,35.95,-0.03277599628849599,0.026,2,LH
0901600010552,132.45,-0.0006345290029198459,0.19,4,NS
0901600010571,46.69,-0.005927930398805654,0.058,2,NS
0901600010586,1860.47,-0.051246846949227334,0.143,4,NS
0901600010590,163.68,-0.0018876909693287423,0.22,4,NS
0901600010603,74.86,0.0011092341661634744,0.209,3,NS
0901600010618,25.38,-0.04750991363605262,0.023,2,LH
0901600010622,34.1,-0.03328726862658461,0.026,2,LH
0901600010637,63.07,0.0009660957980634987,0.14,3,NS
0901600010641,69.32,0.0010571841080213912,0.144,3,NS
0901600010656,51.17,0.001321145898783871,0.163,3,NS
0901600010660,44.29,0.0013453648369856008,0.125,3,NS
0901600010675,58.96,0.000979554763396494,0.11,3,NS
090160001068A,140.58,0.0029384419755810963,0.055,1,NS
0901600010694,79.47,0.00057557294900668,0.079,3,NS
0901600010707,37.82,-0.01009574403810648,0.041,2,LH
0901600010711,67.18,-0.0005452536917400395,0.096,2,NS
0901600010730,29.91,0.0022999280170717617,0.195,3,NS
0901600010745,19.34,-0.007904293224592913,0.064,2,NS
090160001075A,108.27,-0.0002972335668061441,0.075,2,NS
0901600010764,71.63,0.0005460794390506073,0.09,3,NS
0901600010779,128.01,0.0004613240122585194,0.084,1,NS
0901600010783,33.35,-0.004380923264563707,0.074,2,NS
0901600010798,906.15,0.008730153367826636,0.127,1,NS
0901600010800,4.75,0.0009783510200180746,0.09,3,NS
0901600010815,10.48,0.004035779720241322,0.271,3,NS
090160001082A,11.75,0.005416414243793368,0.004,3,LL
0901600010834,91.89,0.0004463161742854627,0.114,3,NS
0901600010849,249.1,0.003645005243902801,0.102,1,NS
0901600010853,6.54,0.004613088174712356,0.322,3,NS
0901600010868,30.38,0.0030526300403699576,0.206,3,NS
0901600010872,56.49,0.001012266586046741,0.182,3,NS
0901600010887,189.19,0.0014449424118821318,0.046,1,HH
0901600010891,75.14,-0.002974083019270622,0.056,2,NS
0901600010904,11.73,0.004595407210128586,0.484,3,NS
0901600010919,47.09,0.002829128739317854,0.367,3,NS
0901600010923,38.13,0.003089038206602086,0.288,3,NS
0901600010942,44.08,0.002294976848734336,0.192,3,NS
0901600010957,120.48,-0.00023722620907840587,0.224,4,NS
0901600010961,28.51,0.000751191927356688,0.142,3,NS
0901600010976,192.31,0.010350569749803026,0.049,1,HH
0901600010980,21.12,-0.1294195613204885,0.012,2,LH
0901600010995,77.89,-0.03513720667931347,0.017,2,LH
090160001100A,1384.62,0.013222406936546123,0.049,1,HH
0901600011014,218.87,0.0838903240428799,0.02,1,HH
0901600011029,57.36,-0.0033412141090235687,0.067,2,NS
0901600011033,11.33,0.004613805041317085,0.466,3,NS
0901600011048,25.88,0.0039572790894709525,0.453,3,NS
0901600011052,42.45,0.003070347959901772,0.39,3,NS
0901600011067,15.65,-0.11210889426137823,0.012,2,LH
0901600011071,14000.0,-0.41229524139989066,0.191,4,NS
0901600011090,23.49,-0.12610680866894794,0.012,2,LH
0901600011103,27.41,0.002128520027647873,0.131,3,NS
0901600011118,22.79,0.0026620622084123358,0.159,3,NS
0901600011122,27.72,-0.0054560082009418994,0.066,2,NS
0901600011137,17.28,0.004228899005014205,0.398,3,NS
0901600011141,30.64,-0.003895952502725161,0.076,2,NS
0901600011156,41.15,0.002613810118891472,0.272,3,NS
0901600011160,28.41,-0.0028783027659291115,0.084,2,NS
0901600011175,104.77,0.00029137261601797125,0.165,3,NS
090160001118A,31.6,0.0023252083205840177,0.156,3,NS
0901600011194,115.33,-2.9989082862143894e-05,0.169,4,NS
0901600011207,19.11,0.0026281580471120745,0.139,3,NS
0901600011211,18.19,0.0031704137936081683,0.183,3,NS
0901600011226,29.25,0.0017780992724939465,0.181,3,NS
0901600011230,8.8,0.0050393988367381,0.336,3,NS
090160001125A,13.45,0.00491079677781216,0.224,3,NS
0901600011264,34.99,0.004093358249725207,0.006,3,LL
0901600011279,12.02,0.004528636785173577,0.426,3,NS
0901600011283,44.62,-0.06698518640310873,0.016,2,LH
0901600011298,12.19,0.004961371673345309,0.179,3,NS
0901600011300,16.4,0.0035843976443122446,0.301,3,NS
0901600011315,25.56,0.004393155788078215,0.188,3,NS
090160001132A,12.11,0.004864152834854747,0.243,3,NS
0901600011334,18.62,0.00449373766984727,0.382,3,NS
0901600011349,7.65,0.005048007658773771,0.252,3,NS
0901600011353,1.88,0.0010745111773353346,0.092,3,NS
0901600011368,2.64,0.001583591649013616,0.109,3,NS
0901700010013,20.19,0.004265491767002661,0.478,3,NS
0901700010028,17.92,0.004453381206372879,0.372,3,NS
0901700010032,21.89,0.004176618915674616,0.379,3,NS
0901700010047,36.36,0.003697497761610417,0.196,3,NS
0901700010051,20.35,0.004382516547899353,0.334,3,NS
0901700010066,17.81,0.00439503413561196,0.405,3,NS
0901700010070,24.84,0.004250541218145939,0.201,3,NS
0901700010085,21.63,0.004435553375211221,0.18,3,NS
090170001009A,16.0,0.004446163042885804,0.45,3,NS
0901700010102,23.8,0.004298810969195723,0.235,3,NS
0901700010117,18.46,0.004432312002969274,0.334,3,NS
0901700010121,24.54,0.0030798705800114744,0.224,3,NS
0901700010155,30.26,0.0038493542895283177,0.336,3,NS
090170001016A,25.18,0.004065044139041456,0.423,3,NS
0901700010174,16.55,0.0042788662387936525,0.383,3,NS
0901700010189,22.4,0.004112797553320513,0.434,3,NS
0901700010193,25.55,0.004234118711483512,0.223,3,NS
0901700010206,15.6,0.00470757487923219,0.265,3,NS
0901700010210,19.88,0.004217441393102828,0.439,3,NS
0901700010225,21.62,0.00408888209043049,0.466,3,NS
090170001023A,33.51,0.0036716278385706233,0.441,3,NS
0901700010244,26.44,0.0039175347588036,0.5,3,NS
0901700010259,30.08,0.0038586234788742933,0.433,3,NS
0901700010263,22.23,0.00417505189246281,0.473,3,NS
0901700010278,31.12,0.004039578124340602,0.233,3,NS
0901700010282,11.24,0.0047855560649143,0.351,3,NS
0901700010297,20.93,0.004338049926640536,0.352,3,NS
090170001030A,33.3,0.003761744747587938,0.354,3,NS
0901700010314,27.69,0.003810322187304107,0.457,3,NS
0901700010329,31.35,0.0037882979976650577,0.343,3,NS
0901700010333,19.85,0.0036043560203892814,0.231,3,NS
0901700010348,31.93,0.0027906780286356485,0.175,3,NS
0901700010352,85.88,0.000969258226319979,0.141,3,NS
0901700010367,25.43,0.0039055182485958125,0.484,3,NS
0901700010371,27.46,-0.01505741244268443,0.051,2,NS
0901700010386,14.52,0.004439864965660092,0.45,3,NS
0901700010390,28.31,0.003901168760162425,0.477,3,NS
0901700010403,35.0,-0.039703941912485864,0.024,2,LH
0901700010418,27.66,-0.017033725330348252,0.047,2,LH
0901700010422,22.52,0.004101084004606567,0.475,3,NS
0901700010437,23.56,0.0038118185670355962,0.337,3,NS
0901700010441,41.85,0.0033157294690673066,0.312,3,NS
0901700010456,22.39,0.004052060327027521,0.423,3,NS
0901700010460,21.65,0.0036601023812458866,0.292,3,NS
0901700010475,85.27,0.0011534566770200123,0.267,3,NS
090170001048A,27.4,-0.2710113974832391,0.002,2,LH
0901700010494,21.22,0.004053125207774616,0.396,3,NS
0901700010507,32.89,-0.4432311045189949,0.001,2,LH
0901700010511,4350.0,15.072622810944054,0.003,1,HH
0901700010526,16.39,-0.29434376209711577,0.001,2,LH
0901700010530,29.63,0.003874150649462669,0.438,3,NS
0901700010545,18.63,0.004265503236255309,0.445,3,NS
090170001055A,27.64,0.003797125223448545,0.475,3,NS
0901700010564,21.41,0.0036783382833234066,0.27,3,NS
0901700010579,60.29,-0.0018972021949777503,0.077,2,NS
0901700010583,33.3,-0.3547876691355463,0.001,2,LH
0901700010598,50000.0,12.927582174138927,0.033,1,HH
0901700010600,3.5,-0.6951680168741201,0.001,2,LH
0901700010615,41.38,-0.17895731935069548,0.001,2,LH
090170001062A,42.55,0.003212805657645455,0.477,3,NS
0901700010634,24.84,0.003774828598032457,0.428,3,NS
0901700010649,17.28,0.004217998875529682,0.434,3,NS
0901700010653,26.9,0.003916645771295605,0.485,3,NS
0901700010668,39.64,-0.004893790904532877,0.066,2,NS
0901700010672,23.58,0.003982726291298548,0.411,3,NS
0901700010687,904.89,-0.02668381074943486,0.2,4,NS
0901700010691,34.69,-0.017100910657719418,0.029,2,LH
0901700010704,1650.0,6.393078854940802,0.001,1,HH
0901700010719,50.73,-0.23765987113602785,0.001,2,LH
0901700010723,76.07,-0.15967930600294922,0.001,2,LH
0901700010738,41.62,-0.001957894037012023,0.079,2,NS
0901700010742,15.13,-0.00017104430142659538,0.124,2,NS
0901700010757,73.09,0.0019423513216139774,0.291,3,NS
0901700010761,27.21,0.003089717527790715,0.191,3,NS
0901700010776,23.69,0.003658625679044751,0.315,3,NS
0901700010780,28.02,-0.004175221965937199,0.075,2,NS
0901700010795,1114.43,-0.04196968418997261,0.394,4,NS
0901700010808,17.0,0.004802622964867948,0.274,3,NS
0901700010812,14.24,0.004831892707277683,0.219,3,NS
0901700010827,18.95,0.005037436149757859,0.005,3,LL
0901700010831,16.77,0.004682616274276094,0.384,3,NS
0901700010846,19.33,0.004650976602302307,0.199,3,NS
0901700010865,19.95,0.004670742016624918,0.043,3,LL
090170001087A,22.29,0.003703660078682268,0.229,3,NS
0901700010884,16.68,0.004232393081217871,0.468,3,NS
0901700010899,65.47,-0.0012101626238674964,0.084,2,NS
0901700010901,43.35,-0.008919795557084428,0.047,2,LH
0901700010916,43.48,-0.008868325249238744,0.047,2,LH
0901700010920,688.24,-0.0236975269762425,0.347,4,NS
0901700010935,8.55,-9.555061791753292e-05,0.121,2,NS
090170001094A,10.57,0.004277614000827166,0.363,3,NS
0901700010954,25.58,0.003252449663484583,0.206,3,NS
0901700010969,57.61,0.0021740553215836705,0.261,3,NS
0901700010973,43.17,0.002565781669465689,0.197,3,NS
0901700010988,13.2,0.004316528912415311,0.36,3,NS
0901700010992,36.27,0.0033585539688501817,0.406,3,NS
0901700011007,38.16,-0.0037666835164326816,0.073,2,NS
0901700011011,26.91,-0.00805055008416285,0.055,2,NS
0901700011026,21.62,0.004105899420754382,0.378,3,NS
0901700011030,68.43,0.0020312275868925498,0.472,3,NS
0901700011045,31.7,0.0035508200771645565,0.37,3,NS
090170001105A,21.87,0.003513063350146416,0.282,3,NS
0901700011064,44.65,-0.0005707003558851425,0.102,2,NS
0901700011079,34.88,-0.000553810425747344,0.105,2,NS
0901700011083,28.03,0.004184419060706835,0.195,3,NS
0901700011098,13.63,0.004537581391021357,0.473,3,NS
0901700011100,41.16,0.0029034621452259947,0.296,3,NS
0901700011115,99.26,0.0006026842351677747,0.295,3,NS
090170001112A,21.86,0.0031962904292074214,0.175,3,NS
0901700011134,38.32,0.0027763316288524163,0.214,3,NS
0901700011149,25.38,0.0032014810156856476,0.208,3,NS
0901700011153,39.55,-0.002736927577857297,0.081,2,NS
0901700011168,30.8,-0.0009453160159549986,0.115,2,NS
0901700011172,17.9,0.004269436787461789,0.375,3,NS
0901700011187,22.84,-0.0032156171229441636,0.081,2,NS
0901700011191,25.54,0.003677443851188425,0.261,3,NS
0901700011204,24.2,-0.00592047480907114,0.065,2,NS
0901700011219,43.82,0.0031297196678545833,0.405,3,NS
0901700011223,31.55,0.0034520179055480436,0.323,3,NS
0901700011238,26.69,0.00386802273660755,0.489,3,NS
0901700011242,42.12,0.003219267177339109,0.417,3,NS
0901700011257,22.84,0.0038991854796844023,0.318,3,NS
0901700011261,20.52,0.003896498065564932,0.297,3,NS
0901700011276,37.33,0.003216103270836314,0.301,3,NS
0901700011280,35.88,0.0032153124599446194,0.277,3,NS
0901700011295,25.25,0.003067873584172627,0.167,3,NS
0901700011308,48.01,0.0028648638021419683,0.413,3,NS
0901700011312,9.91,0.004481649920653923,0.429,3,NS
0901700011327,48.14,0.002903034012730372,0.442,3,NS
0901700011331,27.34,0.0034225124528136208,0.286,3,NS
0901700011346,38.46,0.0031724250479667417,0.371,3,NS
0901700011350,21.28,0.003941207384412953,0.379,3,NS
0901700011365,38.75,0.003395711925908888,0.463,3,NS
090170001137A,23.71,0.0034593094700898523,0.259,3,NS
0901700011384,27.71,0.00392979632864105,0.489,3,NS
0901700011399,29.95,0.003599016001496092,0.414,3,NS
0901700011401,32.47,0.0032560796679822123,0.244,3,NS
0901700011416,37.55,0.003088375300924604,0.371,3,NS
0901700011420,53.02,0.0026325043816382726,0.332,3,NS
090170001144A,7.25,0.0036335783190673465,0.16,3,NS
0901700011454,18.79,0.004064902143274606,0.318,3,NS
0901700011469,2.95,0.005808710281648222,0.011,3,LL
0901700011473,5.93,0.0058014503750565515,0.002,3,LL
0901700011488,11.12,0.005412855720906025,0.009,3,LL
0901700011492,16.67,0.00480716719631202,0.171,3,NS
0901700011505,0.0,0.005808632757197612,0.019,3,LL
090170001151A,4.45,0.005404291999070135,0.219,3,NS
0901700011524,37.02,0.004003126951660426,0.006,3,LL
